{"type": "FeatureCollection", "features": [{"type": "Feature", "properties": {"identifier": "00a73240-b8d0-4ed9-80af-87cc16f101ad", "name": "Caf\u00e9-Bar Bahnhof Unterwasser", "description": "Kaffee und Fr\u00fchst\u00fcck, heisse Sandwiches und erfrischende Cocktails: Die Caf\u00e9-Bar im neuen Bahnhof Unterwasser ist t\u00e4glich, freitags und samstags bis Mitternacht, ge\u00f6ffnet und bietet den perfekten Ort, um zusammen zu kommen.\n\nDie Caf\u00e9-Bar befindet sich im Bahnhof Unterwasser, entworfen von den Weltklasse Architekten Herzog & de Meuron, und bietet sowohl drinnen als auch draussen Pl\u00e4tze zum Verweilen. Die Caf\u00e9-Bar grenzt direkt an die Halle, in welcher die neue Standseilbahn in Unterwasser einf\u00e4hrt. Zus\u00e4tzlich lassen sich hier auch Spezialit\u00e4ten aus der Region finden und beispielsweise K\u00e4se als Mitbringsel mit nach Hause nehmen.", "url": "https://www.chaeserrugg.ch/de/cafe-bar-bahnhof-unterwasser", "image": "https://ttpimtsoch.sos-ch-dk-2.exoscale-cdn.com/catalog/2/c/3/a/2c3a7daf5503d6f1f5cb5dddf967ba9769009d99_web_241219_Bahnhof_Iltios_Selektion_8.jpg", "openstreetmap_id": "node/2305447464"}, "geometry": {"type": "Point", "coordinates": ["9.309121370315554", "47.194764931669525"]}}, {"type": "Feature", "properties": {"identifier": "00fe3962-9dfd-4bc7-acf4-20d33d7c0b85", "name": "Genossenschaft Stadtufer", "description": "Auf dem Areal befinden sich Werkst\u00e4tten, Ateliers, Musik- und Sportr\u00e4ume mit attraktiven Angeboten. Das Herzst\u00fcck des Geb\u00e4udes bildet das \u201eFoyer\u201c mit einem Veranstaltungsraum f\u00fcr bis zu 200 Personen. Zuk\u00fcnftig entsteht hier Wohnraum f\u00fcr eine diverse Mieterschaft. \n\nHier am Ufer der Thur wurde in diesem Geb\u00e4ude die erste mechanische Spinnerei des Toggenburgs gegr\u00fcndet. Der Kopfbau der Fabrik wurde 1819 erbaut und gilt als sch\u00fctzenswertes Kulturobjekt. 1863 wurde dieser Teil erstmals erweitert. 1955 entstand der heutige Mittel- und Nordbau. In den besten Zeiten der Textilfabrik arbeiteten hier 320 Menschen.\n\n2017 schloss die Fein-Elast Grabher AG in Lichtensteig ihre Tore. Die Gemeinde und der Kanton unterst\u00fctzten daraufhin die partizipative Entwicklung einer nachhaltigen L\u00f6sung. Aus diesem Prozess entstand die Genossenschaft Stadtufer. Zusammen mit vielen \u00f6ffentlichen und privaten Unterst\u00fctzer*innen konnte die Genossenschaft die Fabrik im Januar 2021 kaufen. Die Stiftung Edith Maryon, deren Ziel es ist, Bodenspekulation zu verhindern, \u00fcbergab der Genossenschaft das Baurecht f\u00fcr 90 Jahre.", "url": "https://www.stadtufer.ch/", "image": "https://ttpimtsoch.sos-ch-dk-2.exoscale-cdn.com/catalog/8/4/e/6/84e67f8950fbedf53036b320dc0612b6a6561b95_DJI_0371_Pano.jpg", "openstreetmap_id": "way/380594864"}, "geometry": {"type": "Point", "coordinates": ["9.085101", "47.323253"]}}, {"type": "Feature", "properties": {"identifier": "0123985d-c254-4481-a7fb-0cc5659be44f", "name": "Ch\u00e4\u00e4sWelt Toggenburg", "description": "Mit \u00fcber 200 verschiedenen K\u00e4sesorten ist das Toggenburg die vielf\u00e4ltigste K\u00e4seregion im Alpenraum. Die Ch\u00e4\u00e4sWelt Toggenburg macht diese Vielfalt mit verschiedenen kulinarischen Angeboten erlebbar. \n\nOb auf dem FoodTrail - der genussvollen Schnitzeljagd, bei einer K\u00e4sereif\u00fchrung, einem Wurstkurs oder einem Backkurs in der Backstube oder einer K\u00e4sedegustation mit K\u00e4sesommelier - die kulinarische Vielfalt ist vielseitig erlebbar. Im 24-Stunden-Shop in Lichtensteig k\u00f6nnen Sie rund um die Uhr typische Toggenburger Kulinarik einkaufen.\n\nBuchen Sie jetzt Ihr genussvolles Erlebnis im Toggenburg.", "url": "https://chaeswelt.ch/de/", "image": "https://ttpimtsoch.sos-ch-dk-2.exoscale-cdn.com/catalog/7/b/a/5/7ba5d2c695578a3660eb2029b81756b5c3cb2319_Bild_Entdeckungsreise.jpg", "openstreetmap_id": "node/823332154"}, "geometry": {"type": "Point", "coordinates": ["9.08787", "47.32408"]}}, {"type": "Feature", "properties": {"identifier": "013a7b90-4749-42c2-84e1-61989352fa03", "name": "Sessel-/Gondelbahn Alt St. Johann \u2013 Sellamatt", "description": "<p>Mit der Kuppelbare Umlaufbahn mit 4er Sesseln und 4er Gondeln gelangen Sie auf die Alp Sellamatt, welche Ausganspunkt f&uuml;r den Klangweg und den Toggenburger Sagenweg ist. Die Alp Sellamatt bietet einen herrlichem Panoramablick auf Churfirsten, S&auml;ntis und Alpstein.</p><p>&nbsp;</p><p>Auskunft zur Zug&auml;nglichkeit:&nbsp;<a href=\"https://www.ginto.guide/entries/203dddcc-16b3-45ff-9f0a-111371092156?lnk_src=business\" target=\"_blank\" rel=\"noopener\">ginto</a></p>", "url": "https://www.chaeserrugg.ch/de", "image": "https://ttpimtsoch.sos-ch-dk-2.exoscale-cdn.com/catalog/9/4/4/c/944cb8530c2f0df72b2d967e9e5c7af3649b4720__I6A6188.jpg", "openstreetmap_id": "node/177950741"}, "geometry": {"type": "Point", "coordinates": ["9.287152", "47.193229"]}}, {"type": "Feature", "properties": {"identifier": "0417e454-794c-42ef-954e-7e65b4efa2bd", "name": "Alpk\u00e4serei Gampl\u00fct", "description": "Mit viel Liebe und handwerklichem K\u00f6nnen stellen wir Alpk\u00e4se in unserer eigenen K\u00e4serei her.", "url": "https://alpkaeserei-gampluet.ch", "image": "https://ttpimtsoch.sos-ch-dk-2.exoscale-cdn.com/catalog/c/a/5/d/ca5dba0c5dc6a7b58c910a95bb257f5d1bd7a395_AKGT_Outdoor_DSC07183_web.jpg", "openstreetmap_id": "node/12244544768"}, "geometry": {"type": "Point", "coordinates": ["9.344427287578585", "47.21196041275878"]}}, {"type": "Feature", "properties": {"identifier": "04ba3f8e-37ee-468c-b0eb-42feb4a404cf", "name": "Neststube", "description": "<div><p>Am Freitag, 1. Mai, hat im Bergnest Wildhaus an der Hauptstrasse 99 die Neststube er&ouml;ffnet &ndash; ein kleines, gem&uuml;tliches Bistro f&uuml;r Hausg&auml;ste sowie f&uuml;r Einheimische und Besucher aus der Region.</p><p>Die Neststube steht f&uuml;r Einfachheit, Herzlichkeit und eine entspannte Atmosph&auml;re. Angeboten werden Kaffeespezialit&auml;ten, Getr&auml;nke, s&uuml;sse Backwaren, Patisserie sowie kleine Snacks (hausgemachte Flammkuchen und Hot Panini). Zudem wartet eine Glacetruhe mit mindestens 14 Sorten im Offenverkauf.</p><p>Besonders am Nachmittag und zum Feierabend l&auml;dt das Bistro zum Verweilen bei Kaffee, Ap&eacute;ro oder Feierabendbier ein. Die Gastgeber starten bewusst mit einem &uuml;berschaubaren Angebot, das Schritt f&uuml;r Schritt weiter ausgebaut wird.</p><p>Mit der Neststube entsteht ein neuer Treffpunkt im Dorf &ndash; offen f&uuml;r alle, unkompliziert und mit viel Herz gef&uuml;hrt.</p></div>", "url": "https://www.bergnest-wildhaus.ch", "image": "https://ttpimtsoch.sos-ch-dk-2.exoscale-cdn.com/catalog/a/a/e/1/aae1cbd7e733910af46f980c0ea913d423c21188_tempImagewvim3N.jpg", "openstreetmap_id": "way/223856388"}, "geometry": {"type": "Point", "coordinates": ["9.3411086", "47.2018357"]}}, {"type": "Feature", "properties": {"identifier": "04f3e90b-821c-476c-bfbe-70c67a67ec62", "name": "Hotel Swiss Views", "description": "Die neu definierte Gastfreundschaft, Spass und Abenteuer und die Spezialit\u00e4tenk\u00fcche kombiniert mit Getr\u00e4nken sind die besten Schweizer Aussichten, die Sie nirgendwo anders erleben k\u00f6nnen.\n\nSwiss Views bietet eine un\u00fcbertroffene Komfortzone mit allen erforderlichen Annehmlichkeiten, um Ihren Aufenthalt angenehm und unvergesslich zu machen.\n\nIn unserem Hotel finden Sie einen elegant eingerichteten Speisesaal, der bis zu 70 G\u00e4sten Platz bietet und mit einem beruhigenden Ambiente und einem malerischen Blick nach draussen besticht. Unsere Auswahl an exotischen indischen und europ\u00e4ischen Gerichten l\u00e4sst Ihren Gaumen eine ganz neue Geschmackswelt erleben. F\u00fcr ausgew\u00e4hlte Anl\u00e4sse steht auch ein Essbereich im Garten zur Verf\u00fcgung.\n\nBei uns finden Sie verschiedene \u00dcbernachtungsm\u00f6glichkeiten. \u00dcber eine Wohnung, ein Deluxe-Doppelzimmer, Doppelzimmer und Einzelzimmer. Mit eigener Dusche oder einem Gemeinschaftsbad.\n\nIn unserem Seminarraum S\u00e4ntis k\u00f6nnen Sie Ihren Geburtstag, Ihr Firmenmeeting oder Ihr Seminar abhalten. \n\nWir freuen uns \u00fcber Ihren Besuch. ", "url": "https://www.swiss-views.ch", "image": "https://ttpimtsoch.sos-ch-dk-2.exoscale-cdn.com/catalog/b/5/4/f/b54f09435710f374a5c055aa00e03a0eb6fc4773_Aussenansicht_2.jpg", "openstreetmap_id": "way/177884931"}, "geometry": {"type": "Point", "coordinates": ["9.17594425957066", "47.30147445"]}}, {"type": "Feature", "properties": {"identifier": "08241695-18a0-489f-9f9f-a0a4a52df766", "name": "Minigolf Wattwil", "description": "Die Minigolfanlage Wattwil direkt zwischen Sportanlage Rietwis und Schwimmbad bietet Freizeitspass f\u00fcr Gross und Klein. Und seit diesem Jahr pr\u00e4sentiert sie sich im komplett neuen Kleid.\nDie Minigolfanlage umfasst 18 Bahnen (betoniert, System Bogoni) und ist turniertauglich. Schl\u00e4ger und B\u00e4lle werden an der Kasse abgegeben. Ein Schl\u00e4ger berechtigt zu einem Parcoursrundgang. Weitere Rundg\u00e4nge m\u00fcssen bei der Kasse gel\u00f6st werden.\n\nAuch f\u00fcr Behinderte geeignet, verf\u00fcgt allerdings \u00fcber keine Behinderten-Toilette.", "url": "https://frezeit-wattwil.ch", "image": "https://ttpimtsoch.sos-ch-dk-2.exoscale-cdn.com/catalog/7/c/9/a/7c9a403b8d97540f117661269c1322f79ad9f600_IMG_20220602_WA0019.jpg", "openstreetmap_id": "node/1043468561"}, "geometry": {"type": "Point", "coordinates": ["9.0925", "47.29442"]}}, {"type": "Feature", "properties": {"identifier": "0b871e64-ea28-4ed3-950d-752a56ed1d38", "name": "Architektur-F\u00fchrungen durch das Klanghaus & Resonanzzentrum Peter Roth", "description": "<p>Die F&uuml;hrung beginnt im Resonanzzentrum Peter Roth, einem Bauwerk, das mit klaren Formen, offener Holzkonstruktion und pr&auml;zise geplanten R&auml;umen die Verbindung von Architektur und Raumresonanz eindr&uuml;cklich sichtbar macht. Anschliessend betreten wir das Klanghaus, ein begehbares Instrument, dessen architektonische Gestaltung und strukturelle Details &ndash; inklusive individuell einstellbarer Klanginstallationen in den Doppelw&auml;nden &ndash; Raum, Proportion und Material in ein einzigartiges Erlebnis von Volumen und Atmosph&auml;re verwandeln. - Einf&uuml;hrung in die architektonische Vision der beiden H&auml;user - Erkundung des Resonanzzentrums &ndash; Raum, Resonanz und Architektur - Wechsel zum Klanghaus &ndash; ein begehbares Instrument - Besondere architektonische Details und deren Wirkung erleben.</p>", "url": "https://klangwelt.ch", "image": "https://ttpimtsoch.sos-ch-dk-2.exoscale-cdn.com/catalog/b/1/c/7/b1c7d90169cad08e44bfd70ab0a2f1c88c9fee94_sh_klanghaus_25_87920_web__4.jpg"}, "geometry": {"type": "Point", "coordinates": ["9.32976370061891", "47.19040528975832"]}}, {"type": "Feature", "properties": {"identifier": "0bd34929-5259-4058-9e55-e8c57f44dc34", "name": "Dorftreff Dicken", "description": "Das ehemalige Schulhaus Dicken wird von Vereinen und Einzelpersonen rege genutzt. Es ist als Treffpunkt f\u00fcr Jung und Alt im Dorfleben nicht mehr wegzudenken.\n\nDie Dickler Vereine beleben den Dorftreff Dicken. Ob Bundesfeier,\nChilbi, Gugge-Maskenball, Auff\u00fchrungen anl\u00e4sslich verschiedener\nUnterhaltungen oder als Lokalit\u00e4t f\u00fcr private Feierlichkeiten \u2013 alle\nw\u00e4hlen den Dorftreff Dicken als Ort ihrer Veranstaltung.\nUnsere Genossenschaft \u00fcbernimmt die Liegenschaft und betreibt sie\nals Dorftreff Dicken.\n\nAuf der Aussenanlage wartet f\u00fcr die Kinder der im 2022 neu erstellte Spielplatz. \n\nWir freuen uns, wenn Ihr Anlass bei uns im Dorftreff Dicken stattfindet. ", "url": "https://www.dorftreffdicken.ch", "image": "https://ttpimtsoch.sos-ch-dk-2.exoscale-cdn.com/catalog/c/2/7/d/c27d4d69859acbd76c0017613671eaabae194f4e_DSC_0026.JPG", "openstreetmap_id": "way/176365516"}, "geometry": {"type": "Point", "coordinates": ["9.193758472867989", "47.33786574818278"]}}, {"type": "Feature", "properties": {"identifier": "0d800862-8200-40dc-b1e4-6b442b38785c", "name": "Toggenburger Brothandwerk Neu St. Johann", "description": "Das Toggenburger Brothanderk bietet neben den Klassischen Broten wie Ruchbrot mit Bergweizenmehl oder Roggenbrote auch ein Sommerzeit und ein Winterzeit Sortiment an.\nDa ist bestimmt f\u00fcr jeden etwas dabei. Gerne darf man vor Ort Degustieren.\n\nButtergipfel, Kernenbr\u00f6tchen, Frische Sandwiches und Hauseigene Spezialit\u00e4ten sind nat\u00fcrlich auch vorhanden.", "url": "https://www.brothandwerk.ch", "image": "https://ttpimtsoch.sos-ch-dk-2.exoscale-cdn.com/catalog/3/2/9/d/329d67df99d284e218ee0bcda5c0fcd03978cc30_qms3inn3.jpeg", "openstreetmap_id": "node/32513226"}, "geometry": {"type": "Point", "coordinates": ["9.194065332412722", "47.230048788893384"]}}, {"type": "Feature", "properties": {"identifier": "0d93e052-2a03-4bac-bfa0-efe110d6f5e6", "name": "Grillplatz Rossegg", "image": "https://ttpimtsoch.sos-ch-dk-2.exoscale-cdn.com/catalog/7/1/8/b/718b7a8fb2edfd670800f3d71fed88bac0ee7580_IMG_3383.jpeg", "openstreetmap_id": "node/4560202101"}, "geometry": {"type": "Point", "coordinates": ["9.3408195", "47.2126822"]}}, {"type": "Feature", "properties": {"identifier": "130a2eed-c701-4e31-89da-0f09dcb9e746", "name": "Bed and Breakfast Winzenberg", "description": "Das Haus ist f\u00fcr Familien mit Kindern genauso geeignet wie f\u00fcr jemanden, der etwas Ruhe und ein spezielles Ambiente sucht.\n\nSchnell ist man auf dem Winzenberg (von Z\u00fcrich ca. 45 Min, von St. Gallen ca. 30 Min) und doch f\u00fchlt man sich hier in einer anderen Welt\u2026\nIn authentischer landwirtschaftlicher Umgebung, nahe der wilden Flusslandschaften der Necker und der Thur, in denen man wunderbar baden kann, finden Sie hier viel Weitsicht. Ganz gleich, ob Sie zu Fuss oder mit dem Velo unterwegs sind (das Haus liegt an der E-Bike Herzroute und an einer sehr beliebten Velo- und T\u00f6ff-Panoramaroute).\n\nDie Wege und Pfade in der Umgebung sind noch nicht ganz so ausgetreten und die nahen Fl\u00fcsse und Wasserf\u00e4lle wildromantisch und sch\u00f6n. Die unz\u00e4hligen Wanderwege f\u00fchren Sie an viele vertr\u00e4umte Orte, zu alten Ruinen und kleinen Beizen und sind auch im Winter, mit oder ohne Schneeschuhe, immer eine Reise wert!\n\nIm Winter lockt eine vertr\u00e4umte unverdorbene Schneelandschaft, oft mit Sicht auf das Nebelmeer. Schlittelwege (K\u00f6belisberg, Hemberg) und viele einfache Skilifte (G\u00e4hwil, Mosnang, Oberhelfentschwil) finden Sie in der N\u00e4he.", "url": "https://bnbwinzenberg.ch/", "image": "https://ttpimtsoch.sos-ch-dk-2.exoscale-cdn.com/catalog/8/e/1/7/8e1791bce7b4d6189b613218b3a753e6688ba49f_airbnb_sara_9496.jpg", "openstreetmap_id": "node/7856028845"}, "geometry": {"type": "Point", "coordinates": ["9.1178562", "47.3949482"]}}, {"type": "Feature", "properties": {"identifier": "1329ad00-ca3a-49b4-b1cc-4a03a98e9549", "name": "Prosterei - Event- und Degustationsraum", "description": "Die Prosterei ist ein Ort f\u00fcr genussvolle Entschleunigung, gesellige Begegnung und k\u00f6stliche Erlebnisse im St\u00e4dtli Lichtensteig.\n\nAnnen Wein und der Mini.Bierladen sind eure Gastgeberinnen Wein und Bier auf Augenh\u00f6he in herzlicher Kooperation.\n\nDie Prosterei ist f\u00fcr gemeinsame Degustationen, private Ap\u00e9ros & Anl\u00e4sse sowie \u00f6ffentliche Events f\u00fcr euch und eure Lieben gedacht.", "url": "https://www.minibierladen.ch", "image": "https://ttpimtsoch.sos-ch-dk-2.exoscale-cdn.com/catalog/4/2/4/5/424564c7979034e26dda51190294f5386651383a_Feed_Prosterei_dein_Ap__ro.png", "openstreetmap_id": "way/387148900"}, "geometry": {"type": "Point", "coordinates": ["9.08725", "47.3228052"]}}, {"type": "Feature", "properties": {"identifier": "145d3464-5585-4a04-af43-90e9944f3378", "name": "Circularity Trail Lichtensteig", "description": "<p><span style=\"background-color: rgb(255, 255, 255); color: rgb(54, 54, 54);\">Der Circularity Trail m\u00f6chte dazu inspirieren, wieder mehr in Einklang mit der Natur zu leben und das eigene Leben kreislaufbasierter auszurichten. Alles zu ihrer Zeit. Denn jede Zeit hat ihren ganz besonderen Wert, ihre eigene Kraft.</span></p><p></p><p><span style=\"background-color: rgb(255, 255, 255); color: rgb(54, 54, 54);\">Die verschiedenen Stationen des Trails sind im Stadtgebiet Lichtensteig verteilt. An den jeweiligen Orten findest du jeweils ein T\u00e4felchen mit QR-Code, welches den entsprechenden Audiofile f\u00fcr dich bereith\u00e4lt. Die Standorte kn\u00fcpfen dabei an bestehende Orte und\u00a0Projekte im Kontext von Mini.Stadt Lichtensteig an und sind thematisch darauf abgestimmt. </span></p><p></p><p><span style=\"background-color: rgb(255, 255, 255); color: rgb(54, 54, 54);\">Die einzelnen Audiofiles bieten unterschiedliche Zug\u00e4nge zu Circularity &amp; Kreislaufprinzip und zeichnen in ihrer Gesamtheit ein perspektivenreiches Bild zum Themenbereich Circular Society/Living.</span></p><p></p><p>Weitere Informationen zum Circularity Trail gibt es <a href=\"https://www.lichtensteig.ch/circularitytrail\" rel=\"noopener noreferrer\" target=\"_blank\">hier</a>. </p><p></p><p></p>", "url": "https://www.lichtensteig.ch/circularitytrail", "image": "https://ttpimtsoch.sos-ch-dk-2.exoscale-cdn.com/catalog/a/0/7/f/a07f13a072d614a7dcf6e1175c834184c62e6443_circularity_trail.webp", "openstreetmap_id": "undefined/undefined"}, "geometry": {"type": "Point", "coordinates": ["9.087045192718508", "47.32369757432914"]}}, {"type": "Feature", "properties": {"identifier": "14eedca0-71cd-4dbb-b0a9-b75a314cd9d4", "name": "Kreative Tee- und Kaffeestube Tee&Mee", "description": "In stilvollem Ambiente k\u00f6nnen Sie bei uns im Toggenburg den &quot;Afternoon Tee&quot; geniessen. Leckeres Geb\u00e4ck wie Cupcakes, Brownies, Cookies und mehr erwartet Sie bei Tee&amp;Mee. \nSuchen Sie Ruhe oder eine kleine Auszeit in kreativer Umgebung, dann sind sie bei uns gut aufgehoben.", "url": "https://teeundmee.ch", "image": "https://ttpimtsoch.sos-ch-dk-2.exoscale-cdn.com/catalog/3/b/9/6/3b96b230dacb5ed11ede7aca95b64cf809a8a16b_IMG_2975__2.jpeg", "openstreetmap_id": "way/398479362"}, "geometry": {"type": "Point", "coordinates": ["9.073756600000001", "47.361558349999996"]}}, {"type": "Feature", "properties": {"identifier": "150c658f-eea7-41fc-8da0-3ddf3c7905a4", "name": "Markthalle Toggenburg", "description": "In der Markthalle Toggenburg in Wattwil findet eine Vielzahl von verschiedenen Anl\u00e4sse statt \u2013 von w\u00f6chentlichen Viehm\u00e4rkten, Auktionen und Viehausstellungen \u00fcber Gewerbeausstellungen und grosse Generalversammlungen, bis zu Party- und Sportanl\u00e4ssen, Auto-Treffen und vieles mehr. \n\nDie Markthalle bietet eine grossz\u00fcgige Halle (25 x 45 m), ein Restaurant, eine Trib\u00fcne, eine moderne K\u00fcche und B\u00fcro-R\u00e4umlichkeiten. \n\nKapazit\u00e4t: bis 2000 Personen\n", "url": "https://www.markthalle-toggenburg.ch/", "image": "https://ttpimtsoch.sos-ch-dk-2.exoscale-cdn.com/catalog/1/b/4/5/1b4575b7c190da37bddc86f6cfbcb369e1c0b92e_markthalle_toggenburg_in_wattwil_04__2_.jpg", "openstreetmap_id": "1683962"}, "geometry": {"type": "Point", "coordinates": ["9.090671539306642", "47.29346425022494"]}}, {"type": "Feature", "properties": {"identifier": "1579bd33-9490-4625-bc5d-b2b8d3234158", "name": "Stall Morgenstern", "description": "Unser Stall bietet verschiedene Aktivit\u00e4ten rund ums Pferd an. Wanderungen mit unseren gut ausgebildeten Ponys f\u00fcr Erwachsene und Kinder. Ausritte und Bodenarbeit sowie individuelle Angebote f\u00fcr Kinder. Neu ab Februar 2026: Mondschein- und Vollmondwanderungen mit unseren Ponys mit Zwischenverpflegung.", "url": "https://www.stall-morgenstern.ch", "image": "https://ttpimtsoch.sos-ch-dk-2.exoscale-cdn.com/catalog/d/b/1/a/db1aa475a9153687c513b17edf455c3ac221958c_a4b2054f_509a_4231_b1e7_d5af9680bec2__2.jpg", "openstreetmap_id": "node/2814685805"}, "geometry": {"type": "Point", "coordinates": ["9.203985214135175", "47.20683978288342"]}}, {"type": "Feature", "properties": {"identifier": "16186546-1a48-41cc-836d-bd2c1ab74a42", "name": "24 Stunden Shop Ch\u00e4\u00e4sWelt", "url": "https://chaeswelt.ch/de/", "image": "https://ttpimtsoch.sos-ch-dk-2.exoscale-cdn.com/catalog/1/5/e/2/15e2490c7e14111ed46a48d41199a8ca9603fa0d_IMG_20231022_164957.jpg", "openstreetmap_id": "node/8012759883"}, "geometry": {"type": "Point", "coordinates": ["9.0874804", "47.3238851"]}}, {"type": "Feature", "properties": {"identifier": "1762df3a-7875-415c-b97d-45f071eb45dc", "name": "T\u00f6shof", "description": "Der T\u00f6shof befindet sich an der Siggetschwilstrasse in Brunnadern unweit von Dorf und Bahnhof.\nAuf unserem Hof leben zurzeit 50 Freilandh\u00fchner, zw\u00f6lf Capra Grigia Ziegen, zwei Katzen und neun Islandpferde. \n In unserem kleinen Hofl\u00e4deli finden Sie fast alles, was das Herz begehrt; Teigwaren, Konfit\u00fcren, Curry Zucchetti, eingemachte Randen, Meringues, Bretzeli, verschiedene Sirup und T\u00f6shof Glace in vielen Variationen. Das Hofl\u00e4deli versteckt sich hinter zwei Kellerfenstern. Bedienen Sie sich w\u00e4hrend 24 Stunden an sieben Tagen mit Bezahlung Bar oder auch per Twint. \nBeim Glacek\u00fchler steht f\u00fcr Sie eine Sitzgelegenheit zu Verf\u00fcgung. Nehmen Sie Platz und geniessen Sie eine kleine Auszeit. \nAuf Bestellung stellen wir Ihnen auch gerne verschiedene Geschenktaschen und -K\u00f6rbe zusammen. Sie bestimmen den Inhalt und den Preis.", "url": "https://www.toeshof.ch/", "image": "https://ttpimtsoch.sos-ch-dk-2.exoscale-cdn.com/catalog/2/d/9/7/2d97b95e7d9ae913efbbe8d305df762c4f050b21_0001_.jpg", "openstreetmap_id": "way/177906381"}, "geometry": {"type": "Point", "coordinates": ["9.133469136184416", "47.33545785"]}}, {"type": "Feature", "properties": {"identifier": "19281858-3712-4f9e-bb46-41bda6ccba39", "name": "Hotel Wolfensberg", "description": "Der Wolfensberg, auf 900 Metern gelegen, bietet die fantastische Kulisse f\u00fcr das Hotel, das von einer eigenen Parkanlage mit Biotop umgeben ist und rundum eine grossartige Aussicht in die voralpine Landschaft bietet. Es ist der idyllische Ausgangspunkt f\u00fcr lauschige Spazierg\u00e4nge in den umliegenden W\u00e4ldern, Wanderungen und Ausfl\u00fcge. Beispielsweise ins nahe gelegene St.Gallen, dessen Klosterviertel unter UNESCO-Schutz steht, oder ins Appenzellerland mit seinem einzigartigen Alpsteinmassiv.\n\nInfrastruktur f\u00fcr Zweir\u00e4der\n- Abschliessbare Garage\n- Stromanschluss direkt in der Garage\n- Werkinstrumente", "url": "http://www.wolfensberg.ch/", "image": "https://ttpimtsoch.sos-ch-dk-2.exoscale-cdn.com/catalog/6/0/7/5/6075eaa3bc07b0e9647eea66ad9d76c378a783dd_DSC_5792__3.jpg", "openstreetmap_id": "4616593943"}, "geometry": {"type": "Point", "coordinates": ["9.18335795402527", "47.37211901527186"]}}, {"type": "Feature", "properties": {"identifier": "1981eb84-086c-40df-855f-5eeec8f31f8e", "name": "Johanneum", "description": "Wir vermieten R\u00e4ume im ehemaligen Kloster Neu St. Johann und in unseren Nebengeb\u00e4uden f\u00fcr Seminare, Familienfeste oder sonstige Veranstaltungen. Unser Raumangebot bietet Platz f\u00fcr \u00f6ffentliche und private Anl\u00e4sse. F\u00fcr Ihren Anlass haben wir den idealen Raum. Alle R\u00e4ume k\u00f6nnen nach Ihren Bed\u00fcrfnissen bestuhlt und ausgestattet werden. Auch f\u00fcr das leibliche Wohl sorgen wir. Das Catering (Verpflegung und Getr\u00e4nke) \u00fcbernimmt gerne ganz nach ihrem Gusto unsere Gastronomie.\n\nKapazit\u00e4ten:\n\u00c4btestube: 40 Personen\nSitzungszimmer Klostergeb\u00e4ude: 20 Personen\nSpeisesaal: 50 Personen\nMehrzweckraum: 120 Personen\nSitzungszimmer Auhof: 35 Personen\nInnenhof Klostergeb\u00e4ude: 150 Personen\nInseli in der Thur: 200 Personen", "url": "https://www.johanneum.ch/", "image": "https://ttpimtsoch.sos-ch-dk-2.exoscale-cdn.com/catalog/d/0/1/7/d0171f5e180a59f9251fbc5a54e771447342cd75_johanneum_2988.jpg", "openstreetmap_id": "way/220775588"}, "geometry": {"type": "Point", "coordinates": ["9.192810058593752", "47.22916401695772"]}}, {"type": "Feature", "properties": {"identifier": "19b70bef-3933-467c-be55-6b90e403a666", "name": "K\u00e4gi Gl\u00fccksshop in Lichtensteig", "description": "Unser Gl\u00fccksshop ist auch ein Paradies f\u00fcr Entdecker: Informative Videos zeigen dir einen Blick hinter die Kulissen der K\u00e4gi Manufaktur. In unserer kreativen Ecke gestaltest du an iPads deine eigene K\u00e4gi fret Verpackung \u2013 und druckst alles direkt vor Ort aus.\n\nUnsere Kaffeebar l\u00e4dt zu einer kleinen Entspannungspause ein. Bei einem Heissgetr\u00e4nk und einem unserer Spezialit\u00e4ten l\u00e4sst sich ganz in Ruhe die gl\u00fcckliche Atmosph\u00e4re geniessen.", "url": "https://www.kaegi.com/fabrikladen", "image": "https://ttpimtsoch.sos-ch-dk-2.exoscale-cdn.com/catalog/e/8/7/4/e874ad56264aaca7086ab82c431ca01ddb9300d7_DSC08502.JPG", "openstreetmap_id": "way/380584407"}, "geometry": {"type": "Point", "coordinates": ["9.085215290277034", "47.33037365"]}}, {"type": "Feature", "properties": {"identifier": "19d289f1-4b2e-4fcb-8e12-07d9cf329cf2", "name": "Grillplatz S\u00e4ntisw\u00e4ldli", "description": "Der Grillplatz S\u00e4ntisw\u00e4ldli befindet sich in Unterwasser direkt am Anfang der Schwendistrasse gegen\u00fcber der Berg und Bett S\u00e4ntis Lodge. Die Feuerstelle im kleinen lichten W\u00e4ldchen verf\u00fcgt \u00fcber einen rechteckigen Rost, der in der H\u00f6he verstellbar ist, einem Holzvorrat und Sitzgelegenheiten auf drei Holzb\u00e4nken. Dank des neu erbauten Spielplatzes k\u00f6nnen sich die Kinder im kleinen Seilgarten oder auf der Wippe vergn\u00fcgen, w\u00e4hrend die Erwachsenen dem fr\u00f6hlichen Lachen oder der vorbeipl\u00e4tschernden Thur zuh\u00f6ren. Ausserdem steht auch das \"Mitfahrb\u00e4nkli\" gleich nebenan, wo Sie sich hinsetzen k\u00f6nnen und warten, bis das n\u00e4chste vorbeifahrende Auto Sie zu den Schwendiseen mitnimmt.\nKinderwagentauglich: ja, Holz: ja, Trinkwasser: nein, WC: nein, Kapazit\u00e4t: ca. 12", "image": "https://ttpimtsoch.sos-ch-dk-2.exoscale-cdn.com/catalog/1/b/0/9/1b0951175d2b297cdbb36a87623b5dda1623445a_IMG_1262.jpg", "openstreetmap_id": "node/7368942740"}, "geometry": {"type": "Point", "coordinates": ["9.31269943714142", "47.19602178175681"]}}, {"type": "Feature", "properties": {"identifier": "19efbcf1-f647-4c85-a61b-78084d3f7c02", "name": "Toggenburgshop Wattwil", "description": "Der Toggenburgshop ist dein Selbstbedienungsladen in Neu St. Johann, Ebnat-Kappel und Wattwil. Die L\u00e4den stehen dir w\u00e4hrend 24 Stunden am Tag zur Verf\u00fcgung. Du erh\u00e4ltst im Toggenburgshop viele Produkte f\u00fcr deinen t\u00e4glichen Bedarf \u2013 nat\u00fcrlich m\u00f6glichst aus dem Toggenburg.", "url": "https://www.toggenburgshop.ch/", "image": "https://ttpimtsoch.sos-ch-dk-2.exoscale-cdn.com/catalog/6/9/9/9/69999b3dd605ff75fa9e58faeeb29a454d281ec4_Toggenburgshop_in_Wattwil__3_.jpg", "openstreetmap_id": "node/9007646447"}, "geometry": {"type": "Point", "coordinates": ["9.0881377", "47.2977403"]}}, {"type": "Feature", "properties": {"identifier": "1b854f64-ef00-4655-9651-2bb7b442775d", "name": "Line Dance Kurs f\u00fcr Ferieng\u00e4ste", "description": "Mit viel Freude lernen wir einfache T\u00e4nze, welche Sie dann auch zu Hause beim n\u00e4chsten Line Dance Event anwenden k\u00f6nnen. Einfach in die Linie stehen, mitmachen und dazu geh\u00f6ren.\nInkludierte Leistungen: Line Dance Instruktionen Infos zu Dancesheets und Musik\n\nTeilnehmer: 5 bis 20 Personen\nAnmeldung erforderlich (bis zwei Tage vorher) unter: www.crazy-chicken-toggenburg.ch\n\nErwachsene: CHF 20.00  \nKinder: CHF 7.00\nGruppenpreis f\u00fcr 10 Personen: CHF 180.00\nGruppenpreis f\u00fcr 20 Personen: CHF 350.00\n\n\nWichtig: Termin nach Vereinbarung, Kinder nur in Begleitung von Erwachsenen, Barzahlung vor Kursbeginn, Getr\u00e4nke sind am B\u00fcffet des Austragungsortes zu beziehen. Mitgebrachte Getr\u00e4nke sind nicht erlaubt.\nBitte bequeme Schuhe (mit Ledersohlen) und geeignete Kleidung tragen.", "url": "http://www.crazy-chicken-toggenburg.ch", "image": "https://ttpimtsoch.sos-ch-dk-2.exoscale-cdn.com/catalog/f/4/d/7/f4d7ece8e352402430f2f8bb36b2d62e7860ae97_IMG_2695.jpg", "openstreetmap_id": "way/222237307"}, "geometry": {"type": "Point", "coordinates": ["9.3111429", "47.19712425"]}}, {"type": "Feature", "properties": {"identifier": "1dd0fc8b-e6a1-4677-8978-d492ca715cb1", "name": "Schwimmbad Wattwil", "description": "Die Badi Wattwil bietet Ihnen 1-, 3- und 5-Meter-Sprungturm, 50-Meter- Schwimmerbecken mit 6 Bahnen, Riesenrutschbahn, Str\u00f6mungskanal und Kinderplanschbecken, 1 Beachvolleyballfelder, einen Riesenspielplatz f\u00fcr Jugendliche mit Fussballplatz, Korbballeinwurf und Tischtennis. Der Liege- und Spielbereich bietet Ruhezonen f\u00fcr Familien ebenso wie Sandstrand und Kleinkinderparadies mit dem kindersicheren Spielplatz (Rondelle im Sand, Kinderrutschbahn mit H\u00fcttli, Schaukeln). \u2013 F\u00fcr Sport, Fitness und Spass den ganzen Tag ist gesorgt. Gehen Sie da im Sommer \u00fcberhaupt noch nach Hause?\n\nZugang m\u00f6glich f\u00fcr RollstuhlfahrerInnen; Behinderten-Toilette, Umkleidekabine mit Liege und Einstiegshilfe ins Bad sind vorhanden.", "url": "http://www.badi-wattwil.ch", "image": "https://ttpimtsoch.sos-ch-dk-2.exoscale-cdn.com/catalog/5/b/e/c/5bec7c2a31a13ad622144e1d7c798f4071230e09_IMG_20220602_WA0022.jpg", "openstreetmap_id": "48582358.0"}, "geometry": {"type": "Point", "coordinates": ["9.0925099", "47.2938006"]}}, {"type": "Feature", "properties": {"identifier": "205cbcc5-6579-4c08-a69e-b69eb4f6c981", "name": "H\u00e4ngematte Unterm\u00fchle", "description": "<p>Zwischen den B&auml;umen versteckt liegt diese Ruheoase nahe der Thur entlang des Thur- und Neckerwegs. An drei Punkten gespannt, schwebt das Netz leicht &uuml;ber dem Boden.<br><br>Sanft getragen zwischen den St&auml;mmen hebt sich der Blick ins Bl&auml;tterdach. Das Rauschen des Wassers mischt sich mit dem Rascheln der Bl&auml;tter. Ein Ort, um f&uuml;r einen Moment zur Ruhe zu kommen.</p>", "url": "https://thurundneckerweg.ch", "image": "https://ttpimtsoch.sos-ch-dk-2.exoscale-cdn.com/catalog/9/a/8/8/9a8843e5fedb60c06299bd7561ed4348820dfde8_H__ngematte_Unterm__hle__B__tschwil.jpeg", "openstreetmap_id": "node/13611484204"}, "geometry": {"type": "Point", "coordinates": ["9.08027", "47.361222"]}}, {"type": "Feature", "properties": {"identifier": "20945a5c-a6c9-4844-9fdb-b5c10719e8c9", "name": "Ch\u00e4s St\u00fcbli der Swiss Cheese Factory ", "description": "Das Ch\u00e4s St\u00fcbli der Swiss Cheese Factory in Ganterschwil ist voll ausgestattet mit einer grossen K\u00fcche, WC und Bildschirm f\u00fcr Pr\u00e4sentationen. Die kulinarische Verw\u00f6hnung umfasst k\u00f6stliche Spezialit\u00e4ten der lokalen Produzentin.\n\nDer Raum bietet Platz f\u00fcr bis zu 50 Personen.", "url": "https://www.swisscheesefactory.ch/chaes-stuebli/", "image": "https://ttpimtsoch.sos-ch-dk-2.exoscale-cdn.com/catalog/5/b/1/c/5b1cde3593eed11e2025a2a10392bebc24143233_Chaesi_Stuebli_6_1024x683.jpg", "openstreetmap_id": "way/199709803"}, "geometry": {"type": "Point", "coordinates": ["9.087849855422975", "47.381606913003175"]}}, {"type": "Feature", "properties": {"identifier": "20ccbfc8-a262-498e-b19f-df3c4aad5d62", "name": "Wohnmobil-Stellplatz Iddaburg G\u00e4hwil", "description": "Der ideale Ausgangspunkt f\u00fcr Wanderungen und Biketouren. Der Wallfahrtsort St. Iddaburg ist in einer wundersch\u00f6nen Wanderung durch idyllische Wege in ca. einer Stunde erreichbar. Ebenso sind viele sch\u00f6ne Wanderungen in sanfter H\u00fcgellandschaft direkt ab Platz m\u00f6glich. Das weitherum bekannte Kloster Fischingen ist in gut einer Stunde zu Fuss erreichbar. Die Umgebung von G\u00e4hwil eignet sich auch hervorragend f\u00fcr Biketouren oder zum Entspannen. F\u00fcr weitere Ausfl\u00fcge, z.B zur Altstadt Wil oder in die Kantonshauptstadt St.Gallen, befindet sich eine Bushaltestelle direkt beim Platz.\nPlatz sehr geeignet f\u00fcr grosse Wohnmobile.\nGen\u00fcgend Platz f\u00fcr Vereinstreffen oder Familientreffen.\nRestaurand R\u00f6ssli mit sch\u00f6ner Gartenwirtschaft f\u00fcr ein feines Essen oder zum gem\u00fctlichen zusammen sein.  300m \nTennisplatz Miet pro Std CHF. 20 inkl. Dusche\nReservationen sind m\u00f6glich per E-Mail oder Whatsapp", "url": "https://wohnmobil-stellplatz.ch/", "image": "https://ttpimtsoch.sos-ch-dk-2.exoscale-cdn.com/catalog/6/3/8/b/638b5e9bef2668af0b49f26f942463b6e9af6187_IMG_20200612_201149__2.jpg", "openstreetmap_id": "node/8883315186"}, "geometry": {"type": "Point", "coordinates": ["9.00166", "47.39552"]}}, {"type": "Feature", "properties": {"identifier": "21c691e1-504c-4894-b043-2f4e663c8788", "name": "Skihaus Gamperfin", "description": "Ganzj\u00e4hrig ge\u00f6ffnet mit Restaurations- und Hotelbetrieb, folgt das innovative P\u00e4chterpaar Fabienne & Marcel Wessner stets ihrem Motto \"nat\u00fcrlich - eifach - echt\". Im Restaurant gibt's regionale und saisonale Produkte, welche mit viel Freude zu leckeren Speisen zubereitet werden. ", "url": "https://www.skihaus-gamperfin.ch/", "image": "https://ttpimtsoch.sos-ch-dk-2.exoscale-cdn.com/catalog/b/8/a/d/b8adfd9ae12711908c75225fd24c624aa06fb744_TOGGI_GAMPERFIN_jan17_RUPA_1096.jpg", "openstreetmap_id": "node/346266766"}, "geometry": {"type": "Point", "coordinates": ["9.379277229309084", "47.171379819354826"]}}, {"type": "Feature", "properties": {"identifier": "22b054bd-d244-4aee-9aca-df658f8fbfca", "name": "Wildhaus, Gamserrugg", "image": "https://ttpimtsoch.sos-ch-dk-2.exoscale-cdn.com/catalog/6/6/e/8/66e8e5d2ce3d49395f1eab530d308aa60b2b59ac_wildhaus.png", "openstreetmap_id": "node/255016211"}, "geometry": {"type": "Point", "coordinates": ["9.337892531912077", "47.1594984480759"]}}, {"type": "Feature", "properties": {"identifier": "235f3181-fc95-4e52-8db2-fdbff19e73b7", "name": "B\u00e4ckerei Bleiker", "description": "<p>In unserer familiengef&uuml;hrten B&auml;ckerei leben wir echtes B&auml;ckerhandwerk &ndash; ehrlich, nachhaltig und mit Herz. Unsere Brote entstehen in sorgf&auml;ltiger Handarbeit, mit viel Zeit und Liebe zum Detail. Wir verwenden ausschliesslich nat&uuml;rliche Zutaten und bevorzugen Rohstoffe aus der Region, wann immer m&ouml;glich. Besonders stolz sind wir auf unsere Brote aus wertvollem Urdinkel &ndash; einer urspr&uuml;nglichen, n&auml;hrstoffreichen Getreidesorte, die f&uuml;r ihren Geschmack und ihre gute Vertr&auml;glichkeit gesch&auml;tzt wird. Tradition und Qualit&auml;t stehen bei uns im Mittelpunkt &ndash; ganz ohne industrielle Zus&auml;tze, daf&uuml;r mit Verantwortung gegen&uuml;ber Mensch, Natur und unserer Heimat. F&uuml;r uns ist Backen mehr als ein Beruf &ndash; es ist gelebte Leidenschaft, famili&auml;res Miteinander und das t&auml;gliche Streben nach echtem Geschmack.</p>", "url": "https://baeckerei-bleiker-ch", "image": "https://ttpimtsoch.sos-ch-dk-2.exoscale-cdn.com/catalog/d/b/e/f/dbef04a0e31ebe86d4e872d1ada89cf3fad01338_Bleiker_Zeichenfl__che_1_Zeichenfl__che_1.png", "openstreetmap_id": "way/465429934"}, "geometry": {"type": "Point", "coordinates": ["9.1132313", "47.3540722"]}}, {"type": "Feature", "properties": {"identifier": "2451788a-dcf7-450f-8f01-a75c90ff8636", "name": "Klangvolle Gruppenerlebnisse", "description": "Erlebt die alte Handwerkskunst des Schmiedens und schmiedet eure eigenen Klangschalen, Grillspiesse oder Fonduegabeln. Oder erlebt eine F\u00fchrung durch die Klangschmiede bei der ihr Spannendes \u00fcber die Entstehung von Klang und Resonanz erfahrt. Auch ein Einblick in die Alp- und Klangkultur der Churfirstenregion ist m\u00f6glich bei einem einst\u00fcndigen Naturjodel-Schnupperkurs. Und wenn ihr lieber musiziert statt singt, dann ist vielleicht eine Stubete das Richtige f\u00fcr euch.\n\nKombinationen von einzelnen Angeboten sind ebenfalls m\u00f6glich. Auch Erlebnisse mit Partnern wie dem Baumwipfelpfad Mogelsberg, der Ch\u00e4\u00e4sWelt Toggenburg oder Huskystuff bieten wir an. \n\nGerne beraten wir Sie ausf\u00fchrlich und begleiten auf dem Weg zu erinnerungsw\u00fcrdigen Momenten im Toggenburg.", "url": "https://klangwelt.ch/angebote/gruppenangebote", "image": "https://ttpimtsoch.sos-ch-dk-2.exoscale-cdn.com/catalog/9/7/f/8/97f8c6af618bea76d600400b31306d3187647448_Voralpenexpress_CF790954.jpg", "openstreetmap_id": "node/1083115186"}, "geometry": {"type": "Point", "coordinates": ["9.27897870540619", "47.193419883716835"]}}, {"type": "Feature", "properties": {"identifier": "245192c3-ec22-43fe-8a5c-a634507e05c3", "name": "Bauernhof Bohl", "description": "<div><p><strong>Ausstattung</strong></p><ul><li>Schlafzimmer mit Doppelbett</li><li>Schlafzimmer mit zwei Einzelbetten (f&uuml;r Erwachsene und Kinder geeignet)</li><li>Badezimmer mit Dusche</li><li>K&uuml;che mit Wohn- &amp; Essbereich und TV</li><li>Spiele f&uuml;r Kinder</li><li>Raclette- und Fonduegeschirr</li><li>Ruhige Lage mit sch&ouml;ner Aussicht</li></ul><p><strong>Aussenbereich</strong></p><ul><li>Gartensitzplatz mit Chemin&eacute;e</li><li>Kleiner Spielplatz</li><li>Spielsachen zur Mitbenutzung</li></ul><p><strong>Bauernhof</strong></p><ul><li>Besonders bei Kindern sehr beliebt</li><li>Milchk&uuml;he, K&auml;lblein, Katzen, Hasen</li><li>Gerne d&uuml;rft ihr bei uns im Stall vorbeischauen</li></ul><p><strong>Lage &amp; Umgebung</strong></p><ul><li>Gratis Aussenparkplatz direkt beim Haus</li><li>Dorf Stein in 2 Minuten zu Fuss erreichbar mit B&auml;ckerei und kleinem 24h-Shop</li><li>Katzensprung zum Fluss Thur (Thurweg und im Sommer wundersch&ouml;n zum Baden)</li><li>Einkaufsm&ouml;glichkeiten (Migros, Coop, Drogerie) in 5 Autominuten</li><li>Wander- und Skigebiet Ch&auml;serrugg mit dem &Ouml;V oder in 7 Autominuten erreichbar</li><li>Wander- und Skigebiet Wildhaus mit dem &Ouml;V oder in 12 Autominuten erreichbar</li><li>Wander- und Skigebiet Wolzenalp mit dem &Ouml;V oder in 10 Autominuten erreichbar</li><li>S&auml;ntis oder Schw&auml;galp in 15 Autominuten</li><li>Verschiedene Wanderungen vor der Haust&uuml;re, z.\u202fB. Thurweg, Stockberg, Goggeien, Speer (Europas h&ouml;chster Nagelfluh-Berg) und vieles mehr</li></ul><p><strong>Nahe gelegene St&auml;dte</strong></p><ul><li>St. Gallen: 49 min</li><li>Z&uuml;rich: 1 h 07 min</li><li>Luzern: 1 h 35 min</li><li>Chur: 54 min</li></ul><p><strong>Preis</strong><br>CHF 125.&ndash; pro Nacht, plus CHF 100.&ndash; f&uuml;r die Endreinigung.</p></div>", "image": "https://ttpimtsoch.sos-ch-dk-2.exoscale-cdn.com/catalog/8/f/b/d/8fbd0de7cb5ef73e78cebcbd47ebf7cb45173baf_IMG_2518.JPG", "openstreetmap_id": "node/2705315303"}, "geometry": {"type": "Point", "coordinates": ["9.22616215143497", "47.19726707848858"]}}, {"type": "Feature", "properties": {"identifier": "24e0ccad-d1ea-4658-aafd-0c8d4b4b9c67", "name": "Foxtrail Wildhaus", "description": "Keine Zeit, die atemberaubende Aussicht auf den S\u00e4ntis und die Churfirsten zu geniessen, denn wer den Foxtrail in Wildhaus unter die F\u00fcsse nimmt, muss Augen und Ohren offen halten, um den Gold- und Silberschatz zu finden. Dabei spielt eine seltene Blume eine grosse Rolle.\n \nDie Verfolger begeben sich in luftige H\u00f6he, vernehmen den Klang historischer Kommunikationsanlagen und tauchen im Get\u00fcmmel der Ferieng\u00e4ste unbemerkt in einen engen Kanal ein. Auch Schleckm\u00e4uler kommen auf diesem Trail auf ihre Kosten.", "url": "https://foxtrail.ch/produkte/trails/ostschweiz/funi/", "image": "https://ttpimtsoch.sos-ch-dk-2.exoscale-cdn.com/catalog/2/c/c/9/2cc9d19ec175d0f3967546ccc057aea80c4cd69e_caw_210720_0069.jpg", "openstreetmap_id": "node/2327133067"}, "geometry": {"type": "Point", "coordinates": ["9.350459575653078", "47.20346689730784"]}}, {"type": "Feature", "properties": {"identifier": "24e4c812-a0ea-4c51-abe8-feb34325a4d5", "name": "Bergnest Wildhaus", "description": "<p><strong>Eure Auszeit in der Wildhauser Bergwelt</strong><br>Unsere rauchfreien\u00a06 Doppelzimmer und 3 Einzelzimmer mit alpinem Charme verf\u00fcgen \u00fcber WC, Dusche, Lavabo, TV, WLAN und teilweise \u00fcber einen Balkon (Strassenseite).<br>Hier geniesst ihr eine entspannte Atmosph\u00e4re, atemberaubende Bergpanoramen und ein reichhaltiges regionales Fr\u00fchst\u00fcck, das euch perfekt in den Tag starten l\u00e4sst.<br>Die hervorragende Lage eignet sich bestens f\u00fcr Wanderungen, Skiausfl\u00fcge und Naturerlebnisse. Die Postauto- und Skibushaltestelle ist 200\u202fm entfernt.<br>Neben den Zimmern bieten wir auch zwei einfache, komplett eingerichtete 3.5- und 5.5-Zimmer-Ferienwohnungen an.</p>", "url": "https://www.bergnest-wildhaus.ch", "image": "https://ttpimtsoch.sos-ch-dk-2.exoscale-cdn.com/catalog/9/c/d/7/9cd756d310d43c7708bfcb6ca32d6809ce4daa64_Logo_Bergnest_farbig.jpg", "openstreetmap_id": "way/223856388"}, "geometry": {"type": "Point", "coordinates": ["9.3411086", "47.2018356"]}}, {"type": "Feature", "properties": {"identifier": "251f2203-708b-4af8-9495-1a4cf3eca129", "name": "Klang Escape Room", "description": "<p>Vor einiger Zeit kam die ortsfremde Lena Jeger ins Toggenburg, um f&uuml;r die Klangwelt kostenlose Klangkurse anzubieten. Im Gegenzug erhielt sie eine Unterkunft in der Klangschmiede. Jetzt ist die Musiklehrerin verschwunden &ndash; und ihr Zimmer ist abgesperrt! Verschafft euch Zugang zum Wohnraum von Lena und findet heraus, warum das Tal gef&auml;hrdet ist! Ultimativer, interaktiver R&auml;tselspass f&uuml;r Gruppen und Familien. Meldet euch bei Interesse &uuml;ber info@klangwelt.ch f&uuml;r einen Besuch an. Bitte gebt uns eure vollst&auml;ndigen Kontaktdaten an (Name, Vorname, Adresse, Telefonnummer, Mailadresse). Vielen Dank.</p><p>&nbsp;</p><p>Auskunft zur Zug&auml;nglichkeit: <a href=\"https://www.ginto.guide/entries/619d64d8-c3dc-4526-80f8-18c96530e219?lnk_src=business\" target=\"_blank\" rel=\"noopener\">ginto</a></p>", "url": "https://klangwelt.ch/angebote/gruppenangebote/klang-escape-room", "image": "https://ttpimtsoch.sos-ch-dk-2.exoscale-cdn.com/catalog/d/0/1/6/d01648f4618b9d10ea6ae8883c3a246be363ce05_Klang_Escape_Room_Klangwelt_Toggenburg.jpg", "openstreetmap_id": "node/1083115186"}, "geometry": {"type": "Point", "coordinates": ["9.27897870540619", "47.193419883716835"]}}, {"type": "Feature", "properties": {"identifier": "2524149c-896d-41c6-9019-d214ba14d869", "name": "B\u00e4ckerei Konditorei Confiserie Caf\u00e9 Ziehler Stein", "description": "Wir sind ein Familienbetrieb in dritter Generation, legen Wert auf Tradition, Regionalit\u00e4t, Innovation und Menschlichkeit. Wir sind ein bunt durchmischter Haufen, vom Lehrling bis zum l\u00e4ngst pensionierten Mitarbeiter, der bestens aufeinander eingespielt ist.\n\nDas Summen unserer Betriebsamkeit zieht Geniesser vom ganzen Tal, sowie weit dar\u00fcber hinaus, an.\n\nInfrastruktur f\u00fcr Zweir\u00e4der:\n- E-Bike Ladestation\n- Wasserhahn der zur Verf\u00fcgung steht\n- Reifen aufpumpen", "url": "https://ziehler.ch/", "image": "https://ttpimtsoch.sos-ch-dk-2.exoscale-cdn.com/catalog/d/2/3/b/d23ba2389d8e5c695f144476002cf81a561b5133_b__ckerei_ziehler_220523_anninamilena001_Kopie.jpg", "openstreetmap_id": "node/5270308780"}, "geometry": {"type": "Point", "coordinates": ["9.22725", "47.19861"]}}, {"type": "Feature", "properties": {"identifier": "25537821-dc60-4980-8c6d-b86da557bbb3", "name": "AUTODROMO Toggenburg", "description": "<div>Rennfeeling f&uuml;r Gross und Klein: Das AUTODROMO Toggenburg ist eine 39 Meter lange, vierspurige Slotcar-Piste mit elektronischer Zeitmessung. Erlebe den Nervenkitzel des Wettkampfs mit deinen Freunden auf der Rennstrecke des AUTODROMO Toggenburg.</div>", "url": "https://autodromotoggenburg.ch", "image": "https://ttpimtsoch.sos-ch-dk-2.exoscale-cdn.com/catalog/2/8/9/a/289a32d94c1bbc5970536da466b8f95075738fd4_IMG_8243.jpeg", "openstreetmap_id": "node/12414061454"}, "geometry": {"type": "Point", "coordinates": ["9.0811109", "47.3447138"]}}, {"type": "Feature", "properties": {"identifier": "25f195b1-d6d8-4179-a2db-5bf68ec9fcb6", "name": "Herrgottsbeton \u2013 Anna Maria Fink", "description": "<p><span style=\"font-size: 11.0pt; line-height: 107%; font-family: 'Aptos',sans-serif; mso-ascii-theme-font: minor-latin; mso-fareast-font-family: Aptos; mso-fareast-theme-font: minor-latin; mso-hansi-theme-font: minor-latin; mso-bidi-font-family: 'Times New Roman'; mso-bidi-theme-font: minor-bidi; mso-ansi-language: DE-CH; mso-fareast-language: EN-US; mso-bidi-language: AR-SA;\">Am T&uuml;fenbach bei St. Peterzell f&uuml;hrt ein schmaler Pfad &uuml;ber Sand, Fels und Nagelfluh zu einem grossen Findling im Flussbett. Hier macht Anna Maria Fink die Spuren von Zeit und Bewegung sichtbar: feine Markierungen im Sand, Spuren auf Stein und Einschnitte im Gel&auml;nde, die das Zusammenspiel von Wasser, Stein und Gehenden sp&uuml;rbar werden lassen.</span></p>", "url": "https://thurundneckerweg.ch", "image": "https://ttpimtsoch.sos-ch-dk-2.exoscale-cdn.com/catalog/2/2/0/e/220e78998a7e126e9d8bc6814aefa54bcf0b2639_Kunstwerk_R__tteli__St._Peterzell.jpg", "openstreetmap_id": "node/13614976063"}, "geometry": {"type": "Point", "coordinates": ["9.183111", "47.313111"]}}, {"type": "Feature", "properties": {"identifier": "2602b59f-1a90-4a2b-a11a-1667269c44e1", "name": "Lars Lusti - Bergf\u00fchrer Aspirant ", "description": "Ob Sommer oder Winter, Selun S\u00fcdwand oder Pulverschneeabfahrt vom S\u00e4ntis. \nAm wohlsten f\u00fchle ich mich an einsamen Felsw\u00e4nden, in unverspurtem Pulverschnee und auf sonnigen Gipfeln, zusammen mit meinen G\u00e4sten. \nIch biete auch \u00fcber das ganze Jahr hinweg Kurse in Lawinenkunde, Skitechnik, Klettern oder Hochtouren an.  \n\nEgal ob zuhause im Toggenburg oder auf den hohen Bergen der Alpen, bei mir stehts du und das Tun im Moment im Mittelpunkt! Gerne begleite ich dich professionell und sicher auf dem Weg zu deinem ganz pers\u00f6nlichem Bergerlebnis.\n\nWenn auch du die Berge Kletternd oder im frischen Schnee erleben m\u00f6chtest, melde dich gerne bei mir.", "image": "https://ttpimtsoch.sos-ch-dk-2.exoscale-cdn.com/catalog/8/3/5/e/835ee9efc51c6b51a0ffd7e4fbfe82a8fa79f214_IMG_2379.jpg", "openstreetmap_id": "node/11229028401"}, "geometry": {"type": "Point", "coordinates": ["9.282674789428713", "47.19778920665066"]}}, {"type": "Feature", "properties": {"identifier": "26959043-325b-49ad-8cb1-f8cd56f19993", "name": "S\u00e4ntis Schwebebahn", "image": "https://ttpimtsoch.sos-ch-dk-2.exoscale-cdn.com/catalog/6/8/4/c/684c431eff8c906d5b128d66f0d1bb4cb6554fa3_Saentisfahne_210300dpi5___Kopie.jpg"}}, {"type": "Feature", "properties": {"identifier": "2cd33359-93fd-4ce0-96ee-ddbff46badf8", "name": "Toggenburgshop Neu St. Johann", "description": "Der Toggenburgshop ist dein Selbstbedienungsladen in Neu St. Johann, Ebnat-Kappel und Wattwil. Die L\u00e4den stehen dir w\u00e4hrend 24 Stunden am Tag zur Verf\u00fcgung. Du erh\u00e4ltst im Toggenburgshop viele Produkte f\u00fcr deinen t\u00e4glichen Bedarf \u2013 nat\u00fcrlich m\u00f6glichst aus dem Toggenburg.", "url": "https://www.toggenburgshop.ch/", "image": "https://ttpimtsoch.sos-ch-dk-2.exoscale-cdn.com/catalog/e/5/e/8/e5e8137c3892ed6fd329e0d1fffe81a9ed12beed_0R0A8859.jpg", "openstreetmap_id": "way/1157441709"}, "geometry": {"type": "Point", "coordinates": ["9.196200370788576", "47.228879613753"]}}, {"type": "Feature", "properties": {"identifier": "2db36e8d-5be7-456d-b19e-610133108900", "name": "Betriebsbesichtigung Morga AG", "description": "<p>Im Fabrikladen der Morga in Ebnat-Kappel liegt Ihnen die Welt der gesunden Ern&auml;hrung zu F&uuml;ssen. Begeben Sie sich auf die kulinarische Weltreise, lassen Sie sich inspirieren und beraten. #superfood #powerfood #toggifood <br>Dauer: ca. 90 - 120 Minuten. Durchf&uuml;hrung findet zwischen 09.00 - 12.00 Uhr oder 13.30 - 18.00 Uhr ab mindestens 5 bis maximal 30 Personen statt. <br>Die genaue Zeit f&uuml;r die Durchf&uuml;hrung wird zwischen den Teilnehmern und dem Anbieter vereinbart. <br>Wichtig: Ihre Buchung ist erst definitiv, wenn diese von der Morga best&auml;tigt ist. <br>Die Betriebsbesichtigung kostet pauschal CHF 200.00 (nur direkt buchbar bei der Morga). Ab 20 Personen kostet jede weitere Person CHF 10.00. <br>Treffpunkt: Morga AG, Kappelerstrasse 60, 9642 Ebnat-Kappel</p>", "url": "http://www.morga.ch", "image": "https://ttpimtsoch.sos-ch-dk-2.exoscale-cdn.com/catalog/5/1/5/4/5154476ac69c44cba264072b64307344fa4079db_Bild_Morga_AG.jpg", "openstreetmap_id": "node/281751580"}, "geometry": {"type": "Point", "coordinates": ["9.11596", "47.26966"]}}, {"type": "Feature", "properties": {"identifier": "2e142f54-2010-4386-88ae-38c6d630c690", "name": "Alpwirtschaft Leser", "description": "Die Alpwirtschaft Leser erreichen Sie zu Fuss oder mit dem Bike. Oben angekommen, werden Sie mit einer einmaligen Aussicht auf den S\u00e4ntis belohnt. Ge\u00f6ffnet von Juli bis September. \n", "image": "https://ttpimtsoch.sos-ch-dk-2.exoscale-cdn.com/catalog/5/a/5/0/5a50237c64b0d29be6014001ca00c32f938f9df4_TT___Leser_2020.jpg", "openstreetmap_id": "node/228413147"}, "geometry": {"type": "Point", "coordinates": ["9.26127", "47.22057"]}}, {"type": "Feature", "properties": {"identifier": "2e1de345-60e8-4b51-a947-1471191286c4", "name": "Alpwirtschaft Wimpfel", "description": "Ganz nach dem Motto: \"efach aber herzlich\" bieten wir einfache, hausgemachte Speisen an. Beliebt ist unsere Gerstensuppe sowie das Wimpfel- Pl\u00e4ttli. Auf Anfrage bekochen wir unsere G\u00e4ste gerne mit w\u00e4hrschafter \u00c4lplerkost.\n\nBei Heuwetter und Ruhetagen steht Ihnen unsere Selbstbedienung zur Verf\u00fcgung. Wir danken f\u00fcr Ihr Verst\u00e4ndnis.\n\nAnfragen und Reservationen nehmen wir gerne telefonisch entgegen.", "url": "https://alp-wimpfel.ch/", "image": "https://ttpimtsoch.sos-ch-dk-2.exoscale-cdn.com/catalog/4/1/8/1/4181270c7364e3352b50792ca845f4f233e85b09_Alp_Wimpfel_3.PNG", "openstreetmap_id": "node/7156035769"}, "geometry": {"type": "Point", "coordinates": ["9.15290415287018", "47.33746976434874"]}}, {"type": "Feature", "properties": {"identifier": "2e498174-7f81-4cc8-9990-401de20bb40b", "name": "Wildmanndli Sport", "description": "Sportgesch\u00e4ft in Nesslau", "image": "https://ttpimtsoch.sos-ch-dk-2.exoscale-cdn.com/catalog/b/7/a/3/b7a3b2b78753e86812a82ee6f1f3bc494ba01fff_Image__003_.jpeg", "openstreetmap_id": "node/3499725470"}, "geometry": {"type": "Point", "coordinates": ["9.1936544", "47.2299486"]}}, {"type": "Feature", "properties": {"identifier": "2f5f5cb5-a1fc-45d1-b41d-99f194742d1d", "name": "Freestyle in Wildhaus \u2013 unsere Funparks", "description": "Actionhungrige Familien finden bei uns Funparks mit einfachen Hindernissen und kleinen Spr\u00fcngen, ideal f\u00fcr Anf\u00e4nger und fortgeschrittene Freestyler. Das Angebot an Spr\u00fcngen und Rails wird im Laufe des Winters, nach M\u00f6glichkeit, kontinuierlich erweitert, sodass Adrenalin, Abwechslung und Spass garantiert sind!\n\nDie Parks sind, sofern es die Schnee- und Wetterbedingungen zulassen, t\u00e4glich in Betrieb und werden jeden Abend f\u00fcr euch pr\u00e4pariert. Der Schnee- und Pistenbericht informiert stets aktuell \u00fcber die ge\u00f6ffneten Lines und die ber\u00fchmte Klangslope!\n\nWir w\u00fcnschen euch viel Spass beim Ausprobieren \u2013 send it!", "url": "http://www.wildhaus.ch/", "image": "https://ttpimtsoch.sos-ch-dk-2.exoscale-cdn.com/catalog/2/1/f/0/21f011345dcb31b0697e35570544cf3c7eb9f6cc_20250129_120534.jpg", "openstreetmap_id": "node/8137301493"}, "geometry": {"type": "Point", "coordinates": ["9.3457831", "47.1875871"]}}, {"type": "Feature", "properties": {"identifier": "30b48340-99e7-4e47-85e4-afb593c19a90", "name": "Berg & Bett S\u00e4ntis Lodge", "description": "Die teilrenovierte Berg & Bett S\u00e4ntis Lodge ist Hotel und gleichzeitig auch Angebots- und Service-Hub f\u00fcr die Ferienh\u00e4user mit gemeinsamer Rezeption, Kino, Lounge, grossem Garten sowie einem familienfreundlichen Restaurant. \n\nOb Sie sich lieber im gem\u00fctlichen Doppel- oder Familienzimmer in die weiche Decke kuscheln oder die Bewegungsfreiheit im eigenen Appartement geniessen, in der Berg & Bett S\u00e4ntis Lodge finden Sie alles unter einem Dach.", "url": "https://bergundbett.ch/saentis-lodge/", "image": "https://ttpimtsoch.sos-ch-dk-2.exoscale-cdn.com/catalog/1/b/3/6/1b365f5e4d62e361854488e96efed569bd235ae3_TT_2023_S__ntisLodge_03.jpg", "openstreetmap_id": "node/222237524"}, "geometry": {"type": "Point", "coordinates": ["9.313292281436155", "47.196329839515"]}}, {"type": "Feature", "properties": {"identifier": "30c8c05c-08f4-42f0-9a15-8514c7c3dfe1", "name": "Badi Sch\u00f6nenbodensee", "description": "<div><p>Umringt von Bergen und Wiesen, Schilf und Wald liegt der Naturbadesee Sch&ouml;nenbodensee in Wildhaus. Direkt vor der Badi gibt es Parkpl&auml;tze. Mit dem &Ouml;V muss man jedoch einen etwa 30-min&uuml;tigen Fussmarsch auf sich nehmen, um zum See zu gelangen.</p><p>Der See ist mit mehreren Fl&ouml;ssen, einem Steg zum Einstieg in den Schwimmerbereich sowie einem abgegrenzten Nichtschwimmer- und Kinderbereich ausgestattet. Ebenfalls stehen zwei Pedalos zur Miete zur Verf&uuml;gung. Zugang auch f&uuml;r Rollstuhlfahrer/-innen m&ouml;glich. Eine Behinderten-Toilette sowie eine Behinderten-Umkleidekabine (mit Liegebett) sind vorhanden.</p><p><strong>Infos zum Zutritt:</strong><br>Der Zutritt zur Liegewiese ist kostenpflichtig &ndash; unabh&auml;ngig davon, ob eine Nutzung des Badebereichs erfolgt. Ein kostenloser Zugang ist ausschliesslich auf den Bereich des Badibeizlis beschr&auml;nkt.</p><p><strong>Mitnahme von Hunden:</strong><br>Aus R&uuml;cksicht auf alle G&auml;ste sind Hunde ausschliesslich im Eingangsbereich sowie im Badibeizli erlaubt. Auf der Liegewiese und im Badebereich ist das Mitf&uuml;hren von Hunden nicht gestattet.</p></div>", "url": "https://eggewaeldli.ch/oeffnungszeiten", "image": "https://ttpimtsoch.sos-ch-dk-2.exoscale-cdn.com/catalog/b/b/4/7/bb47321cae2a695f018e547cdbed1f552bb34df3_2021_TT_Badi_Sch__nenbodensee_58.jpg", "openstreetmap_id": "node/7798234730"}, "geometry": {"type": "Point", "coordinates": ["9.3660567", "47.2075564"]}}, {"type": "Feature", "properties": {"identifier": "32bf7c58-540e-4586-b057-028d98d8c47d", "name": "Kafi einzigartis...", "description": "Eingebettet in eine idyllische Umgebung, direkt am pl\u00e4tschernden Bach und in unmittelbarer N\u00e4he zu beliebten Bike- und Wanderwegen, ist das Kafi einzigartis der perfekte Ort f\u00fcr eine Pause voller Genuss und Inspiration.\n\nOb ein feines Fr\u00fchst\u00fcck (auf Voranmeldung), hausgemachte Desserts oder regionale Spezialit\u00e4ten \u2013 bei uns stehen Gem\u00fctlichkeit und Qualit\u00e4t an erster Stelle. F\u00fcr Kinder gibt es eine liebevoll eingerichtete Spielecke drinnen, einen Spielplatz direkt nebenan und einen Wickeltisch f\u00fcr die Kleinsten.\n\nTipp f\u00fcr Ausfl\u00fcgler: Kombinieren Sie Ihren Besuch im Kafi mit einem Bummel durch das charmante \"kleine Warenhaus\" Artis B\u00fcro & Freizeit AG. Dort finden Sie auf 120m2 eine sorgf\u00e4ltige Auswahl an Geschenk- und Papeterieartikeln, sch\u00f6ner Mercerie, stilvoller Lingerie und herzigen Kinderkleidern \u2013 ein wahres Paradies f\u00fcr kreative Schatzsucherinnen.\n\nZus\u00e4tzlich laden unsere Kreativworkshops dazu ein, selbst aktiv zu werden und Neues auszuprobieren \u2013 ideal f\u00fcr Gruppen, Familien oder einfach alle, die Lust auf etwas Besonderes haben.\n\nOb auf dem Familienausflug, der Radtour oder als kreativer Zwischenstopp \u2013 das Kafi einzigartis mit der Artis B\u00fcro & Freizeit AG ist ein Ausflugsziel, das Herz und Sinne anspricht.", "url": "https://www.artisag.ch/einzigartis/", "image": "https://ttpimtsoch.sos-ch-dk-2.exoscale-cdn.com/catalog/9/4/0/7/94072937cd384745fb62ea5642542bb633afb6c0_Garten_am_Bach.jpg", "openstreetmap_id": "node/12414061491"}, "geometry": {"type": "Point", "coordinates": ["9.0714171", "47.3605321"]}}, {"type": "Feature", "properties": {"identifier": "35490672-472e-4c13-bde6-afc9b62d0218", "name": "barbarakraut - Barbara Aebli", "description": "Unz\u00e4hlige Pflanzen begleiten uns t\u00e4glich auf unseren Wegen beim Arbeiten und in der Freizeit.  Ihre Kr\u00e4fte als Nahrungs- oder Heilmittel sch\u00e4tze ich immer wieder neu und ich sp\u00fcre die Energie, die sie mir geben. Ich ernte die Wildpflanzen und Kr\u00e4uter nur an unged\u00fcngten Pl\u00e4tzen. Die meisten Pflanzen kommen zu uns, wachsen vor unserer Haust\u00fcr, weil wir sie brauchen. F\u00fcr die Verarbeitung verwende ich frische oder fachgerecht getrocknete Kr\u00e4uter. Zusammen mit qualitativ hochwertigen Zutaten entstehen schmackhafte Erzeugnisse f\u00fcr die K\u00fcche und den Genuss oder nat\u00fcrliche Pflegeprodukte f\u00fcr den ganzen K\u00f6rper.\n\nDer Walnussbaum, unsere gr\u00f6sste Heilpflanze im Garten, spendet im Sommer wohltuenden Schatten und im Herbst eine Menge Waln\u00fcsse, die ich zu verschiedenen Produkten verarbeite und die \u00fcber meine Webseite bestellt werden k\u00f6nnen. \n \nSeit September 2013 biete ich in unserem Zuhause - im alten Schulhaus in Ebersol - verschiedene Kurse zum Thema Kr\u00e4uter an.\n\nErleben Sie den die Welt der Kr\u00e4uter in einem Rundgang durch meinen Garten oder in Feld und Flur. Geniessen Sie anschliessend einen kreativen Kr\u00e4uterap\u00e9ro. Oder lassen Sie sich an einem Abend im gem\u00fctlichen Schulzimmer von meiner Kr\u00e4uterk\u00fcche mit einem 5-Gang Men\u00fc verw\u00f6hnen und lauschen zwischen den G\u00e4ngen den Zauberklangfolgen vom bekannten Toggenburger Musiker und Komponisten, Peter Roth. Gemeinsam erz\u00e4hlen wir Ihnen \u00fcber die Verbindung von Pflanzen und Klang. \n\nTauchen Sie ein in meine Welt der Kr\u00e4uter. Ich freue mich \u00fcber Ihre Kontaktaufnahme.", "url": "https://www.barbarakraut.ch", "image": "https://ttpimtsoch.sos-ch-dk-2.exoscale-cdn.com/catalog/c/8/8/d/c88d26a3be9306138a1b2164ab2cbd4be600f812_Bild1.jpg", "openstreetmap_id": "way/177912289"}, "geometry": {"type": "Point", "coordinates": ["9.152184883402377", "47.349754149999995"]}}, {"type": "Feature", "properties": {"identifier": "36034253-37cc-4a0f-882b-8fc90fd6f290", "name": "Naturkino Ruine R\u00fcdberg", "description": "<p>Hergestellt aus heimischem Holz ist dieses Naturkino Teil der Thur- und Neckerweg-Ruheoasen.<br><br>Statt auf eine Leinwand &ouml;ffnet sich der Blick in die Tiefe des Waldes. Das Licht bricht in den Baumkronen, die sich zwischen Himmel und Erde spannen. Ein Rascheln in der N&auml;he, ein Zwitschern in der Ferne, das leise Knacken eines Astes im Hintergrund. Mit den Jahreszeiten ver&auml;ndert sich das Bild. Der Wald kennt Zeiten der Bewegung und des Innehaltens.</p>", "url": "https://thurundneckerweg.ch", "image": "https://ttpimtsoch.sos-ch-dk-2.exoscale-cdn.com/catalog/f/f/c/c/ffcc629b9d5628aa23cfc61404149e6e15ba38e7_Naturkino_Ruine_R__dberg__Oberhelfenschwiel.jpg", "openstreetmap_id": "node/13611472682"}, "geometry": {"type": "Point", "coordinates": ["9.088722", "47.349750"]}}, {"type": "Feature", "properties": {"identifier": "3650fd5d-7451-4b07-9b1e-9f0908391298", "name": "OSWALD, B\u00e4ckerei-Caf\u00e9-Konditorei", "description": "<p>Unser Sortiment umfasst eine breite Palette an Produkten, darunter verschiedene Sorten Brote und Br&ouml;tchen, regionale Spezialit&auml;ten sowie verschiedenste s&uuml;sse Leckereien. Zus&auml;tzlich laden wir Sie zu entspannten Momenten in unserem Caf&eacute; ein, wo Sie frische Backwaren, Kaffeespezialit&auml;ten und kleine herzhafte Snacks in gem&uuml;tlicher Atmosph&auml;re geniessen k&ouml;nnen.</p>\n<p>Das t&auml;glich wechselnde Angebot l&auml;dt Sie dazu ein, die lokale Backkunst zu entdecken &ndash; etwas mitzunehmen oder vor Ort zu konsumieren. Wir legen grossen Wert auf eine kompetente, freundliche Beratung und eine angenehme Atmosph&auml;re in Caf&eacute; und Laden, in der sich Kundinnen und Kunden gut aufgehoben f&uuml;hlen.</p>", "url": "https://www.baeckerei-oswald.ch", "image": "https://ttpimtsoch.sos-ch-dk-2.exoscale-cdn.com/catalog/2/1/6/3/2163214da6039ef36908d6deb178e3809f53157c_P4090004__2.JPG", "openstreetmap_id": "way/308770135"}, "geometry": {"type": "Point", "coordinates": ["9.0687103", "47.4102833"]}}, {"type": "Feature", "properties": {"identifier": "38a16017-d23e-425a-bb3d-8f85bbdbf6a2", "name": "Grillplatz Laui auf der Wolzenalp, Nesslau", "description": "Die Feuerstelle nach Schweizer-Familie-Standard ist eine von schweizweit \u00fcber 500, die sich bestens f\u00fcr die Wanderverpflegung aus dem Rucksack oder f\u00fcr einen Tagesausflug eignet. Sie ist mit zwei Grillrosten, verf\u00fcgbarem Brennholz, Tischen und B\u00e4nken sowie Ruheb\u00e4nken mit toller Bergsicht eingerichtet. Sie l\u00e4sst sich in 45 Minuten ab Bergstation Rietbach oder in knapp zwei Stunden ab Bahnhof Nesslau Neu St. Johann erreichen.\n\nDie Grillstelle liegt am Klimaerlebnisweg Toggenburg. Kinderwagentauglich: ja ab Nesslau via Schneit, Holz: ja, Trinkwasser: nein, WC: nein, Kapazit\u00e4t: ca. 20", "url": "https://www.nesslau-tourismus.ch", "image": "https://ttpimtsoch.sos-ch-dk-2.exoscale-cdn.com/catalog/6/b/1/5/6b1583fd696b30ca372f8ac5f5514ac037a749b8_Grillplatz_Laui_Nesslau.jpg", "openstreetmap_id": "node/5615045633"}, "geometry": {"type": "Point", "coordinates": ["9.169686", "47.217016"]}}, {"type": "Feature", "properties": {"identifier": "38ab0c41-cc9f-41ab-a474-0f1a6a942114", "name": "Wanderleiter-Martin - Wanderleiter mit eidg. FA", "description": "Schneeschuhwandern im Toggenburg entschleunigt.\nAbseits vom Trubel der Wintersportgebiete ziehen wir unsere Schneeschuhspur \u00fcber verschneite Alpweiden durch die Bergwelt. \n\nUnsere Tages- und Abend-Schneeschuhtouren sowie Schneeschuhwochenenden sind auch f\u00fcr Einsteiger*innen geeignet. Feste Durchf\u00fchrungsdaten f\u00fcr Individualreisende gem\u00e4ss Kalender.\n\nSchneeschuhlaufen als aktive Abwechslung nach einem intensiven Seminartag oder eine Mondschein-Schneeschuhtour f\u00fcr Ihren n\u00e4chsten Team-Event, wir freuen uns auf Ihre Anfrage f\u00fcr ein individuelles Angebot.\n\nGerne organisieren und f\u00fchren wir massgeschneiderte Schneeschuhwanderungen f\u00fcr Einzelpersonen, Gruppen und Firmen durch.", "url": "https://www.wanderleiter-martin.ch", "image": "https://ttpimtsoch.sos-ch-dk-2.exoscale-cdn.com/catalog/c/2/e/3/c2e3877a2d9599ee5be06cce5d48c3088afc3bbb_Wanderleiter_Martin_Gabathuler.jpeg", "openstreetmap_id": "way/290227145"}, "geometry": {"type": "Point", "coordinates": ["9.338464736938478", "47.200949287182745"]}}, {"type": "Feature", "properties": {"identifier": "3a18be77-edde-45b0-a7fc-dfd64d78bc36", "name": "Mogelsberg, Baumwipfelpfad", "image": "https://ttpimtsoch.sos-ch-dk-2.exoscale-cdn.com/catalog/e/9/1/f/e91f87a7f88e85e95d5c6c717c25548662e4a162_webcam_baumwipfelpfad_bild.jpg", "openstreetmap_id": "way/562472394"}, "geometry": {"type": "Point", "coordinates": ["9.14341986179352", "47.358107367856924"]}}, {"type": "Feature", "properties": {"identifier": "3a2f7fee-4676-4e94-8f9b-d60a4e61e7ba", "name": "Fondue- und Gesellschaftsfahrten", "description": "Geniessen Sie mit Ihrer Familie, Ihren Freunden, Vereinskollegen, Gesch\u00e4ftspartnern usw. eine gem\u00fctliche Kutschenfahrt im Gesellschaftswagen oder im eleganten Glaslandauer.\n\nDie pferdebegeisterte Familie Sch\u00f6nenberger aus Mosnang bietet verschiedene Kutschenfahrten an. Ein besonderes Erlebnis ist die Ausfahrt im gem\u00fctlichen Fonduewagen mit einem feinen K\u00e4sefondue von der\u00a0K\u00e4serei Kaufmann, Mosnang. Bei schneebedeckten Strassen wird der Wagen durch einen grossen Schlitten ersetzt. \n\nDie Pferde im Stall Sch\u00f6nenberger werden geritten, gefahren und longiert. Sie n\u00e4chtigen in grossz\u00fcgigen Boxen und geniessen ihren t\u00e4glichen Auslauf auf dem Allwetterplatz oder der Weide. Diese Kombination und Abwechslung macht sie zu \u00e4usserst zuverl\u00e4ssigen, ausgeglichenen und motivierten Partnern f\u00fcr den Kutscher und f\u00fcr die G\u00e4ste im Strassenverkehr, im Gel\u00e4nde und an diversen Veranstaltungen.", "url": "http://www.kutschenhochzeit.ch", "image": "https://ttpimtsoch.sos-ch-dk-2.exoscale-cdn.com/catalog/a/5/7/d/a57d86b70a51b6bfd65531e2dbdd03fee6e5ad54_Bild1.jpg", "openstreetmap_id": "node/3058853167"}, "geometry": {"type": "Point", "coordinates": ["9.04088", "47.36303"]}}, {"type": "Feature", "properties": {"identifier": "3dc366fa-f31f-417b-b060-2ffe2839fcdf", "name": "Berggasthaus Rotsteinpass", "description": "Geniessen Sie ein feines Bergmen\u00fc in unserer heimeligen Gaststube oder auf der Terasse mit einer gigantischen Aussicht. Wir bedienen Sie gerne mit einem st\u00e4rkenden Menu oder einem erfrischenden Getr\u00e4nk.\n\nZudem verf\u00fcgt das Berggasthaus \u00fcber 80 Matratzenlagerpl\u00e4tze, zwei Doppelzimmer und ein Vierbettzimmer, welche mit Fr\u00fchst\u00fcck oder als Halbpension gebucht werden k\u00f6nnen.", "image": "https://ttpimtsoch.sos-ch-dk-2.exoscale-cdn.com/catalog/b/e/2/4/be242415a5caa183533b999729bb6ae816985a34_DSC02762__002_.JPG", "openstreetmap_id": "node/184748934"}, "geometry": {"type": "Point", "coordinates": ["9.365072250366213", "47.24301295305826"]}}, {"type": "Feature", "properties": {"identifier": "3e3bdd75-7f88-44bb-be5e-faf6ea22b89f", "name": "Standseilbahn Unterwasser \u2013 Iltios", "description": "<p>Im Sommer wie im Winter bringt die traditionelle Standseilbahn die G\u00e4ste von Unterwasser auf den Iltios, 1350 m \u00fc. M. Die Bahn ist Kinderwagen- und Rollstuhlg\u00e4ngig. Der Iltios ist Knotenpunkt von verschiedenen Wanderwegen und Pisten. Hier befindet sich ausserdem das Bergrestaurant Iltios mit der eindr\u00fccklichen Aussicht auf die Churfirsten und den Alpstein. Ebenfalls auf dem Iltios kann der Gast auf die Luftseilbahn wechseln und bis zum Gipfel aufsteigen.</p><p>\u00a0</p><p>Auskunft zur Zug\u00e4nglichkeit: <a href=\"https://www.ginto.guide/entries/26951e57-9583-4760-bdad-e47b3559f3d7?lnk_src=business\" target=\"_blank\" rel=\"noopener\">ginto</a></p>", "url": "https://www.chaeserrugg.ch/de", "image": "https://ttpimtsoch.sos-ch-dk-2.exoscale-cdn.com/catalog/0/4/1/9/041924a066b08f34104e5823f5cb9f827951f1aa_standseilbahn.jpeg", "openstreetmap_id": "node/207468830"}, "geometry": {"type": "Point", "coordinates": ["9.308714", "47.194626"]}}, {"type": "Feature", "properties": {"identifier": "3e4532fe-74a7-4529-ba13-e67b1fa66a6e", "name": "Schlitteln Iltios", "description": "Die 3.4 km lange Strecke ist f\u00fcr Anf\u00e4nger und erfahrene Schlittler geeignet, die Einzel oder in der Gruppe zu Tale brausen.\u00a0Bequeme oder sportliche Schlitten stehen Ihnen bei der Bergstation Iltios zur Miete zur Verf\u00fcgung.\u00a0Bahnticket inkl. Schlittenvermietung bei der Talstation Unterwasser erh\u00e4ltlich. Nehmen Sie Ihren Schlitten auf dem Iltios in Empfang und geben Sie ihn bei der Talstation Unterwasser zur\u00fcck.", "url": "http://www.ch\u00e4serrugg.ch", "image": "https://ttpimtsoch.sos-ch-dk-2.exoscale-cdn.com/catalog/2/0/7/2/2072f2f458b7aa28d4d396852dd5c928232ba41f_TOGGI_schlitteln_RUPA_009.jpg", "openstreetmap_id": "node/243721697"}, "geometry": {"type": "Point", "coordinates": ["9.31254", "47.18516"]}}, {"type": "Feature", "properties": {"identifier": "3e493c57-f41f-4584-a1bb-3462fd8b424b", "name": "topochoreographies - marce norbert h\u00f6rler", "description": "<p>Auf dem Weg zum Thurwasserfall begleiten sechs Bronzetafeln den Aufstieg durch das Ch&auml;mmerlitobel. Inspiriert vom Wasserfall greifen sie Bewegungen und nat&uuml;rliche Kreisl&auml;ufe auf. Zeichnungen und Texte im lokalen Dialekt erinnern an Formeln und Rituale und er&ouml;ffnen neue Zug&auml;nge zum Ort. Mit der Zeit ver&auml;ndert sich das Material &ndash; wie das Wasser bleibt auch das Werk in Bewegung.</p>", "url": "https://thurundneckerweg.ch", "image": "https://ttpimtsoch.sos-ch-dk-2.exoscale-cdn.com/catalog/3/0/4/0/3040a302098ff0e191e74003b040795c22446d2a_STUR3727_klein.jpg", "openstreetmap_id": "node/1490582567"}, "geometry": {"type": "Point", "coordinates": ["9.311555555555556", "47.2023056"]}}, {"type": "Feature", "properties": {"identifier": "3e4d00d6-f71b-4061-be84-ba1dd119b913", "name": "FoodTrail Toggenburg", "description": "Auf dem FoodTrail r\u00e4tseln sich die Teilnehmerinnen und Teilnehmer von Stopp zu Stopp. An jedem Stopp gibt es eine lokale Spezialit\u00e4t zu entdecken und geniessen. Dabei erfahren sie nicht nur die Hintergr\u00fcnde zu den K\u00f6stlichkeiten, sondern auch Spannendes \u00fcber die Ferienregion Toggenburg und ihre Sehensw\u00fcrdigkeiten - die auf der genussvollen Wanderung nat\u00fcrlich entdeckt werden k\u00f6nnen. FoodTrails gibt es bereits in vielen St\u00e4dten und Regionen in der Schweiz \u2013 und nun auch im Toggenburg.", "url": "https://chaeswelt.ch/de/", "image": "https://ttpimtsoch.sos-ch-dk-2.exoscale-cdn.com/catalog/e/a/e/8/eae857da24aa0bf6d671a54bc96505681d03cc41_20210808_FoodTrail_154.jpg", "openstreetmap_id": "way/385533783"}, "geometry": {"type": "Point", "coordinates": ["9.090626373690473", "47.3015527"]}}, {"type": "Feature", "properties": {"identifier": "40473de1-aea1-4772-adcc-4ec078b60fdd", "name": "Hotel Restaurant Sternen", "description": "<p>Das Hotel-Restaurant Sternen liegt Zentral im Dorf Nesslau. In der N&auml;he sind Bahnhof, Post, Einkaufsm&ouml;glichkeiten. Bekannt f&uuml;r diverse Events. (Party-Time, kulinarische Themenabende etc.)</p><p>&nbsp;</p><p>Auskunft zur Zug&auml;nglichkeit:&nbsp;<a href=\"https://www.ginto.guide/entries/257ffbab-55f8-4aed-a9d0-b831aeb52764?lnk_src=business\" target=\"_blank\" rel=\"noopener\">ginto</a></p>", "url": "https://www.sternen-nesslau.ch/", "image": "https://ttpimtsoch.sos-ch-dk-2.exoscale-cdn.com/catalog/6/6/a/c/66ac3a7e7ace62997586bf4a2ff133661572cae7_2020_Nesslau_3.jpg", "openstreetmap_id": "node/3499725474"}, "geometry": {"type": "Point", "coordinates": ["9.1990226", "47.2240571"]}}, {"type": "Feature", "properties": {"identifier": "41fa3ffb-4a11-48c1-a448-7207eea8c1a8", "name": "Schaukel Vor dem Bach", "description": "<p>Aus heimischem Holz gefertigt, liegt diese Ruheoase am Ufer der Thur auf einem ruhigen Abschnitt des Thur- und Neckerwegs.<br><br>Beim Schaukeln hebt sich der Blick &uuml;ber die Thur bis zu den Churfirsten am Horizont. In dieser Perspektive zeigen sie sich frei am hinteren Ende des Tals, ein wahrlich majest&auml;tischer Anblick.</p>", "url": "https://thurundneckerweg.ch", "image": "https://ttpimtsoch.sos-ch-dk-2.exoscale-cdn.com/catalog/6/1/5/5/61556b4a389993545e420d28574b5e9001f2e8d0_Schaukel_Vor_dem_Bach__Nesslau.jpg", "openstreetmap_id": "node/13611549194"}, "geometry": {"type": "Point", "coordinates": ["9.183611", "47.235278"]}}, {"type": "Feature", "properties": {"identifier": "4297bc41-4245-42ac-ab9d-023c9769f83b", "name": "Kutschenfahrten F\u00e4ssler", "description": "Wir bieten im Sommer Gesellschaftsfahrten und im Winter Schlittenfahrten an.\nAuf Wunsch k\u00f6nnen auch Fonduefahrten organisiert werden. \nEs k\u00f6nnen Fahrten f\u00fcr kleinere sowie gr\u00f6ssere Gruppen durchgef\u00fchrt werden.", "image": "https://ttpimtsoch.sos-ch-dk-2.exoscale-cdn.com/catalog/d/f/d/3/dfd3db3d691b50d07079fc5fdeece39e942f570f_IMG_20181028_WA0008.jpg", "openstreetmap_id": "node/8818782613"}, "geometry": {"type": "Point", "coordinates": ["9.1843718290329", "47.232970622096424"]}}, {"type": "Feature", "properties": {"identifier": "43704131-0303-4546-8163-92a3d0912114", "name": "Bergrestaurant Wolzenalp", "description": "<p>Die Men&uuml;karte im Berggasthaus bietet eine ausgewogene regionale K&uuml;che f&uuml;r Gross und Klein: Von den w&auml;hrschaften Ch&auml;sh&ouml;rnli und der Siedwurst &uuml;ber R&ouml;stivarianten bis zum hausgemachten Toggenburger Schlorzifladen. Die Portionen sind grossz&uuml;gig, der Geschmack vorz&uuml;glich und die Preise fair. F&uuml;r Ihre Familienfeier, Ihre Vereins- und Gruppenanl&auml;sse stellen wir gerne ab 18 Personen bzw. 15 Personen Ihr gew&uuml;nschtes Buffet zusammen oder den Grill f&uuml;r die Spiessli bereit. Die Buffetvorschl&auml;ge sind ausschliesslich w&auml;hrend des Sommerhalbjahres von Mai bis Oktober erh&auml;ltlich. Teilen Sie uns Ihre W&uuml;nsche mit - wir werden Sie nach M&ouml;glichkeit erf&uuml;llen. Sehr beliebt bei den G&auml;sten ist der Sonntagsbrunch. Selbstverst&auml;ndlich k&ouml;nnen Sie auch an Wochenenden und w&auml;hrend den Schulferien des Sommerhalbjahres auch werktags und mit kleineren Gruppen auf Voranmeldung bei uns brunchen. Wir servieren Ihnen das Fr&uuml;hst&uuml;ck direkt an den Tisch. Im Winter muss es manchmal schnell gehen, wenn der Hunger unserer Skig&auml;ste gross ist. Unser Wintermen&uuml; unterscheidet sich vom Sommerangebot. Beliebt bei Familien ist die \"Familienplatte\", die prall gef&uuml;llt ist mit Pommes, Schnitzeln, Chicken Nuggets, Wienerli und Bratwurst.</p><p>&nbsp;</p><p>Auskunft zur Zug&auml;nglichkeit:&nbsp;<a href=\"https://www.ginto.guide/entries/9d222a5c-bd24-4902-b820-9573f3afcdc8?lnk_src=business\" target=\"_blank\" rel=\"noopener\">ginto</a></p>", "url": "http://www.wolzenalp.ch", "image": "https://ttpimtsoch.sos-ch-dk-2.exoscale-cdn.com/catalog/5/3/3/3/5333126eb011af64f535dda5e38776c5c0fe57dc_Bergrestaurant_Wolzenalp_Terrasse.jpg", "openstreetmap_id": "628124797"}, "geometry": {"type": "Point", "coordinates": ["9.1554536", "47.2259306"]}}, {"type": "Feature", "properties": {"identifier": "438a7322-528b-4a99-9dd1-59a895e19a17", "name": "B\u00fccherpause", "description": "Die \u00abB\u00fccherpause\u00bb ist Wellness f\u00fcr die Seele, bietet ein kuscheliges Schlechtwetterprogramm und literarische Gipfelfl\u00fcge f\u00fcr die ganze Familie. \n\nSie ist eine gem\u00fctliche kleine Stube mitten in Unterwasser, bis zur Decke gef\u00fcllt mit sch\u00f6nen B\u00fcchern, haupts\u00e4chlich Bilderb\u00fcchern. Gross und Klein sind hier willkommen, zusammen oder ganz f\u00fcr sich B\u00fccher-Sch\u00e4tze zu entdecken. \nEin B\u00fcchertauschregal bietet Erwachsenen Nachschub, wenn der Lesestoff ausgegangen ist. \n\nDie B\u00fccherpause bringt Vertrauen entgegen und schafft Vertrauen. Sie ist Rund um die Uhr ge\u00f6ffnet. Der Schl\u00fcssel liegt im Milchkasten.", "url": "https://buecherpause.ch", "image": "https://ttpimtsoch.sos-ch-dk-2.exoscale-cdn.com/catalog/d/3/b/f/d3bf741408a0fd7cbdda44fe80814f47b5802d42_b82015f6_bd64_40a9_9a4e_16ffe3a060b5.jpg", "openstreetmap_id": "node/12098549382"}, "geometry": {"type": "Point", "coordinates": ["9.310049053589697", "47.1970153"]}}, {"type": "Feature", "properties": {"identifier": "4412d979-a3ac-44b0-b50a-f5dc4120a8e0", "name": "Berggasthaus Fuchsacker", "description": "Herzlich Willkommen im  Berggasthaus Fuchsacker!\nUnser G\u00e4stehaus liegt am Rand des sch\u00f6nen Appenzeller Landes.\nWir liegen auf 969 m H\u00f6he, von wo Sie einen ergreifenden Blick auf den Alpstein haben. Sie sehen vom Hohen Kasten \u00fcber den Kronberg bis zum S\u00e4ntis das ganze Panorama.\nIn unsrem sch\u00f6nen G\u00e4stehaus haben wir Familien- / und Doppelzimmer.\nUnser gem\u00fctlicher Saal eignet sich perfekt f\u00fcr:\nEgal ob Hochzeiten, Geburtstage oder Firmenanl\u00e4sse. Egal ob Kr\u00e4uterschweinfilet, Schnitzel Pommes oder Fondue, wir haben die perfekte Location f\u00fcr Sie. Leckeres Essen, guter Wein und das Beste? Ein Blick auf die atemberaubende Bergkulisse! Unser Team wird daf\u00fcr sorgen, dass Ihre Party unvergesslich wird. Kontaktieren Sie uns heute, um Ihren Anlass bei uns zu planen.", "url": "http://fuchsacker.ch/", "image": "https://ttpimtsoch.sos-ch-dk-2.exoscale-cdn.com/catalog/8/c/b/e/8cbe19708313b1ecd2806fc7daabf564a5e11143_IMG_0887__2.jpg", "openstreetmap_id": "node/325151446"}, "geometry": {"type": "Point", "coordinates": ["9.2070119", "47.361029"]}}, {"type": "Feature", "properties": {"identifier": "469905fa-8539-4b18-b092-714b61a8d415", "name": "Caf\u00e9 Fortuna", "description": "<p>Wir legen grossen Wert auf guten Kaffee. Bei uns finden Sie eine grosse Auswahl an speziellen Schweizer Getr&auml;nken, wie B&auml;nz-Apfels&auml;fte, Durscher Sirup usw. Wir beziehen unsere Produkte, wenn m&ouml;glich von regionalen Betrieben.</p><p>&nbsp;</p><p>Auskunft zur Zug&auml;nglichkeit:&nbsp;<a href=\"https://www.ginto.guide/entries/97dd93fa-f3e5-4ff5-9cb8-9f25a066639f?lnk_src=business\" target=\"_blank\" rel=\"noopener\">ginto</a></p>", "url": "https://www.cafefortuna.ch/", "image": "https://ttpimtsoch.sos-ch-dk-2.exoscale-cdn.com/catalog/9/a/1/7/9a173cc2d7f7ba15debce5b8af10a04fcacd641f_Unterwasser_Caf___Fortuna.jpg", "openstreetmap_id": "node/883094034"}, "geometry": {"type": "Point", "coordinates": ["9.308354258537294", "47.1968758572793"]}}, {"type": "Feature", "properties": {"identifier": "4778c01d-f205-4f60-bd4d-d77e36477246", "name": "Toggenburg Distillery", "description": "<p>Get&uuml;ftelt, designt und als BERMONTIS GmbH gegr&uuml;ndet im Jahr 2018 stehen wir heute f&uuml;r auserlesenen fl&uuml;ssigen Kr&auml;utergenuss aus dem Toggenburg. Ob in Form von &ldquo;BERMONTIS &ndash; Fruchtiger Kr&auml;uterlik&ouml;r&rdquo;, &ldquo;BERMONTIS &ndash; Kr&auml;uterfondue&rdquo; oder jetzt auch neu mit &ldquo;TOGGIUS &ndash; Bio Dry Gin&rdquo;, stets mit dem Handwerk und der Regionalit&auml;t vor Augen. Produziert im wundersch&ouml;nen Toggenburg, von welchem wir uns auch immer wieder f&uuml;r unsere Produkte inspirieren lassen. Als Toggenburg Distillery GmbH durften wir im Fr&uuml;hling 2023 im gleichen Geb&auml;ude wie die Brauerei St.Johann in Neu St.Johann unsere eigene Distillery und Eventlocation er&ouml;ffnen.</p><p>In unserer Produktion und Eventlocation bieten wir einzigartige Erlebnisse, F&uuml;hrungen und Degustationen sowie auch Gin- &amp;amp; Cocktail-Workshops an. Von einfachen bis exklusiven F&uuml;hrung, mit oder ohne kulinarische Begleitung, wir sind f&uuml;r alle Ideen offen. Packages auf unserer Website.&nbsp;</p><p>Des Weiteren kann unsere Eventtheke auch als Seminarraum f&uuml;r dich und deine Firma gemietet werden.</p>", "url": "https://www.toggenburg-distillery.ch", "image": "https://ttpimtsoch.sos-ch-dk-2.exoscale-cdn.com/catalog/f/1/4/d/f14d2a8aa995c9332f0f32d3f00b8cd433c9f60f_Toggenburg_Distillery_F__hrung__2.jpg", "openstreetmap_id": "node/382698673"}, "geometry": {"type": "Point", "coordinates": ["9.196313023567201", "47.22874512549"]}}, {"type": "Feature", "properties": {"identifier": "486573b4-212f-4856-ba61-e1fc0251cea2", "name": "Resonanzzentrum Peter Roth", "description": "Der Klangdom im dritten Stock des Resonanzzentrums Peter Roth ist das Herzst\u00fcck des Hauses und der erste \u00f6ffentlich zug\u00e4ngliche Klangdom in der Schweiz. Als Begegnungs- und Erlebnishaus heisst das Zentrum Besucherinnen und Besucher willkommen und bietet einen interaktiven Zugang zu Klang, Resonanz und Schwingung. Der Klangdom ist ein besonderer Ort f\u00fcr besondere Musik: Er bietet Platz f\u00fcr bis zu 100 G\u00e4ste, schafft Begegnungen und erm\u00f6glicht die Reflexion der Klangerfahrungen. Ein wichtiger Bestandteil f\u00fcr die erste audiovisuelle Pr\u00e4sentation im Klangdom ist die Dokumentarfilmreihe \u00abVom Zauberklang der Dinge\u00bb, die das Werk von Peter Roth und die Musizierenden zeigt, die ihn begleitet haben.", "url": "https://klangwelt.ch", "image": "https://ttpimtsoch.sos-ch-dk-2.exoscale-cdn.com/catalog/6/2/9/9/6299922ca72c2e6f32c44cf839cb80f1bceacd16_250623_GPU2501_3519_web.jpg", "openstreetmap_id": "way/1068618149"}, "geometry": {"type": "Point", "coordinates": ["9.329731464385988", "47.19039062489649"]}}, {"type": "Feature", "properties": {"identifier": "4d68d365-8807-4108-9653-d051d168e922", "name": "Schweizer Langlaufschule Toggenburg", "description": "Wir bieten Ihnen Langlaufkurse f\u00fcr Anf\u00e4nger, Wiedereinsteiger & Fortgeschrittene an. Wir zeichnen uns durch sehr gut ausgebildete & qualifizierte Langlauflehrer*innen aus. Bei uns k\u00f6nnen Sie Privatstunden, Familien- und Gruppenunterricht sowie Firmenevents buchen.  Ob in Alt St. Johann oder Wildhaus, am Tag oder auf der Nachtloipe bei uns finden Sie ihr massgeschneidertes Angebot.", "url": "https://www.loipen-toggenburg.ch", "image": "https://ttpimtsoch.sos-ch-dk-2.exoscale-cdn.com/catalog/7/e/0/f/7e0f90770fe62a59a2464464fe6de7df7b8c14f6_DSC07371.JPG", "openstreetmap_id": "node/222237424"}, "geometry": {"type": "Point", "coordinates": ["9.287188947200777", "47.1940772731022"]}}, {"type": "Feature", "properties": {"identifier": "4dcbfcdf-1576-4ac3-82dc-90ea0be3095d", "name": "Naturb\u00fchne Fl\u00f6\u00f6zli", "description": "<p>Aus heimischem Holz gefertigt, liegt diese Plattform entlang des Thur- und Neckerwegs frei im Landschaftsraum. Sie schafft eine klare, einfache Fl&auml;che im Freien &ndash; offen f&uuml;r das, was entstehen will.<br><br>Die B&uuml;hne kann spontan genutzt oder reserviert werden. Ob allein, zu zweit oder in einer kleinen Gruppe &ndash; hier entsteht Raum f&uuml;r Austausch, f&uuml;r Proben oder Trainings, Kurse und Workshops, kleine Vorf&uuml;hrungen oder f&uuml;r Team-Meetings &laquo;mal anders&raquo;. Die Naturb&uuml;hne bietet einen besonderen Rahmen f&uuml;r gemeinsame Momente in neuer Umgebung. Alternativ dient sie als Platz f&uuml;rs Picknick oder den Lunch am Mittag.</p>", "url": "https://thurundneckerweg.ch", "image": "https://ttpimtsoch.sos-ch-dk-2.exoscale-cdn.com/catalog/a/4/5/5/a455f80252894774134399ae3fc65c79009d865e_Naturb__hne_Fl____zli__Lichtensteig.jpg", "openstreetmap_id": "node/10542626910"}, "geometry": {"type": "Point", "coordinates": ["9.086500", "47.322056"]}}, {"type": "Feature", "properties": {"identifier": "4e10470c-b4a6-4ee8-9ae0-b0b3730a6439", "name": "Toggenburg Tourismus", "description": "<p>Unser Tourist-Info in Wildhaus ist Ihre zentrale Anlaufstelle f\u00fcr alles rund um Ferien, Ausfl\u00fcge und Erlebnisse in der Ferienregion Toggenburg. Wir unterst\u00fctzen Sie mit Tipps zu Wanderungen, Veranstaltungen, Familienangeboten, Unterk\u00fcnften sowie den sch\u00f6nsten Natur- und Kulturerlebnissen. Sie erreichen uns direkt im Tourist-Info, per Telefon, E-Mail oder bequem \u00fcber unseren Live-Chat. Zudem sind wir auch auf Social Media aktiv und beantworten dort gerne Ihre Fragen. Unser Team freut sich darauf, Sie bei Ihrer Planung zu unterst\u00fctzen und Ihnen die vielseitige Region n\u00e4herzubringen. Bis Bald!</p><p>Auskunft zur Zug\u00e4nglichkeit: <a href=\"https://www.ginto.guide/entries/b1f59ba3-fabd-412e-90f2-b5e69f03dd6d?lnk_src=business\" target=\"_blank\" rel=\"noopener\">ginto</a></p><p>\u00a0</p>", "url": "http://www.toggenburg.swiss", "image": "https://ttpimtsoch.sos-ch-dk-2.exoscale-cdn.com/catalog/7/d/a/1/7da19d17384480afb2b065a84bfbfb60609affc7_Tourist_Info_Sommer_2019_3.jpg", "openstreetmap_id": "node/7242485561"}, "geometry": {"type": "Point", "coordinates": ["9.341716", "47.201655"]}}, {"type": "Feature", "properties": {"identifier": "500372ce-6f00-4617-b311-3075d1097d9a", "name": "Metzgerei Metzger AG / Ebnat Kappel", "description": "Die Metzgerei Metzger AG\u2026\n\u2026 ist die Toggenburger Traditionsmetzgerei seit 1932. \u00dcber 200 Fleisch- und Wurstprodukte stellen wir selber her. Meist nach altbew\u00e4hrten Rezepten. Fast alles Fleisch stammt von Tieren aus dem Toggenburg. Unsere Lieferanten kennen wir pers\u00f6nlich. Bei Hygiene und Zusatzstoffen orientieren wir uns an modernsten Grunds\u00e4tzen. Bis bald in unseren zwei besteingerichteten Verkaufsgesch\u00e4ften im Toggenburg! Oder bei den Verkaufswagen \u00fcberall im Z\u00fcrcherland.\n\nIm Unterschied zu Grossverteilern setzt die Metzgerei Metzger AG auf reine Handwerkskunst: Mitarbeitende mit teils jahrzehntelanger Erfahrung kontrollieren die Herstellung von der Fleischgewinnung bis zum Verkauf.\n\n-Zn\u00fc\u00fcni Hit: jeden Tag was von der warmen Theke f\u00fcr CHF 5.00 im B\u00fcrli\n- Geschenke und Mitbringsel\n- Catering; fragen Sie uns an: info@metzger-metzger.ch\n- Hausgemachte Fleisch und Wurstspezialit\u00e4ten\n- Toggenburger Fleischspezialit\u00e4ten; Stockbergspeck, Mostb\u00f6ckli, Birnenm\u00f6ckli usw.\n- extrawuerste.ch\n- Fleisch- und K\u00e4seplatten f\u00fcr jede Gelegenheit", "url": "https://metzger-metzger.ch", "image": "https://ttpimtsoch.sos-ch-dk-2.exoscale-cdn.com/catalog/a/5/7/8/a578448429330a60648811aefd1b73052caac9b6_IMG_20230208_WA0004.jpg", "openstreetmap_id": "4163301389"}, "geometry": {"type": "Point", "coordinates": ["9.1245813", "47.2612118"]}}, {"type": "Feature", "properties": {"identifier": "52561659-8932-4248-93ac-42a63b50e261", "name": "Erlebnishaus Klangschmiede", "description": "<p>In der 2011 er&ouml;ffneten Werkstatt und Gesch&auml;ftsstelle der Klangwelt Toggenburg wird das Kunsthandwerk des Schmiedens von Schellen und anderen Klangk&ouml;rpern gezeigt und vermittelt. Die Klangschmiede ist ein interaktives Erlebnishaus mit verschiedenen Themenr&auml;umen. Tauchen Sie ein in die Themen Weltall, Fauna und Flora, Naturtonmusik und Brauchtum. Und erfahren Sie mehr &uuml;ber Klangph&auml;nomene oder Heilung durch Klang. Ausprobieren und Experimentieren ist ausdr&uuml;cklich erw&uuml;nscht.</p><p>&nbsp;</p><p>Auskunft zur Zug&auml;nglichkeit:&nbsp;<a href=\"https://www.ginto.guide/entries/b7546341-d476-4086-82d8-2f124487b429?lnk_src=business\" target=\"_blank\" rel=\"noopener\">ginto</a></p>", "url": "http://www.klangwelt.ch", "image": "https://ttpimtsoch.sos-ch-dk-2.exoscale-cdn.com/catalog/5/2/b/2/52b2f6391dfec2704b7e3a685cc8c48cabf749ce_Klang_und_Brauchtum_Klangschmiede_Klangwelt_Toggenburg.jpg", "openstreetmap_id": "node/1083115186"}, "geometry": {"type": "Point", "coordinates": ["9.27897870540619", "47.193419883716835"]}}, {"type": "Feature", "properties": {"identifier": "536fc1f7-581c-4072-a766-a1f12ba3f1ae", "name": "Eventraum Sch\u00fc\u00fcr", "description": "<p>Die Sch&uuml;&uuml;r wird gef&uuml;hrt von Menschen mit und ohne Handicap. Unser Anliegen liegt in der integrativen und sinnvollen Besch&auml;ftigung von Menschen mit Beeintr&auml;chtigungen. Dieder Betrieb der Sch&uuml;&uuml;r basiert auf dem Monatsprogramm. Dieses kann ab ca. dem 20. Des Vormonats auf unserer Website herunter geladen werden: www.schuurbrunnadern.ch Wir werden gerne gebucht und sind auch hervorragend geeignet f&uuml;r Gastroanl&auml;sse von Gruppen und Bed&uuml;rfnisse verschiedenster Art, bei der wir gerne f&uuml;r ihr Wohl besorgt sind. Unser atmosph&auml;risch starker Eventraum umfasst mit Gastrobestuhlung min. 60 Pl&auml;tze. Unsere Veranstaltungen haben in der Regel einen kulinarischen Hintergrund. Wir geben aber auch Veranstaltungen Raum die lediglich ein Catering, oder einen Apero inkludieren. Sie k&ouml;nnen bei uns auch ihre eigene Veranstaltung organisieren. Unser Raum kann auch gemietet werden. Die Technik umfasst WLAN und einen Beamer. Geplant ist der Aufbau einer verbesserten Ausstellungsraumtechnik. Mit dem Treppenlift ist ein barrierefreier Zugang m&ouml;glich. Nur bedingt geeignet sind wir f&uuml;r Anl&auml;sse mit mehreren rollstuhlfahrenden Teilnehmern. Parkpl&auml;tze befinden sich in unmittelbarer N&auml;he und der Bahnhof ist in 5 min. erreicht. Unsere Betriebsleiterin Frau Susanne Stalder beantwortet gerne ihre weiteren Fragen: info@schuurbrunnadern.</p><p>&nbsp;</p><p>Auskunft zur Zug&auml;nglichkeit:&nbsp;<a href=\"https://www.ginto.guide/entries/0922abed-fda6-469f-868f-5b9ad886126d?lnk_src=business\" target=\"_blank\" rel=\"noopener\">ginto</a></p>", "url": "https://www.schuurbrunnadern.ch/", "image": "https://ttpimtsoch.sos-ch-dk-2.exoscale-cdn.com/catalog/1/3/8/e/138ec4380ae46007911d03953fa76adba92b5df6_Sch____r.jpg", "openstreetmap_id": "way/177908927"}, "geometry": {"type": "Point", "coordinates": ["9.130995869636537", "47.33540906495313"]}}, {"type": "Feature", "properties": {"identifier": "54376a6d-191c-497f-8166-74ee3e754dba", "name": "Ackerhus", "description": "<div><p>Im Herzen des Toggenburgs steht das Ackerhus in Ebnat\u2011Kappel &ndash; ein Ort, der Kulturerbe auf inspirierende Weise bewahrt und lebendig h&auml;lt. Das historische Bauernhaus aus dem 18. Jahrhundert wurde 1952 von Albert Edelmann originalgetreu an seinem heutigen Standort aufgebaut. Damit legte er den Grundstein f&uuml;r das heutige Heimatmuseum und Kulturlokal.</p><p>Das Ackerhus vereint Geschichte und Gegenwart zu einem besonderen Ort: Toggenburger Architektur, liebevoll restaurierte und modern erweiterte R&auml;ume laden zu Sonderausstellungen, Konzerten und privaten Feiern ein. Hier treffen Vergangenheit und Gegenwart aufeinander und schaffen Inhalte, die Herkunft dokumentieren und in der Gegenwart verbinden.</p><p>Ob bei einem spontanen Besuch der Ausstellung oder einer besonderen Veranstaltung &ndash; das Ackerhus bietet Perspektiven, die neugierig machen und Lust auf mehr wecken.</p></div>", "url": "http://ackerhus.ch", "image": "https://ttpimtsoch.sos-ch-dk-2.exoscale-cdn.com/catalog/f/1/6/a/f16a7cca677f6202a5da7e41c98e4b797724e03b_STB20250826_531__1_.jpg", "openstreetmap_id": "node/746685880"}, "geometry": {"type": "Point", "coordinates": ["9.1224594", "47.2673229"]}}, {"type": "Feature", "properties": {"identifier": "582dc67c-de32-40a4-a1e5-4c84a4b9f3cb", "name": "Selunbahn", "image": "https://ttpimtsoch.sos-ch-dk-2.exoscale-cdn.com/catalog/2/6/d/6/26d63202467876aa00c0e025afb557e4baa4ad11_TT_2025_Selunbahn_143.jpg"}}, {"type": "Feature", "properties": {"identifier": "597b5b83-a1f6-4bee-b843-7677fa5ae1d1", "name": "Toggenburgshop Ebnat-Kappel", "description": "Der Toggenburgshop ist dein Selbstbedienungsladen in Ebnat-Kappel. Der Laden steht dir w\u00e4hrend 24 Stunden am Tag zur Verf\u00fcgung. Du erh\u00e4ltst im Toggenburgshop viele Produkte f\u00fcr deinen t\u00e4glichen Bedarf \u2013 nat\u00fcrlich m\u00f6glichst aus dem Toggenburg. Die Galerie Elf bietet im gleichen Ladenlokal Dekoration und Kunst an.", "url": "https://www.toggenburgshop.ch", "image": "https://ttpimtsoch.sos-ch-dk-2.exoscale-cdn.com/catalog/1/8/b/6/18b62703efee6363920d69e4de628349bd3c0e54_toggenburgshop_ebnat_kappel.jpg", "openstreetmap_id": "node/10781812605"}, "geometry": {"type": "Point", "coordinates": ["9.120744466781618", "47.26452400035863"]}}, {"type": "Feature", "properties": {"identifier": "5b0d24ae-4156-4298-9c74-6f3174daca11", "name": "Gleitschirm Tandemflug beim Ch\u00e4serrugg", "description": "Der 15 bis 20-min\u00fctige Panoramaflug ist t\u00e4glich bei gutem Wetter m\u00f6glich und der 30 bis 45-min\u00fctige Thermikflug ist t\u00e4glich von April bis August m\u00f6glich. Oder wie w\u00e4re es mit unserem DUO-Gleitschirmflug zu zweit parallel an zwei Gleitschirmen? Du hast auch die M\u00f6glichkeit, einen halben Tag mit Privatpilot zu buchen mit bis zu 3 Fl\u00fcgen. Wir bieten ebenfalls Gruppenevents und Schnupperkurse f\u00fcr gr\u00f6ssere Gruppen oder Firmenausfl\u00fcge an.\n\nInkludierte Leistungen: Gesamte Ausr\u00fcstung, Pilot, exkl. Bergfahrt\nkeine Vorkenntnisse erforderlich, ab 8 Jahren", "url": "https://www.passagierflug.ch/", "image": "https://ttpimtsoch.sos-ch-dk-2.exoscale-cdn.com/catalog/3/9/5/1/39519b576dc7a4f3be42f07a88320256b1d0746e_Thermikflug_Ch__erugg.jpg", "openstreetmap_id": "node/243721699"}, "geometry": {"type": "Point", "coordinates": ["9.312185537778436", "47.15518373298394"]}}, {"type": "Feature", "properties": {"identifier": "5be53563-33a4-49cf-96e5-932fd938386b", "name": "Macherzentrum Toggenburg", "description": "Die Infrastruktur besteht aus einzelnen Arbeitspl\u00e4tzen, die Coworker*innen nach ihren Bed\u00fcrfnissen buchen und nutzen. Die Arbeitspl\u00e4tze werden durch zwei Besprechungsr\u00e4ume, einer Begegnungszone (Event) und der offen verbundenen Kaffee-K\u00fcche erg\u00e4nzt. Diese nutzen sowohl Coworker*innen als auch aussenstehende Firmen, Organisationen und Vereine f\u00fcr interne Anl\u00e4sse wie Sitzungen oder Workshops, aber auch f\u00fcr Treffen und Pr\u00e4sentationen mit ihren Kundinnen und Kunden. \n", "url": "https://www.macherzentrum.ch", "image": "https://ttpimtsoch.sos-ch-dk-2.exoscale-cdn.com/catalog/3/1/1/e/311e52d7fbd00a1c6683dbc349e2895df3e25739_macherzentrum_toggenburg_lichtensteig_coworking_space_8.jpg", "openstreetmap_id": "node/7686614116"}, "geometry": {"type": "Point", "coordinates": ["9.0878669", "47.3240811"]}}, {"type": "Feature", "properties": {"identifier": "5c7c9ff2-e7cf-4ff1-9636-6949411cd788", "name": "\u00dcber Nachtw\u00e4chter und Brunnenmeister", "description": "<p>Im Mittelalter hatten Nachtw&auml;chter (T&uuml;rmer) und Brunnenmeister eine zentrale Bedeutung f&uuml;r das Leben in St&auml;dten und Gemeinden. Ihre Aufgaben trugen ma&szlig;geblich dazu bei, Ordnung, Sicherheit und die Versorgung der Bev&ouml;lkerung zu gew&auml;hrleisten. Diese beiden Berufe waren essenziell f&uuml;r die mittelalterliche, sp&auml;t-mittelalterliche und neuzeitliche Gesellschaft. Sie symbolisieren nicht nur die Organisation des st&auml;dtischen Lebens, sondern auch den fr&uuml;hen Versuch, Gefahren systematisch zu begegnen.</p><p><strong>Ap&eacute;ro<br></strong>Zur stimmigen Abrundung kommt ein feiner Ap&eacute;ro vor oder nach der F&uuml;hrung sehr gut an - unser Spezialangebot f&uuml;r St&auml;dtlif&uuml;hrungsgruppen finden Sie&nbsp; <a href=\"https://toggenburg.swiss/files/_OpenFrontend/websites/toggenburg.swiss/objects/pdf_download/ap%C3%A9ro_angebote_lichtensteig.pdf\" target=\"_blank\" rel=\"noopener\">hier.</a>&nbsp;</p>", "image": "https://ttpimtsoch.sos-ch-dk-2.exoscale-cdn.com/catalog/1/3/0/3/1303ce6fa48f539f8187c40d36f8f94be733e1cf_02_Wakkerpreis_2023_Lichtensteig.jpg"}, "geometry": {"type": "Point", "coordinates": ["9.08723294734955", "47.32356333889576"]}}, {"type": "Feature", "properties": {"identifier": "5e9f9531-b062-41aa-b3b3-2250f4492697", "name": "Brunnengeschichten", "description": "<p>So passte der Brunnenh&uuml;ter auf, dass niemand das &laquo;Wasser beschisse und unsauber mache&raquo;. Die Waschweiber sollten ihre Arbeiten im Sudelbrunnen besorgen. Die Metzger waren an den &laquo;Metzgibrunnen&raquo; gewiesen. Bei den Brunnen wurde &laquo;getratscht&raquo; und man traf sich f&uuml;r den Austausch von Neuigkeiten.<br>Die Sorge f&uuml;r ausreichendes und sauberes Wasser geh&ouml;rte zu allen Zeiten zu den elementaren Anliegen. Die &ouml;ffentlichen Brunnen Lichtensteigs waren bis weit ins 19. Jahrhundert hinein die einzige Quelle f&uuml;r den Hausgebrauch und spielten f&uuml;r den t&auml;glichen Wasserbedarf der Bev&ouml;lkerung eine zentrale Rolle. Erst mit dem Bauplan von 1879 und der anschliessenden Realisierung erhielt Lichtensteig und dessen Umgebung eine moderne Wasserversorg mit Reservoir und Leitungsnetz.</p><p><strong>Ap&eacute;ro<br></strong>Zur stimmigen Abrundung kommt ein feiner Ap&eacute;ro vor oder nach der F&uuml;hrung sehr gut an - unser Spezialangebot f&uuml;r St&auml;dtlif&uuml;hrungsgruppen finden Sie&nbsp; <a href=\"https://toggenburg.swiss/files/_OpenFrontend/websites/toggenburg.swiss/objects/pdf_download/ap%C3%A9ro_angebote_lichtensteig.pdf\" target=\"_blank\" rel=\"noopener\">hier.</a>&nbsp;</p>", "image": "https://ttpimtsoch.sos-ch-dk-2.exoscale-cdn.com/catalog/4/3/c/4/43c48bf5323f780b77b6e1dab85075d947cf09c0_Brunnen.jpg"}, "geometry": {"type": "Point", "coordinates": ["9.08724367618561", "47.32352333434362"]}}, {"type": "Feature", "properties": {"identifier": "5f539234-8a21-4a79-9cdd-9eaa037c325b", "name": "Beat Sport, Wildhaus", "description": "Ihr Fachgesch\u00e4ft f\u00fcr den Kauf und die Vermietung von Sportartikel. \n\nSkivermietung w\u00e4hrend Saison t\u00e4glich ge\u00f6ffnet", "url": "https://www.beat-sport.ch/locations/wildhaus", "image": "https://ttpimtsoch.sos-ch-dk-2.exoscale-cdn.com/catalog/1/8/0/f/180feb2cc38fd01406d7d2c5c5b3533b653d9dba_Beat_Sport_h.jpg", "openstreetmap_id": "node/8536359578"}, "geometry": {"type": "Point", "coordinates": ["9.3401349", "47.2015926"]}}, {"type": "Feature", "properties": {"identifier": "61b4fd52-1959-4256-ba60-677c5b00cc35", "name": "Krone Mosnang", "description": "<p>FEIERN Es freut uns sehr, mit dem neuen kroneSAAL viel Platz und moderne Gem&uuml;tlichkeit f&uuml;r gediegene Festlichkeiten im gr&ouml;sseren und kleineren Rahmen anbieten zu d&uuml;rfen. Ob Geburtstagsfest, Ap&eacute;ro, Familienfeier, Vereinstreffen oder Hochzeit - wir verw&ouml;hnen Sie rundum mit unseren saisonalen und regionalen Gerichten. TAGEN Die Krone Mosnang ist der ideale Ort f&uuml;r Tagungen, Seminare, Workshops oder Referate. Mit mehreren R&auml;umen unterschiedlichster Art und der neu erstellten kroneLODGE k&ouml;nnen wir Ihnen alles bieten, was Sie f&uuml;r Ihren Anlass ben&ouml;tigen. SCHLAFEN &Uuml;bernachten Sie in unserem modernen G&auml;stehaus, der kroneLODGE. In 10 gem&uuml;tlichen und stilvollen Zweibettzimmern bieten wir die ideale &Uuml;bernachtungsm&ouml;glichkeit. Tr&auml;umen Sie sch&ouml;n... Infrastruktur Zweir&auml;der: - Ladem&ouml;glichkeiten E-Bikes drinnen und draussen - kroneLODGE bietet abschliessbaren Veloraum mit Strom f&uuml;r Lodge G&auml;ste an.</p><p>&nbsp;</p><p>Auskunft zur Zug&auml;nglichkeit: <a href=\"https://www.ginto.guide/entries/3a1bf073-af40-4cd2-8f5f-7addd45a9a18?lnk_src=business\" target=\"_blank\" rel=\"noopener\">ginto</a></p>", "url": "http://www.kronemosnang.ch", "image": "https://ttpimtsoch.sos-ch-dk-2.exoscale-cdn.com/catalog/f/8/0/8/f808cbf58a4eee7f89b4e81536251689cbeee525_kroneLODGE_Mosnang_1.jpg", "openstreetmap_id": "node/9038093055"}, "geometry": {"type": "Point", "coordinates": ["9.041178", "47.364081"]}}, {"type": "Feature", "properties": {"identifier": "61fc66c9-2cbc-4974-a7f2-1eec1521d5fe", "name": "Hotel Friedegg Gasthaus B&B", "description": "Treten Sie ein in unser einmaliges Gasthaus, entschleunigen Sie, geniessen und erleben Sie pers\u00f6nlich unsere Leidenschaft f\u00fcr das Authentische und Aufrichtige. Dank der sanften Renovation vermischt sich in der Friedegg heute Altehrw\u00fcrdiges mit Modernem. Ein feines Fr\u00fchst\u00fcck erwartet Sie t\u00e4glich. Parkpl\u00e4tze, Velo- und Skiraum, schnelles WLAN und zus\u00e4tzliche Aufenthaltsr\u00e4ume stehen zur Verf\u00fcgung. Die kleine feine, hauseigene Bibliothek l\u00e4dt zum Verweilen. Von jedem Zimmer aus haben Sie Aussicht auf die faszinierende Bergwelt des Churfirsten- und Alpsteingebietes. Die Atmosph\u00e4re im Hotel ist ungezwungen, stilvoll und pers\u00f6nlich.", "url": "https://www.gasthaus-friedegg.ch", "image": "https://ttpimtsoch.sos-ch-dk-2.exoscale-cdn.com/catalog/c/9/e/6/c9e6d17fdc290b3b3bf87abbde983ab14843a810_IMG_20230621_194925.jpg", "openstreetmap_id": "node/7621925247"}, "geometry": {"type": "Point", "coordinates": ["9.3399175", "47.2007763"]}}, {"type": "Feature", "properties": {"identifier": "62103a72-114c-4167-b7ec-269fea97609b", "name": "Toggenburgshop Unterwasser", "description": "Der Toggenburgshop ist dein Selbstbedienungsladen in Unterwasser. Der Laden steht dir w\u00e4hrend 24 Stunden am Tag zur Verf\u00fcgung. Du erh\u00e4ltst im Toggenburgshop viele Produkte f\u00fcr deinen t\u00e4glichen Bedarf \u2013 nat\u00fcrlich m\u00f6glichst aus dem Toggenburg.", "url": "https://www.toggenburgshop.ch/", "image": "https://ttpimtsoch.sos-ch-dk-2.exoscale-cdn.com/catalog/0/1/8/f/018f308e76423b615bd051ed96a0d3374de0ba28_toggenburgshop_hoettli_unterwasser.jpg", "openstreetmap_id": "way/1368411531)"}, "geometry": {"type": "Point", "coordinates": ["9.3109667301178", "47.196620053991474"]}}, {"type": "Feature", "properties": {"identifier": "6282ff01-9450-4dc6-9aa2-7b57b867cb8c", "name": "Bergrestaurant Iltios", "description": "<p>In der sch\u00f6nen Bergwelt des Iltios, in der Mitte des Klangweges und direkt an der Skipiste, auf einem sonnigen Plateau, steht das weitaus bekannte Bergrestaurant Iltios. Mit der grossz\u00fcgigen Terrasse von 300 Pl\u00e4tzen, angrenzend an unseren sch\u00f6nen Kinderspielplatz servieren wir Ihnen urchige Speisen. Im Restaurant verf\u00fcgen wir \u00fcber 70 Pl\u00e4tze, davon 30 mit direktem Ausblick auf den S\u00e4ntis und das Obertoggenburg. Im Panoramasaal stehen Ihnen 100 Pl\u00e4tze mit Rundsicht zur Verf\u00fcgung. Das Bergrestaurant Iltios ist barrierefrei zug\u00e4nglich.</p><p>\u00a0</p><p>Auskunft zur Zug\u00e4nglichkeit:\u00a0<a href=\"https://www.ginto.guide/entries/3f439469-8eb8-4327-a885-78ced67a2a94?lnk_src=business\">ginto</a></p>", "url": "https://www.chaeserrugg.ch/de", "image": "https://ttpimtsoch.sos-ch-dk-2.exoscale-cdn.com/catalog/1/6/e/6/16e602a2dbde5381b9b2b5714f238cab6f0447e8_TT_Station_Iltios_Sommer_2019__2.jpg", "openstreetmap_id": "node/243721697"}, "geometry": {"type": "Point", "coordinates": ["9.3125392", "47.1851567"]}}, {"type": "Feature", "properties": {"identifier": "63a1c040-5ca2-4691-8959-4732391badbc", "name": "Reitschule f\u00fcr Kinder und Erwachsene / gef\u00fchrte Ausritte im Toggenburg", "description": "<p>Auf unserem modernen Sandplatz in Dietfurt SG bieten wir pferdebegeisterten Kindern und Erwachsenen Reitstunden auf gut ausgebildeten Schulpferden an.<br>Zudem k&ouml;nnen auch gef&uuml;hrte Ausritte ins Gel&auml;nde oder Bodenarbeitskurse gebucht werden.</p>\n<p>Weitere Informationen zu unseren Angeboten, Preisen und Kursen finden Sie auf unserer Website unter:<br><a href=\"https://kutschenfahrten-scherrer.ch/Reitschule/\">www.kutschenfahrten-scherrer.ch</a>, Rubrik&nbsp;<strong>Reitschule</strong>.</p>", "url": "https://www.kutschenfahrten-scherrer.ch", "image": "https://ttpimtsoch.sos-ch-dk-2.exoscale-cdn.com/catalog/a/7/9/0/a7906dbbea0c570d696618fede823cc15555fdc5_Gel__nderitt1.jpg", "openstreetmap_id": "way/272177472"}, "geometry": {"type": "Point", "coordinates": ["9.0767387", "47.3438857"]}}, {"type": "Feature", "properties": {"identifier": "63cec007-112d-43b5-8313-85a4f385c0e9", "name": "Hofladen Adelbach-Hof", "description": "Neben unseren selbstgemachten Joghurt und Fleisch unserer Tiere bieten wir auch Pastmilch, Freilandeier und K\u00e4se von Partnerbetrieben der Region an. Auf jeden Fall einen Besuch wert, ebenfalls wunderbar mit einem Besuch bei der Kamerasau (www.kamerasau.ch) zu verbinden.", "url": "https://www.adelbach-hof.ch/", "image": "https://ttpimtsoch.sos-ch-dk-2.exoscale-cdn.com/catalog/b/7/9/a/b79a866eae7006d805270fab51e4a42ea538a73c_Dojana.jpg", "openstreetmap_id": "way/218081985"}, "geometry": {"type": "Point", "coordinates": ["9.1275410068259", "47.343055449999994"]}}, {"type": "Feature", "properties": {"identifier": "63f1cef3-073b-4d9e-9557-92f0874b6144", "name": "S\u00e4ntisloipe", "image": "https://ttpimtsoch.sos-ch-dk-2.exoscale-cdn.com/catalog/4/1/e/7/41e7b7901bdc7e8f36f3149951ab371c09178042_langlauf.jpg", "openstreetmap_id": "way/39161823"}, "geometry": {"type": "Point", "coordinates": ["9.2339398", "47.2440338"]}}, {"type": "Feature", "properties": {"identifier": "6481ce97-e3e9-4368-b50b-459c74592707", "name": "Langlauf Panorama-Loipe Scherb/Bendel (Hemberg - Ebnat-Kappel)", "description": "Beim Langlauf nicht nur etwas f\u00fcr die Fitness tun, sondern gleichzeitig Aussichten geniessen und spannende Hintergrundinformationen erhalten? Das ist auf der rund f\u00fcnf Kilometer langen Panorama-Loipe im Scherb/Bendel zwischen Hemberg und Ebnat-Kappel m\u00f6glich. Auf acht Tafeln werden die einmaligen Ausblicke auf die Churfirsten, den Alpstein, das Neckertal, die Chr\u00fczegg, den Stockberg, den Speer und Richtung Z\u00fcrichsee mit geschichtlichen, geografischen und weiteren Informationen n\u00e4her erkl\u00e4rt. Zus\u00e4tzlich sind alle Tafeln mit einem Kinderm\u00e4rchen erg\u00e4nzt. Das M\u00e4rchen vom Heinzelm\u00e4nnchen Speerli ist fortlaufend \u00fcber alle acht Tafeln geschrieben.", "url": "https://www.loipen-scspeer.ch/panoramaloipe/", "image": "https://ttpimtsoch.sos-ch-dk-2.exoscale-cdn.com/catalog/e/4/2/c/e42c4b0d4d03e2deeff73edaa2df7730fa0c1fa7_resized_650x365_origimage_691130.jpg", "openstreetmap_id": "node/1854816357"}, "geometry": {"type": "Point", "coordinates": ["9.163026809692385", "47.27713230427341"]}}, {"type": "Feature", "properties": {"identifier": "65073e3d-6225-4569-b853-60811c612854", "name": "Gipfelrestaurant Ch\u00e4serrugg", "description": "<p>Ein Ort der Ruhe und des Genusses Hoch oben auf dem Ch\u00e4serrugg, dem \u00f6stlichsten der sieben Churfirsten, erwartet Sie das Gipfelrestaurant Ch\u00e4serrugg. Auf 2'262 Metern \u00fcber Meer bietet es nicht nur kulinarische H\u00f6hepunkte, sondern auch einen atemberaubenden Panoramablick \u00fcber sechs L\u00e4nder. Ob bei strahlendem Sonnenschein oder mystischem Nebel \u2013 hier erleben Sie eindr\u00fcckliche Momente inmitten der alpinen Landschaft. Architektur im Einklang mit der Natur Das von Herzog & de Meuron entworfene Gipfelgeb\u00e4ude f\u00fcgt sich harmonisch in die Bergwelt ein. Verwendet wurden unbehandelte H\u00f6lzer aus der Schweiz \u2013 Fichte und Esche \u2013 die der Architektur eine schlichte Eleganz und regionale Authentizit\u00e4t verleihen. Die grossz\u00fcgigen Fensterfronten er\u00f6ffnen spektakul\u00e4re Ausblicke, w\u00e4hrend die durchdachte Raumgestaltung sowohl R\u00fcckzugsorte als auch gesellige Pl\u00e4tze schafft. Rahmenprogramme f\u00fcr unvergessliche Erlebnisse Die Hochebene Rosenboden l\u00e4dt zu gem\u00fctlichen Wanderungen ein. Der Panoramarundweg bietet faszinierende Ausblicke auf \u00fcber 500 Berggipfel und den Walensee. F\u00fcr Interessierte werden Architekturf\u00fchrungen angeboten, die spannende Einblicke in die Entstehung und Gestaltung des Gipfelgeb\u00e4udes geben. Anreise \u2013 bequem und barrierefrei Die Anreise zum Ch\u00e4serrugg gestaltet sich komfortabel: Von Unterwasser gelangen Sie mit der Standseilbahn nach Iltios und von dort mit der Luftseilbahn direkt zum Gipfel. Beide Bahnen sind rollstuhlg\u00e4ngig, und auch das Gipfelgeb\u00e4ude.</p><p>Auskunft zur Zug\u00e4nglichkeit: <a href=\"https://www.ginto.guide/entries/2f369494-dd11-48ba-89d2-437c7260d357?lnk_src=business\" target=\"_blank\" rel=\"noopener\">ginto</a></p><p>\u00a0</p>", "url": "http://www.chaeserrugg.ch/", "image": "https://ttpimtsoch.sos-ch-dk-2.exoscale-cdn.com/catalog/f/9/c/7/f9c782007d61e32da1bd1861cc07ce9fd8b75a6c_0000660_chaeserrugg_shooting_am_S_24.jpg", "openstreetmap_id": "node/243721699"}, "geometry": {"type": "Point", "coordinates": ["9.312517031027447", "47.155192816331585"]}}, {"type": "Feature", "properties": {"identifier": "669cca08-ad58-48de-b9d2-9be537b743e2", "name": "K\u00f6nigs Ch\u00e4si", "description": "Die K\u00f6nigs Ch\u00e4si steht f\u00fcr ehrliches Handwerk, regionale Verbundenheit und gelebte K\u00e4sekultur im Toggenburg. Als junges, famili\u00e4r gef\u00fchrtes Unternehmen verbinden wir Tradition mit frischem Unternehmergeist \u2013 immer mit dem Fokus auf Qualit\u00e4t, Herkunft und Geschmack.\n\nUnsere K\u00e4se entstehen an zwei Standorten: In Nesslau produzieren wir sowohl unsere Appenzeller-Produkte als auch unseren charakterstarken Bergk\u00f6nig. Die Milch daf\u00fcr stammt von ausgew\u00e4hlten Bauern aus der Region, mit denen wir eng und partnerschaftlich zusammenarbeiten. Sorgfalt, Erfahrung und viel Herzblut pr\u00e4gen jeden einzelnen Produktionsschritt.\n\nDer Bergk\u00f6nig erh\u00e4lt seinen letzten Schliff in unserem externen Reifelager im Sch\u00f6nenberg. Dort reift er in aller Ruhe unter optimalen Bedingungen heran und entwickelt sein unverwechselbares Aroma \u2013 kr\u00e4ftig, ehrlich und mit alpinem Charakter.\n\nDie K\u00f6nigs Ch\u00e4si ist mehr als nur eine K\u00e4serei: Sie ist ein Ort, an dem Leidenschaft f\u00fcr das Handwerk, regionale Identit\u00e4t und die Liebe zum Produkt sp\u00fcrbar werden. Ein echtes St\u00fcck Toggenburg \u2013 zum Geniessen, Entdecken und Weitererz\u00e4hlen.", "url": "https://www.koenigs-chaesi.ch/", "image": "https://ttpimtsoch.sos-ch-dk-2.exoscale-cdn.com/catalog/3/6/9/8/3698815a980e3a98a7783cf5eec44b076332b88c_2S2A9798.jpg", "openstreetmap_id": "node/3499725480"}, "geometry": {"type": "Point", "coordinates": ["9.199011325836183", "47.22515717946661"]}}, {"type": "Feature", "properties": {"identifier": "66e4bbef-a4d0-406f-b2e0-0bdd75b6a305", "name": "W\u00fclflingerhaus", "description": "<div><p>Unser zweckm&auml;ssig eingerichtetes Selbstkocherhaus befindet sich im Ortsteil Rain in Alt St. Johann, zehn Minuten von der Postautostation und dem Dorfladen entfernt. Zur Sellamatt\u2011Seilbahn sind es 15 Minuten; bei g&uuml;nstiger Schneelage kann man mit den Skiern direkt bis zum Haus abfahren.</p><p>Das Haus bietet insgesamt 31 Schlafpl&auml;tze in f&uuml;nf Zimmern, eingerichtet als Matratzenlager. Schlafsack und Fixleintuch sind mitzubringen.</p><p>Unsere Ski- und Wanderh&uuml;tte liegt im Ortsteil Rain in Alt St. Johann, rund zehn Gehminuten von der Postautostation und dem Dorfladen entfernt. In der &Uuml;bergangszeit und im Winter muss das Haus nach dem Vorheizen durch die H&uuml;ttenwartin mit Holz selbst beheizt werden.</p><p>In 15 Minuten erreichen Sie die Talstation der Sessel-/ und Kabinenbahn Sellamatt, die Sie im Sommer direkt ins Wandergebiet Churfirsten mit seinen gut erreichbaren Gipfeln bringt. Im Winter f&uuml;hrt die Skipiste bis ins Tal und eine Zufahrt direkt zum Haus ist m&ouml;glich. In schneearmen Wintern bringt Sie die Seilbahn direkt hinauf ins Skigebiet Ch&auml;serugg.</p><p>Zur An- und Abreise kann bis zum Haus gefahren werden; zum Parkieren steht unser Parkplatz in Gehdistanz zur Verf&uuml;gung.</p><p>Bitte beachten Sie:<br>&ndash; Unser Haus steht nicht allein. Die Durchf&uuml;hrung von Junggesellenabschieden, exzessiven Feiern oder anderen Veranstaltungen, die zu erheblicher L&auml;rmbel&auml;stigung der Nachbarn f&uuml;hren, ist nicht erlaubt.<br>&ndash; Hausreinigung durch die Mieter.<br>&ndash; Haustiere sind nicht erlaubt.<br>&ndash; Nichtraucherhaus.</p></div>", "url": "https://wuelflingerhaus.ch/", "image": "https://ttpimtsoch.sos-ch-dk-2.exoscale-cdn.com/catalog/0/2/2/a/022a6e7a9659fb7352de962f272ab4530d8a7f00_S__dansicht_Sommer.JPG", "openstreetmap_id": "node/223211128"}, "geometry": {"type": "Point", "coordinates": ["9.27925", "47.19078"]}}, {"type": "Feature", "properties": {"identifier": "67245292-9531-4d34-a310-2cc6cae6a1a2", "name": "Hydromyths \u2013 Lucie Tuma", "description": "<p>Am Zusammenfluss von Thur und Necker in L&uuml;tisburg l&auml;dt Lucie Tuma mit &bdquo;Hydromyths&ldquo; zu einem begehbaren Klangraum ein. Vogelstimmen, Wasserger&auml;usche und eingesprochene Texte erklingen &uuml;ber eine Tonspur, Holzbilder an der historischen Br&uuml;cke erg&auml;nzen den Soundwalk. Naturkl&auml;nge und Erz&auml;hlung treten hier in einen leisen Dialog.</p>", "url": "https://thurundneckerweg.ch", "image": "https://ttpimtsoch.sos-ch-dk-2.exoscale-cdn.com/catalog/5/1/c/6/51c6d5ab0e866e3ad3d68fbd45949239ab8035de_HST_2969.jpg", "openstreetmap_id": "node/13615010805"}, "geometry": {"type": "Point", "coordinates": ["9.083389", "47.391944"]}}, {"type": "Feature", "properties": {"identifier": "6ae75ef8-3fb9-4950-9e5e-ec879b9039ae", "name": "Skillspark", "description": "Die Fahrtechnik kann auf Abschnitten unterschiedlicher Schwierigkeit ge\u00fcbt und verbessert werden. Insgesamt stehen rund 3km gekenntzeichnete \u00dcbungsabschnitte (blau, rot, schwarz) zur Verf\u00fcgung. Die Bike Academy Toggenburg bietet Fahrtechnikkurse an, in welchen die sichere Herangehensweise erkl\u00e4rt und ge\u00fcbt wird.", "url": "https://bikeacademy-toggenburg.ch/skillspark", "image": "https://ttpimtsoch.sos-ch-dk-2.exoscale-cdn.com/catalog/8/7/3/b/873becd5a617d2c3e34043fb76c94dda70c00f69_Bildschirmfoto_2026_07_14_um_14.27.39.png", "openstreetmap_id": "node/6074659261"}, "geometry": {"type": "Point", "coordinates": ["9.342820644378664", "47.200203329948586"]}}, {"type": "Feature", "properties": {"identifier": "6ce16aef-91ee-4743-ba21-12d9a43c47de", "name": "Schaukel B\u00fchl", "description": "<p>Ein Holzbrett, zwei Ketten &ndash; mehr braucht es nicht. Entlang des Thur- und Neckerwegs entsteht so ein einfacher Ort, der an fr&uuml;her erinnert.<br><br>Beim Schaukeln wird das Gef&uuml;hl leichter und Gedanken verlieren an Gewicht. F&uuml;r einen Moment darf alles unkompliziert sein.</p>", "url": "https://thurundneckerweg.ch", "image": "https://ttpimtsoch.sos-ch-dk-2.exoscale-cdn.com/catalog/1/5/a/0/15a0ba480ac099ac6be560671f599c9604eb23a9_Schaukel_B__hl__Stein.jpeg", "openstreetmap_id": "node/13611557680"}, "geometry": {"type": "Point", "coordinates": ["9.219389", "47.202167"]}}, {"type": "Feature", "properties": {"identifier": "6e59a02f-219c-4c37-9b6b-c8e5bf3c8757", "name": "Sternen Ennetb\u00fchl", "description": "Der Sternen befindet sich von Nesslau aus direkt am Dorfanfang von Ennetb\u00fchl.\n\nIn 4 verschiedenen Doppelzimmern mit Dusche und WC, mit Blick vom Balkon aus in die Berge steht der Erholung nichts mehr im Wege. Ebenfalls gibt es ein Einzelzimmer mit Dusche und WC ausserhalb vom Zimmer. Wer m\u00f6chte, kann sein Essen in einer einfachen K\u00fcche, auch selber kochen.\n\n- Fr\u00fchst\u00fcck nach Absprache\n- Hunde sind herzlich willkommen\n\nF\u00fcr eine saisonale und gut b\u00fcrgerliche K\u00fcche empfehlen die Gastgeber das Gasthaus Krone in Ennetb\u00fchl. Dies befindet sich zwei Gehminuten von der Unterkunft entfernt.", "url": "https://sternen-ennetbuehl.ch/", "image": "https://ttpimtsoch.sos-ch-dk-2.exoscale-cdn.com/catalog/c/b/2/b/cb2b549c272a7d25883efa57263d6c9d7589ec98_IMG_7738.JPG", "openstreetmap_id": "node/784003287"}, "geometry": {"type": "Point", "coordinates": ["9.20979", "47.24041"]}}, {"type": "Feature", "properties": {"identifier": "6ef76477-6711-46e3-a956-2761a056ec0b", "name": "Obern St\u00f6bli", "description": "Mit einem Willkommensgetr\u00e4nk k\u00f6nnen Sie sich im Pool zur\u00fccklehnen und im heissen Quellwasser K\u00f6rper und Seele baumeln lassen.\nAnschliessend besteht die M\u00f6glichkeit, sich in unserer Garderobe mit Dusche umzuziehen und frisch zu machen. Mit grossem Badehunger geht es weiter mit einem feinen Abendessen. In unsererm Obern St\u00f6bli werden Sie verw\u00f6hnt mit einheimischem Gaumenschmaus und heimeliger Atmosph\u00e4re\n\nSie sind auf der Suche nach einer einfachen, warmherzigen und gastfreundlicher Unterkunft? Dann sind Sie genau richtig bei uns.", "url": "http://www.fondue-baden.ch", "image": "https://ttpimtsoch.sos-ch-dk-2.exoscale-cdn.com/catalog/5/9/8/b/598ba39c31ad84fddef2861ebc7489970575aaba_2018_obere_stuebli_04.jpg", "openstreetmap_id": "node/7878874356"}, "geometry": {"type": "Point", "coordinates": ["9.19431", "47.25107"]}}, {"type": "Feature", "properties": {"identifier": "6f11c76b-f6dd-4b94-9c11-812189705d9d", "name": "Schwimmbad Ebnat-Kappel", "description": "Nutzen Sie im Sommerhalbjahr das 50m-Becken, die Rutschbahn und das 1 und 3 Meter Sprungbrett f\u00fcr einen sch\u00f6nen Badetag. In unser sch\u00f6nen Planschbecken mit Rutschbahn und Attraktionen f\u00fchlen sich die Kleinsten sehr wohl. \nUnser Badi-Restaurant verw\u00f6hnt die G\u00e4ste mit Fitnesstellern,  mit feinen Hamburger mit knackigen Pommes, feinen Eis aus der Region, einem guten Kaffee und viel mehr. \nUmkleidekabnen und Schliessf\u00e4cher stehen gratis zur Verf\u00fcgung, wie die warmen Duschen. F\u00fcr Gross und Klein stehen auch Tischkickertische und Tischtennis zur Verf\u00fcgung. \nZugang m\u00f6glich f\u00fcr RollstuhlfahrerInnen; eine Behinderten-Toilette und Behinderten-Umkleidekabinen! Einstiegshilfe vorhanden.", "url": "http://www.ebnat-kappel.ch/de/lebensraum/freizeitmain/schwimmbad/", "image": "https://ttpimtsoch.sos-ch-dk-2.exoscale-cdn.com/catalog/a/2/9/b/a29bd26c58ed67609f8a32c36b3c912a3be25020_2020_Ebnat_Kappel_08.jpg", "openstreetmap_id": "59126799"}, "geometry": {"type": "Point", "coordinates": ["9.1229262", "47.2659037"]}}, {"type": "Feature", "properties": {"identifier": "705ba7bc-9080-45fd-b887-337df1196c68", "name": "Gasthaus Bad", "description": "In den sanften H\u00fcgeln des Toggenburgs, umgeben von majest\u00e4tischen Bergen und \u00fcppigen W\u00e4ldern, liegt das Gasthaus Bad Hemberg wie ein verborgener Schatz. Die Geschichte dieses Gasthauses reicht weit zur\u00fcck, in eine Zeit, als Reisende noch auf Pferden ritten und die Wege durch die T\u00e4ler von Geschichten \u00fcber alte Sagen und Legenden erf\u00fcllt waren.\n\nHeute erwartet Sie Gastfreundschaft und gutb\u00fcrgerliches Essen im idyllisch gelegenen Gasthaus Bad Hemberg. Es gibt eine kleine, aber feine Men\u00fckarte mit frischen Zutaten aus der Region und einfache, preiswerte \u00dcbernachtungsm\u00f6glichkeiten.", "url": "https://www.gasthausbad-hemberg.ch/", "image": "https://ttpimtsoch.sos-ch-dk-2.exoscale-cdn.com/catalog/6/2/c/b/62cb494f0ccb74048abfcc471531dc4e776f04e0_IMG_2024_06_04_12_16_32_355.jpg", "openstreetmap_id": "way/122064417"}, "geometry": {"type": "Point", "coordinates": ["9.167572623149695", "47.2900226"]}}, {"type": "Feature", "properties": {"identifier": "70ac280f-a9d1-4809-960f-b0438de93f1c", "name": "Grillstelle und Badestelle M\u00fcndung Thur und Necker", "description": "Den Ausflug an den wundersch\u00f6nen, ruhig gelegenen Badeplatz muss man sich verdienen. Ein kleiner Fussmarsch ist unumg\u00e4nglich, wer das Flussufer erreichen will. Von der Hauptstrasse, die L\u00fctisburg und Ganterschwil verbindet, f\u00fchren gekieste Str\u00e4sschen hinunter zum Fluss. Besser gesagt: zu den Fl\u00fcssen. Denn hier m\u00fcndet der wilde Necker in die breite Thur. An deren Ufer gibt es etliche Pl\u00e4tze zum Verweilen, zum Br\u00e4teln. Wenn die Fl\u00fcsse nicht viel Wasser f\u00fchren, ist das Bett breit und einfach zug\u00e4nglich. \nAuf dem Weg zum Fluss liegt die historische Holzbr\u00fccke Letzibr\u00fccke. Hier befinden sich eine Grillstelle und M\u00fclleimer, oft wird im Sommer ein mobiles Toilettenh\u00e4uschen aufgestellt. Infotafeln geben Auskunft \u00fcber das Naturschutzgebiet. Respekt und R\u00fccksichtnahme auf die sch\u00f6ne Natur sind eine Selbstverst\u00e4ndlichkeit.", "url": "https://toggenburg.swiss", "image": "https://ttpimtsoch.sos-ch-dk-2.exoscale-cdn.com/catalog/4/d/9/b/4d9ba8bab50fa30816286112369e31e891c2f162_Bilder_Eisenring_165.jpg", "openstreetmap_id": "node/224012796"}, "geometry": {"type": "Point", "coordinates": ["9.08172", "47.39095"]}}, {"type": "Feature", "properties": {"identifier": "716cd749-becf-413b-8cd1-8ba0abe54e70", "name": "Sitzbank Flooz", "description": "<p class=\"MsoNormal\" style=\"margin-bottom: 0cm; line-height: normal;\">Dieses B&auml;nkli ist Teil der Ruheoasen entlang des Thur- und Neckerwegs, gefertigt aus heimischem Holz und bewusst reduziert gestaltet.<br><br>Es bietet einen einfachen, klar gestalteten Ort zum Sitzen, Verweilen und Innehalten. Der Blick richtet sich in die Landschaft &ndash; auf Wasser, Wiesen oder Berge, je nach Standort neu, stets mit Bedacht gew&auml;hlt.</p>", "url": "https://thurundneckerweg.ch", "image": "https://ttpimtsoch.sos-ch-dk-2.exoscale-cdn.com/catalog/3/3/7/2/3372176910170ac9ce44780ebdd6315b68ea31b6_Sitzbank_Wilerstrasse__Wattwil.jpeg", "openstreetmap_id": "node/13611556964"}, "geometry": {"type": "Point", "coordinates": ["9.079417", "47.313361"]}}, {"type": "Feature", "properties": {"identifier": "72359753-e0d5-4c4f-a6f5-58ee34ca4881", "name": "Schaukel K\u00fchboden", "description": "<p>Gefertigt aus heimischem Holz liegt diese Ruheoase am Ursprung der S&auml;ntisthur auf einem zaubervollen Abschnitt des Thur- und Neckerwegs.<br><br>Beim Schaukeln ver&auml;ndert sich die Perspektive &ndash; sanfte Bewegung verbindet Leichtigkeit mit Weitblick. Die noch junge Thur fliesst hier talw&auml;rts, gegen&uuml;ber erheben sich die sieben Churfirsten eindr&uuml;cklich.</p>", "url": "https://thurundneckerweg.ch", "image": "https://ttpimtsoch.sos-ch-dk-2.exoscale-cdn.com/catalog/c/9/1/d/c91d93588b18a147030de44ea4b4f61296a7ead3_Schaukel_B__chel__Unterwasser.jpg", "openstreetmap_id": "node/13611590712"}, "geometry": {"type": "Point", "coordinates": ["9.315083", "47.209556"]}}, {"type": "Feature", "properties": {"identifier": "728ceaa5-d12a-43b7-a36d-411c159a7bed", "name": "Besuch bei der Kamerasau", "description": "Wenn es sich im Dreck w\u00e4lzt, das Futter freudestrahlend frisst oder mit seinen Kolleginnen im Stall ein Nickerchen macht. Die Kamerasau filmt und streamt live auf die Webseite www.kamerasau.ch. Hier sehen alle, wie die 20 Freiland-Schweine ihr Leben geniessen. \n\nNat\u00fcrlich steht auch der Hof offen, wer sich vor Ort die Schweine betrachten m\u00f6chte und ist jederzeit herzlich Willkommen. Taucht in das Leben unserer Schweine ein und geniesst auf dem Glasboden-Stall gem\u00fctlich einen Kaffee, w\u00e4hrenddem die Tiere beobachtet werden k\u00f6nnen. \n\nAuf Wunsch planen wir gerne eine F\u00fchrung durch unseren ganzen Hof. Erleben Sie wie wir arbeiten und was wir f\u00fcr Produkte herstellen. In unserem Hofladen kann die Einkaufstasche mit verschiedenen K\u00f6stlichkeiten gef\u00fcllt werden. \n\n", "url": "https://www.adelbach-hof.ch/", "image": "https://ttpimtsoch.sos-ch-dk-2.exoscale-cdn.com/catalog/6/7/c/b/67cbd35dfdc35b8477142118b8c20a8fb8a3b908_DJI_0455.JPG", "openstreetmap_id": "node/218081985"}, "geometry": {"type": "Point", "coordinates": ["9.1275410068259", "47.343055449999994"]}}, {"type": "Feature", "properties": {"identifier": "72d7a02c-1690-4dad-87b9-d029ced5ee85", "name": "Caf\u00e9 Central", "description": "Wir sind ein willkommenes Ausflugsziel und ein Treffpunkt f\u00fcr Wanderer, Velo- und T\u00f6fffahrer sowie Familien im sonnenverw\u00f6hnten Kirchberg. Wir fertigen die ortsbekannten Desserts und Bircherm\u00fcsli nach traditionellen Rezepten selbst. Das Caf\u00e9 Central ist ein Ort der pers\u00f6nlichen Begegnungen, des Austauschs und der Geselligkeit. Bei uns geniessen Sie eine entspannte Zeit bei Zn\u00fcni, Mittagessen, Kaffee &amp; Kuchen, einem s\u00fcssen oder salzigen Zvieri. Auch unser Brunch und unsere Anl\u00e4sse sind einen Besuch wert.", "url": "https://central-kirchberg.ch", "image": "https://ttpimtsoch.sos-ch-dk-2.exoscale-cdn.com/catalog/b/c/0/2/bc02c02eeae1404858997cb5a4184901a68895ac_Cafe_Central_5.jpg", "openstreetmap_id": "way/443221415"}, "geometry": {"type": "Point", "coordinates": ["9.039407547862178", "47.4111488"]}}, {"type": "Feature", "properties": {"identifier": "72ed6fb8-7040-4105-af68-95fe4f179c85", "name": "Buurebeizli Dergeten", "description": "<p>Die K&auml;sekn&ouml;pfli und der selbstgemachte Eistee von Familie Stauffacher haben sich herumgesprochen. Einheimische wie ausw&auml;rtige Besucher finden sich im &laquo;Buurebeizli Dergeten&raquo; zu einem guten Essen ein. Die Gastwirtschaft ist rustikal mit Spielplatz und Buurehof zum Aluege. Buchbar: Ganzj&auml;hrig per Telefon oder Mail, Personen: Innen 40 / Aussen 50</p><p>&nbsp;</p><p>Auskunft zur Zug&auml;nglichkeit: <a href=\"https://www.ginto.guide/entries/a190756a-143d-48c4-a940-8dbf4a97b916?lnk_src=business\" target=\"_blank\" rel=\"noopener\">ginto</a></p>", "url": "http://www.buurebeizli-dergeten.ch", "image": "https://ttpimtsoch.sos-ch-dk-2.exoscale-cdn.com/catalog/6/4/e/5/64e5dd8fdba942983ff0e32bdfbdc97b71fd1fb7_DJI_0041.JPG", "openstreetmap_id": "5696182430"}, "geometry": {"type": "Point", "coordinates": ["9.1897258", "47.1932008"]}}, {"type": "Feature", "properties": {"identifier": "73fe0eb3-fefe-4765-ab9d-03737908bb47", "name": "Klangkurse", "description": "Die Klangwelt Toggenburg, angesiedelt zwischen Alt St. Johann und dem Schwendisee, veranstaltet ihre Kurse nun haupts\u00e4chlich im neuen Klanghaus und in der Klangschmiede. J\u00e4hrlich gibt es \u00fcber 90 Kurse, die entlang der Themenbereiche \u00abJodeln\u00bb, \u00abHandwerk & Brauchtum\u00bb, \u00abInstrumental\u00bb, \u00abUniversum Stimme\u00bb, \u00abSchwingung & Resonanz\u00bb und \u00abKlang\u00f6kologie\u00bb angeboten werden. Eine Besonderheit sind die neu eingef\u00fchrten Thementage, die tiefere Einblicke in diverse Klangwelten, Kulturen und Musikstile erm\u00f6glichen. Das vielseitige Angebot umfasst Workshops, Konzerte, Vortr\u00e4ge, Diskussionsrunden und interaktive Elemente.", "url": "https://klangwelt.ch/angebote/kalender#kurse", "image": "https://ttpimtsoch.sos-ch-dk-2.exoscale-cdn.com/catalog/3/d/f/6/3df6912e1ff9f47a1ed1d191eb807c0ad2992341_Bu__chel_und_wandern_03__2.JPG", "openstreetmap_id": "node/11451571590"}, "geometry": {"type": "Point", "coordinates": ["9.2789903", "47.1934306"]}}, {"type": "Feature", "properties": {"identifier": "7624847b-b5ed-4a65-8205-2c38a3b5abad", "name": "Alpaka Appenzell", "description": "Der Betrieb liegt auf 1000 m.\u00fc.M, am Jakobsweg auf dem H\u00fcgel Arnig und umfasst 18 ha plus 6 ha Wald.\n\nAuf unserem Hof sind viele Tiere zuhause. Neben der 60-k\u00f6pfigen Alpaka-Familie, die seit 2004 bei uns ihr Zuhause gefunden hat geh\u00f6ren Mutterschweine, Mastschweine, Bienen, Katzen, ein Hund und 21 Brown Swiss K\u00fche zu unserem Milchwirtschaftsbetrieb. \n\nSeit 2015 verkaufen wir all unsere hochstehenden Alpaka Produkte in unserem eigenen Hofladen Alparama. Verschaffen Sie sich bei einem Besuch selbst einen Einblick in unser grosses Sortiment. \n\nIn einer Betriebsf\u00fchrung geben wir gerne Einblick in unseren Alltag. Die Tiere kennenlernen, den Kuhglocken lauschen und dem Summer der Alpakas zuh\u00f6ren, w\u00e4hrendem wir einen Ap\u00e9ro servieren. \n\nNeu erstellen wir mit unserem Tiermist Terra-Preta N\u00e4hrhumus und produzieren unsere eigene Pflanzenkohle. Auf Wunsch erl\u00e4utern wir den Herstellungsvorgang w\u00e4hrend dem Sie mit genauem Auge die Abl\u00e4ufe verfolgen k\u00f6nnen.\n\nUnser Alpaka Hof gibt viele Eindr\u00fccke in unser Wirken. Wir freuen uns \u00fcber Ihren Besuch. \n\nAp\u00e9ro ab 6 Personen:\n1) Alparama Apero: Alpaka-Fleisch, Schweine-Fleisch, K\u00e4seplatte, Mineral und Orangensaft: CHF 25 / Person  ( Kinder: CHF 1.50 pro Alter des Kindes)\n2) Arnig Apero: Schweine-Fleisch (Ohne Alpaka-Fleisch), K\u00e4seplatte, Mineral und Orangensaft: CHF 18 / Person (Kinder: CHF 1.00 pro Alter des Kindes)\n*** Wein und Bier: Separat \n \n\u200b\nHoff\u00fchrung mit Vortrag Pauschal (bis 20 Personen, ab 20 Personen auf Anfrage):\na) Ganze Hofbesichtigung: Alpakas, Schweine, K\u00fche, Terra-Preta N\u00e4hrhumus, Pflanzenkohle = CHF 250.-\nb) Tier Besichtigung: Alpakas, Schweine, K\u00fche = CHF 200.-\nc) Alpaka Besichtigung: nur Alpakas mit Hand F\u00fctterung = CHF 150.-", "url": "http://www.alpaka-appenzell.ch/", "image": "https://ttpimtsoch.sos-ch-dk-2.exoscale-cdn.com/catalog/2/9/5/9/29597bc2db547baf7e01f996a495373f0f39ed83_TOGGI_Tiere_mai16_RUPA_718.jpg", "openstreetmap_id": "node/3666869209"}, "geometry": {"type": "Point", "coordinates": ["9.213699102401735", "47.33557855044936"]}}, {"type": "Feature", "properties": {"identifier": "789bcf9e-8ce7-431f-8a44-f256e9901464", "name": "Holdersch\u00fc\u00fcr", "description": "Egal ob Firmenanlass, Geburtstagsfest oder Hochzeit, die Familie Oswald organisiert Ihr Fest! Mit ihrer gastronomischen Erfahrung k\u00f6nnen Sie sich zur\u00fccklehnen und m\u00fcssen nur die Einladungen verschicken.\n\nNeben Eventgastronomie bieten Romy und Beni Oswald Ihnen zudem ein lustiges Rahmenprogramm, bei welchem Sie und Ihre G\u00e4ste eine Farmolympiade geniessen. Bei diesem Teamanlass, entsteht eine super Stimmung, die mit einer originellen Rangverk\u00fcndigung endet.\n\nEntdecken Sie auch die verschiedenen Holunderspezialit\u00e4ten, welche der \"Sch\u00fc\u00fcr\" ihren Namen verliehen haben. Diese k\u00f6nnen im Laden vor Ort oder zum Beispiel am Weihnachtsmarkt im November gekauft werden.\n", "url": "https://www.holderschuer.ch/", "image": "https://ttpimtsoch.sos-ch-dk-2.exoscale-cdn.com/catalog/f/3/3/2/f3322d04890bd4a7c799465a90883eea4eab6c64_Holderschuer.jpg", "openstreetmap_id": "node/4227757218"}, "geometry": {"type": "Point", "coordinates": ["9.008113145828249", "47.41003995141986"]}}, {"type": "Feature", "properties": {"identifier": "7b00a0d7-9699-4d89-aa29-4dfa3ed8cd5a", "name": "Kinderf\u00fchrung: Besuch im \"St\u00e4dtlizoo\" ", "description": "<p>Auf dem kurzweiligen Spaziergang durch die Gassen der Altstadt werden immer wieder Tiere entdeckt. Der St&auml;dtliguide weiss, wo sie sich verstecken und kann einiges &uuml;ber die gefundenen Tiere berichten.&nbsp;</p><p><strong>Ap&eacute;ro<br></strong>Zur stimmigen Abrundung kommt ein feiner Ap&eacute;ro vor oder nach der F&uuml;hrung sehr gut an - unser Spezialangebot f&uuml;r St&auml;dtlif&uuml;hrungsgruppen finden Sie&nbsp; <a href=\"https://toggenburg.swiss/files/_OpenFrontend/websites/toggenburg.swiss/objects/pdf_download/ap%C3%A9ro_angebote_lichtensteig.pdf\" target=\"_blank\" rel=\"noopener\">hier.</a>&nbsp;</p>", "image": "https://ttpimtsoch.sos-ch-dk-2.exoscale-cdn.com/catalog/d/3/f/8/d3f8d62d71b15b89a243cb9c94341c4a691550bf_Sascha_Erni___Lo__wen_1.jpeg"}, "geometry": {"type": "Point", "coordinates": ["9.08722758293152", "47.323479692979454"]}}, {"type": "Feature", "properties": {"identifier": "7b96fe53-944c-4fb2-a879-b3fc1f441800", "name": "Toggenburger Kr\u00e4uterfrauen", "description": "Tauchen Sie in die Welt der Kr\u00e4uterfrauen ein und erfahren Sie auf einem Erlebnis-Rundgang selbst die Arbeit mit den farbintensiven und duftenden Kr\u00e4utern. Nach Lust und Laune d\u00fcrfen Sie Kr\u00e4uter von unserem Acker ernten und mit unseren Tipps eine eigene Teemischung zusammenstellen, die wir anschliessend f\u00fcr Sie trocknen. Auf unserer Website finden Sie noch weitere Angebote f\u00fcr Ihren Ausflug zu uns.", "url": "https://kraeuterfrauen.com", "image": "https://ttpimtsoch.sos-ch-dk-2.exoscale-cdn.com/catalog/9/b/8/e/9b8eb344cf666b5f6035ef0b5270e9d7834694b0_IMG_0242__2.jpg", "openstreetmap_id": "way/281748559"}, "geometry": {"type": "Point", "coordinates": ["9.16558835", "47.25783525"]}}, {"type": "Feature", "properties": {"identifier": "7beba2ea-e0c2-4dcb-b5a9-81c21e7584d4", "name": "Hotel Hirschen Wildhaus", "description": "<p>Der Hirschen Wildhaus blickt auf eine lange Geschichte als Familienbetrieb zur&uuml;ck. Heute wird das Hotel von Gesch&auml;ftsf&uuml;hrer Patrick Alpiger gef&uuml;hrt.&nbsp;</p>\n<p>Das Hotel bietet insgesamt 69 Zimmer: 49 davon im Haupthaus, 10 weitere im Guest-House-Village und 9 im neu er&ouml;ffneten Bellevue (seit 1. Juli 2025). Die Zimmer &uuml;berzeugen durch modernen Komfort und einen sch&ouml;nen Ausblick &ndash; entweder in die Toggenburger Bergwelt oder in den hoteleigenen Park. <br>Weiter umfasst das Raumangebot 9 grossz&uuml;gige und helle Seminar-, Tagungs- &amp; Bankettr&auml;ume f&uuml;r bis zu 120 Personen. Gruppenr&auml;ume sowie ein Platz im schattigen Hotelgarten stehen f&uuml;r Teamarbeit und Sitzungen ebenfalls zur Verf&uuml;gung.</p>\n<p>Ob Ferien oder Businessaufenthalt: Der Hirschen ist f&uuml;r beides bestens geeignet.<br>Der Wellnessbereich sorgt f&uuml;r wohltuende Entspannung nach einem aktiven Tag, und das Fr&uuml;hst&uuml;ck bietet eine reichhaltige Auswahl f&uuml;r einen genussvollen Start in den Tag.<br>Kulinarisch l&auml;dt die Hirschen Stube zu regionaler K&uuml;che mit hochwertigen Zutaten und einer grossen Weinauswahl ein. Direkt daneben erg&auml;nzt das Event- &amp; Fondue-Chalet Max das gastronomische Angebot mit sieben verschiedenen Ch&auml;s-Fondues &ndash; ge&ouml;ffnet jeweils in der Wintersaison.<br>Die All Bourbon &amp; Blues Bar &laquo;Chr&uuml;ter &amp; Choller&raquo; &uuml;berzeugt mit einer grossen Auswahl an Chr&uuml;ter, Single Malt Whiskeys und anderen Drinks. Eine Kegelbahn, Dart, ein Billardtisch, eine Smoking Lounge und ein Fussballkasten machen die Bar zum lebendigen Treffpunkt.</p>\n<p>Das Hotel ist bequem mit dem Auto oder dem &ouml;ffentlichen Verkehr erreichbar &ndash; die Postauto-Haltestelle liegt direkt vor dem Haus. Ausreichend Parkpl&auml;tze stehen zur Verf&uuml;gung.</p>", "url": "http://www.hirschen-wildhaus.ch/", "image": "https://ttpimtsoch.sos-ch-dk-2.exoscale-cdn.com/catalog/2/7/8/8/2788c1666a643847e0be60285272e75b2997201e_Hirschen_Aussenansicht_Sommer.JPG", "openstreetmap_id": "node/223857162"}, "geometry": {"type": "Point", "coordinates": ["9.34974", "47.203388"]}}, {"type": "Feature", "properties": {"identifier": "7c8f4276-6a14-4c75-9cf5-54eac46c3e15", "name": "Kinderbaustelle Wattwil", "description": "Das Projekt Offene Kinderbaustelle Wattwil schafft im Zentrum von Wattwil einen Platz, auf dem Kinder hoch und tief bauen d\u00fcrfen.\n\nAuf der Kinderbaustelle in Wattwil werden die Kinder unterst\u00fctzt und begleitet durch kompetente Betreuungspersonen. In dem daf\u00fcr vorgesehenen Areal k\u00f6nnen sie mit unterschiedlichsten Baumaterialien frei nach ihren Ideen und W\u00fcnschen, ihrem Wissen und K\u00f6nnen, bauen und gestalten. Dabei lernen Kinder im Freien sich handwerklich und kreativ zu bet\u00e4tigen, alleine oder gemeinsam, beziehen ihre Umwelt in ihr Handeln mit ein und f\u00f6rdern dabei ihre taktilen- sozialen- und motorischen F\u00e4higkeiten. \n\nWillkommen sind alle Kinder bis zum 12. Lebensjahr. Das Angebot ist f\u00fcr alle Besucherinnen und Besucher gratis und neben den betreuten \u00d6ffnungszeiten steht die Kinderbaustelle allen Schulklassen aus der Unter- und Mittelstufe, den Kindertagest\u00e4tten, der Heilp\u00e4dagogischen Schule, allen Jugendvereinen aus Wattwil und der Region und weiteren Interessierten aus dem Bereich der Kinderbetreuung f\u00fcr allf\u00e4llige Projekte und Anl\u00e4sse zur Verf\u00fcgung.", "url": "http://www.kinderbaustelle-wattwil.ch", "image": "https://ttpimtsoch.sos-ch-dk-2.exoscale-cdn.com/catalog/7/2/0/c/720cbd0f0150a71230e21b63b962b17106711568_Kinderbaustelle_Gel__nde.JPG", "openstreetmap_id": "803268012"}, "geometry": {"type": "Point", "coordinates": ["9.09904128761418", "47.2892278"]}}, {"type": "Feature", "properties": {"identifier": "7cc542dc-c9e9-497c-856d-75406356a970", "name": "Wolzenalp", "description": "<p>G&auml;stescreens</p>", "image": "https://ttpimtsoch.sos-ch-dk-2.exoscale-cdn.com/catalog/6/9/2/e/692e69f99ee14aa760f5d2845375f6764e1b54b4_Winterwanderweg_Wolzenalp_Nesslau_Sesselbahn.jpg", "openstreetmap_id": "647467721"}}, {"type": "Feature", "properties": {"identifier": "7e77fc5b-c5a8-4254-91e5-23f131c601a0", "name": "Restaurant Krone Ennetb\u00fchl", "description": "<p>Bei uns k&ouml;nnen Sie ein preiswertes Mittagsmenu, etwas aus der Speisekarte, einen feinen Coupe oder den wohlverdienten Feierabend geniessen. Wir pflegen gerne den Kontakt mit unseren G&auml;sten, denn Ihr Wohl ist uns wichtig. Mit unseren verschiedenen R&auml;umlichkeiten haben wir f&uuml;r jeden Anlass das richtige Angebot. Daf&uuml;r stellen wir Ihnen gerne passende Menuvorschl&auml;ge zusammen, bei welchen wir immer grossen Wert auf Qu&auml;lit&auml;t und Regionalit&auml;t legen.&nbsp;</p><p>Wir freuen uns &uuml;ber Ihren Besuch!</p>", "url": "http://www.krone-ennetbuehl.ch/", "image": "https://ttpimtsoch.sos-ch-dk-2.exoscale-cdn.com/catalog/2/2/3/3/22336121356a66b737b41bcaeddc8741eaa5482f_00_Restaurant_Krone__2.jpg", "openstreetmap_id": "node/220648991"}, "geometry": {"type": "Point", "coordinates": ["9.21149", "47.24076"]}}, {"type": "Feature", "properties": {"identifier": "7f101480-6382-4a08-8952-2a8ecef23dbf", "name": "Sesselbahn Krummenau \u2013 Wolzenalp", "description": "Von Krummenau aus k\u00f6nnen Sie sich mit der Sesselbahn Krummenau-Wolzenalp zum Rietbach hinauf fahren lassen und dabei das Tal der Thur aus luftiger H\u00f6he betrachten.\nNach einer sch\u00f6nen Wanderung, einer Rast bei einer Feuerstelle oder auf der Sonnnenterrasse des Restaurant Wolzenalp, haben Sie sicher wieder Energie getankt f\u00fcr den Abstieg ins Tal.\nKeine Behinderten-Toilette; nur bedingt geeignet f\u00fcr RollstuhlfahrerInnen.", "url": "https://wolzenalp.ch", "image": "https://ttpimtsoch.sos-ch-dk-2.exoscale-cdn.com/catalog/8/7/a/0/87a09bed94042ab1343e9e70d07817bdc60183d9_Sessel_Mami_und_Tochter_s.jpg", "openstreetmap_id": "node/628112148"}, "geometry": {"type": "Point", "coordinates": ["9.168820381164553", "47.24394410701422"]}}, {"type": "Feature", "properties": {"identifier": "838c65b3-d7a8-4e03-a783-4009445ffe18", "name": "Kino S\u00e4ntis Lodge", "description": "Das Kino S\u00e4ntis Lodge bietet zweimal t\u00e4glich verschiedene Filmvorf\u00fchrungen an. Die Vorstellungen finden jeweils um 16:30 Uhr und um 20 Uhr* statt und sind kostenlos. \nDas Kino kann ausserdem ebenfalls f\u00fcr individuelle Anl\u00e4sse, wie zum Beispiel Geburtstagspartys mit einem Wunschfilm und Pizzaplausch, benutzt werden. Familienfreundlich und gem\u00fctlich in Filme eintauchen geht nirgends besser als hier. \n\nWir freuen uns auf Ihren Besuch!\n\n*Bitte beachten Sie, dass der Zugang zum Film ab 20 Uhr nur auf Voranmeldung m\u00f6glich ist.<", "url": "https://bergundbett.ch/kinoprogramm/", "image": "https://ttpimtsoch.sos-ch-dk-2.exoscale-cdn.com/catalog/6/5/0/e/650e6ab8fce3560f1545a6f858051312fbfff8c4_62_Kino_S__ntisLodge.jpg", "openstreetmap_id": "way/222237524"}, "geometry": {"type": "Point", "coordinates": ["9.3133166", "47.1963286"]}}, {"type": "Feature", "properties": {"identifier": "85870804-f0a7-44ed-aa4f-2cb4fcb34197", "name": "Velo-Metzg GmbH", "description": "Ben\u00f6tigen Sie einen neuen Velohelm oder haben Sie noch gar keinen? Wir haben auch eine tolle Auswahl an Velobekleidung und vieles mehr f\u00fcr&#039;s und rund um&#039;s Bike.\n\nInfrastruktur f\u00fcr Zweir\u00e4der:\n- Mietstation\n- Servicestation/Shop", "url": "https://www.velometzg.ch", "image": "https://ttpimtsoch.sos-ch-dk-2.exoscale-cdn.com/catalog/c/3/4/a/c34a1ee249e1453b9cd48d9fdc8e2a6edf6d20b2_Velo_Metzg_Aussenansicht_1.JPG", "openstreetmap_id": "node/222237702"}, "geometry": {"type": "Point", "coordinates": ["9.309736", "47.197296"]}}, {"type": "Feature", "properties": {"identifier": "85a94fa1-4cba-498e-a6f6-27c45f91af61", "name": "Hotel R\u00f6ssli Tufertschwil", "description": "Der malerische Weiler Tufertschwil liegt in der beschaulichen Welt des unteren Toggenburg. Helle, modern eingerichtete R\u00e4ume bieten gen\u00fcgend Platz f\u00fcr Anl\u00e4sse und Seminare. Das ganze Hotel ist barrierefrei zug\u00e4nglich und die Parkpl\u00e4tze sind kostenfrei.\nVon unserem Restaurant haben Sie einen wunderbaren Blick in die Toggenburger Bergwelt mit den Churfirsten und dem S\u00e4ntis. In unserer idyllischen Gartenterrasse geniessen Sie einen erfrischenden Aperitif oder ein k\u00fchles St. Galler Bier, w\u00e4hrend Sie ihre Kinder, auf dem einzigartigen und grossen Spielplatz beobachten k\u00f6nnen. \nDie Erholung vom Alltag finden Sie in einem unserer absolut ruhigen Hotelzimmer mit Blick in die Natur.\n\nUnsere traditionelle Schweizer K\u00fcche bietet f\u00fcr jeden Geschmackstyp das passende Men\u00fc. Regionale und marktfrische Produkte werden mit viel Leidenschaft von unserem eingespielten K\u00fcchenteam zubereitet.\nDer Familienbetrieb setzt sich aus unkomplizierten und aufgestellten Menschen mit Begeisterung f\u00fcr ihren Beruf zusammen.\nWir servieren Lebensfreude und freuen uns auf Ihren Besuch!", "url": "http://www.roessli-tufertschwil.ch/", "image": "https://ttpimtsoch.sos-ch-dk-2.exoscale-cdn.com/catalog/a/1/c/2/a1c2ec7185fab105d9f468e22a90c67f013b7f3e_R__ssli_Tufertschwil_Drohne__4_.jpg", "openstreetmap_id": "node/3973987865"}, "geometry": {"type": "Point", "coordinates": ["9.0971459", "47.3933526"]}}, {"type": "Feature", "properties": {"identifier": "89aed585-1b17-4d4a-96b0-e003bc3d2949", "name": "Die Grafen von Toggenburg und ihre neue Burg ob der Wasserfluh", "description": "<p>Auf der Wanderung von der Wasserfluh zur Burgruine der Neu-Toggenburg erz&auml;hlt der Guide die spannende Geschichte der Grafen von Toggenburg und f&uuml;hrt Sie in die geheimnisvollen Hintergr&uuml;nde und Herausforderungen beim Bau der Burg ein.</p><p>Treffpunkt: Passh&ouml;he Wasserfluh</p><p><strong>Ap&eacute;ro<br></strong>Zur stimmigen Abrundung kommt ein feiner Ap&eacute;ro vor oder nach der F&uuml;hrung sehr gut an - unser Spezialangebot f&uuml;r St&auml;dtlif&uuml;hrungsgruppen finden Sie&nbsp; <a href=\"https://toggenburg.swiss/files/_OpenFrontend/websites/toggenburg.swiss/objects/pdf_download/ap%C3%A9ro_angebote_lichtensteig.pdf\" target=\"_blank\" rel=\"noopener\">hier.</a>&nbsp;</p>", "image": "https://ttpimtsoch.sos-ch-dk-2.exoscale-cdn.com/catalog/2/1/a/5/21a5eba724dcbf87cedd221a7a39ad6dc3ad629c_Neutoggenburg.webp"}, "geometry": {"type": "Point", "coordinates": ["9.1131384", "47.3255794"]}}, {"type": "Feature", "properties": {"identifier": "8a6ff308-01eb-40b8-8ebb-a6d04f7cd8fe", "name": "Frauenfelderhaus", "description": "Es bietet Platz f\u00fcr bis zu 45 Personen und weist einen hohen Ausbaustandard auf. Es eignet sich als Lagerhaus im Sommer wie im Winter f\u00fcr Schulklassen, Vereine und andere interessierte Gruppen.\n", "url": "https://www.frauenfelderhaus.ch/", "image": "https://ttpimtsoch.sos-ch-dk-2.exoscale-cdn.com/catalog/f/7/0/3/f70380d46517eba9aca6a4fc8559cf224fd4820d_Ansicht_S__d1.JPG", "openstreetmap_id": "node/222401761"}, "geometry": {"type": "Point", "coordinates": ["9.330574926155503", "47.19243335"]}}, {"type": "Feature", "properties": {"identifier": "8b381667-e759-4f2f-8b6e-287f239a572d", "name": "Naturb\u00fchne Holzegg", "description": "<p>Aus heimischem Holz gefertigt, liegt diese Plattform entlang des Thur- und Neckerwegs frei im Landschaftsraum. Sie schafft eine klare, einfache Fl&auml;che im Freien &ndash; offen f&uuml;r das, was entstehen will.<br><br>Die B&uuml;hne kann spontan genutzt oder reserviert werden. Ob allein, zu zweit oder in einer kleinen Gruppe &ndash; hier entsteht Raum f&uuml;r Austausch, f&uuml;r Proben oder Trainings, Kurse und Workshops, kleine Vorf&uuml;hrungen oder f&uuml;r Team-Meetings &laquo;mal anders&raquo;. Die Naturb&uuml;hne bietet einen besonderen Rahmen f&uuml;r gemeinsame Momente in neuer Umgebung. Alternativ dient sie als Platz f&uuml;rs Picknick oder den Lunch am Mittag.</p>", "url": "https://thurundneckerweg.ch", "image": "https://ttpimtsoch.sos-ch-dk-2.exoscale-cdn.com/catalog/7/a/0/6/7a0697bd96e92750eb54ce8af2e3e8a0e5243b1e_Naturb__hne_Holzegg__Nesslau.jpeg", "openstreetmap_id": "way/276919702"}, "geometry": {"type": "Point", "coordinates": ["9.185694", "47.226778"]}}, {"type": "Feature", "properties": {"identifier": "8b6c874b-d5a6-4ef0-80bd-6cb4a55530bb", "name": "B\u00e4ckerei und Caf\u00e9 - Ziehlers W\u00f6schh\u00fcsli in Nesslau", "description": "Direkt an der Hauptstrasse von Nesslau, im Herzen des Dorfes. Zwischen Kirche und der Gemeinde, befindet sich unser neu er\u00f6ffnetes W\u00f6schh\u00fcsli. Ein Ort mit bestem Kaffee, feinsten K\u00f6stlichkeiten von unserem Hauptstandort Ziehler in Stein SG und einer gem\u00fctlich einladenden Atmosph\u00e4re, l\u00e4dt herzlichst zum Verweilen ein. Mieten Sie unseren separaten Raum, oberhalb von unserem Caf\u00e9. Das Sie mitten drin in unserem wundersch\u00f6nen Toggenburg sind und trotzdem ihren eigenen Raum haben. Ob f\u00fcr einen Hochzeitsap\u00e9ro, als Sitzungsraum, Geburtstagsfestli oder Puzzleplausch. Unser liebevoll eingerichtetes Ambiente passt sich hervorragend ihren Ideen an! Wir freuen uns \u00fcber jede Anfrage die Ihnen in den Sinn kommt.", "url": "https://ziehler.ch/", "image": "https://ttpimtsoch.sos-ch-dk-2.exoscale-cdn.com/catalog/f/3/2/1/f321708bff3a34455df3852bd318418e7bf52c49_11___bildgut_ziehler08345_LQ__2.jpg", "openstreetmap_id": "way/1340007521"}, "geometry": {"type": "Point", "coordinates": ["9.199530094066013", "47.22480575"]}}, {"type": "Feature", "properties": {"identifier": "8cfa26a1-3265-4df1-8f9c-c9bd201d77f4", "name": "Hotel Sonne", "description": "Das Bijou-Hotel im Dorfzentrum von Wildhaus verf\u00fcgt \u00fcber 26 heimelig eingerichtete Zimmer mit jeglichem Komfort. Die Mahlzeiten werden im gut b\u00fcrgerlichen Hotel Restaurant mit Sonnenterrasse serviert. Die gem\u00fctlichen Zimmer sind alle mit hellem F\u00f6hrenholz ausgekleidet und mit viel Liebe zum Detail eingerichtet. Die etwas kleineren Nordzimmer sind ruhig und zur Bergseite gelegen. Die S\u00fcdzimmer mit Balkon bieten Ausblicke auf den Schafberg und die Churfirsten-Kette.", "url": "https://www.sonne-wildhaus.ch/", "image": "https://ttpimtsoch.sos-ch-dk-2.exoscale-cdn.com/catalog/9/1/f/1/91f179cb939d29d529c16ed4a40711439785feea_Aussenansicht_Sonne_Sommer.png", "openstreetmap_id": "node/6316289213"}, "geometry": {"type": "Point", "coordinates": ["9.3513193", "47.2036413"]}}, {"type": "Feature", "properties": {"identifier": "8d4b7081-e500-457f-bff2-5a23cfb3e982", "name": "In der Fonduekutsche", "description": "<p>W&auml;hrend Sie von Sandro Scherrer gem&uuml;tlich im geheizten und &uuml;berdachten Wagen durchs Toggenburg kutschiert werden, geniessen Sie ein rassiges Fondue &agrave; la Ida &ndash; ein Geheimrezept der B&auml;uerin. Die vorbeiziehende Landschaft schm&uuml;ckt die grossen Panoramafenster und l&uuml;pfige L&auml;ndlermusik sorgt f&uuml;r gute Stimmung. Eine gesellige Fahrt mit einer guten Prise figugegl. Denn, Fondue isch guet und git e gueti Luune.</p><p>&nbsp;<br>Familie Scherrer bietet &uuml;brigens noch weitere Kutschenfahrten an. Informieren Sie sich zum Beispiel &uuml;ber die Grillfahrten von Mai bis September. Dauer: 1:45 Stunden Durchf&uuml;hrung: T&auml;glich zwischen 09.00 - 20.00 Uhr (Abfahrtszeiten) ab mindestens 6 bis maximal 50 Personen. Die genaue Zeit f&uuml;r die Durchf&uuml;hrung wird zwischen den Teilnehmern und dem Anbieter vereinbart. Preis: - CHF 48.&ndash; f&uuml;r Erwachsene inkl. Fondue und alkoholfreie Getr&auml;nke* - CHF 10.&ndash; bis CHF 39.&ndash; f&uuml;r Kinder (je nach Alter) inkl. Fondue und alkoholfreie Getr&auml;nke* * Tee, Punsch und Kaffee sind inbegriffen. Mineralwasser, Bier, Wein, Kirsch und Appenzeller sind zus&auml;tzlich zu bezahlen.</p><p>&nbsp;<br>Treffpunkt: Bahnhof B&uuml;tschwil</p>", "url": "http://www.kutschenfahrten-scherrer.ch", "image": "https://ttpimtsoch.sos-ch-dk-2.exoscale-cdn.com/catalog/6/8/8/0/688022064cb93c88e754c2cb89146b8078b27b4f_Sandro_und_Ida_Scherrer_600x450.jpg", "openstreetmap_id": "node/4012266910"}, "geometry": {"type": "Point", "coordinates": ["9.07472", "47.35955"]}}, {"type": "Feature", "properties": {"identifier": "8d5d52e5-061c-4896-818a-3bfe66987fa9", "name": "G\u00e4stehaus \"Landhaus an der Thur\"", "description": "<div>Das schmucke Haus befindet sich mitten im Dorf Alt St. Johann, an ruhiger Lage an der Thur. Zwei Gehminuten von der Bushaltestelle, dem Supermarkt, zwei Restaurants und den Bergbahnen entfernt. Bis zur &laquo;Klangschmiede&raquo; sind es gerade einmal f&uuml;nf Gehminuten. Sieben gem&uuml;tliche Zimmer, alle mit Bad oder Dusche/WC/F&ouml;n, TV und WIFI, teilweise mit Balkon, bieten Gew&auml;hr f&uuml;r einen angenehmen Aufenthalt. Eine Kaffee-Ecke mit kostenlosem Kaffee und Tee sowie einem K&uuml;hlschrank f&uuml;r pers&ouml;nliche Frischprodukte befindet sich im ersten Stock. Es sind gen&uuml;gend kostenlose Parkpl&auml;tze vorhanden.</div>", "url": "http://www.landhausanderthur.ch", "image": "https://ttpimtsoch.sos-ch-dk-2.exoscale-cdn.com/catalog/5/8/b/f/58bf5a8e28d535f9d3ff5a7f9e7be90868b120dd_IMG_5515.JPG", "openstreetmap_id": "node/2312187210"}, "geometry": {"type": "Point", "coordinates": ["9.284196063152864", "47.19413284962057"]}}, {"type": "Feature", "properties": {"identifier": "8e1a4395-a956-4d2e-946f-ce50642e49fb", "name": "K\u00e4se Restaurant Berghof", "description": "Unsere K\u00fcche ist bekannt f\u00fcr gutb\u00fcrgerliches Essen mit verschiedenen K\u00e4sespezialit\u00e4ten und anderen leckeren Mahlzeiten. In der Bio-K\u00e4serei produzieren wir verschiedene Bio-K\u00e4sespezialit\u00e4ten und bieten diese zum Kauf im Restaurantladen an. In der urchigen Berghof-Degu-Sch\u00fc\u00fcr ist Platz f\u00fcr 80 Personen. Sie ist mit modernster Infrastruktur eingerichtet und bietet Platz f\u00fcr jeden Anlass. Kommen Sie zu uns, wir haben immer etwas passendes f\u00fcr Sie. Es freut sich Melchior und Vreni mit Karin Schoch und das Berghofteam.", "url": "http://www.berghof-ag.ch", "image": "https://ttpimtsoch.sos-ch-dk-2.exoscale-cdn.com/catalog/3/0/6/e/306e93c08ad78c14b848094efb321f0283c62a89_wohnmobilstellplatz_restaurant_k__serei_berghof_413551.jpg", "openstreetmap_id": "node/2229095777"}, "geometry": {"type": "Point", "coordinates": ["9.0918189", "47.3663522"]}}, {"type": "Feature", "properties": {"identifier": "8f5e1f94-1e42-48f2-a918-5e4dc03daa14", "name": "Der private Extrawurst-Kurs", "description": "<p>Dann ist ein Extrawurst-Kurs beim Toggenburger Metzgermeister Philipp Metzger ideal. In zwei Stunden stellen Sie und Ihre G\u00e4ste zwei, drei Extraw\u00fcrste her. Den Termin und die Gruppengr\u00f6sse w\u00e4hlen Sie frei. Metzgermeister Philipp Metzger unterst\u00fctzt Sie bei der Planung. Auf Wunsch grillieren Sie anschliessend auf der Metzgerei-Terrasse.</p>", "url": "https://www.extrawuerste.ch/kursangebot", "image": "https://ttpimtsoch.sos-ch-dk-2.exoscale-cdn.com/catalog/0/e/3/6/0e3651829109c4947f817efa226ecd7eebd2d037_Metzger_Metzger_Foto4.jpeg", "openstreetmap_id": "node/2864981139"}}, {"type": "Feature", "properties": {"identifier": "912219d6-de6e-4d31-a017-26e9d5898dfa", "name": "Keramik - Malatelier CreaBa", "description": "<div>Beim Keramikmalen gestaltest du ganz pers&ouml;nliche Lieblingsst&uuml;cke &ndash; ob Tasse, Teller, Schale oder Vase. Du suchst dir einfach ein Rohkeramikst&uuml;ck aus und bemalst es mit speziellen Farben nach Lust und Laune. Muster, Schriftz&uuml;ge, Motive &ndash; alles ist erlaubt! Keine Sorge: Du brauchst keine Vorkenntnisse. Wir zeigen dir Schritt f&uuml;r Schritt, wie&rsquo;s geht, und stehen dir mit Tipps und Ideen zur Seite. Nach dem Malen wird dein Kunstwerk glasiert und im Brennofen gebrannt &ndash; wenige Tage sp&auml;ter kannst du es abholen oder dir zuschicken lassen. Ob als Geschenk, Erinnerungsst&uuml;ck oder einfach f&uuml;r dich selbst: Keramikmalen ist entspannend, kreativ &ndash; und macht richtig Spass! Der Preis ist abh&auml;ngig vom gew&auml;hlten Gegenstand (ab 15&ndash;65 CHF); dabei sind Ateliernutzung, Material, Farben, Glasieren und Brennen inklusive. F&uuml;r weitere kreative Angebote (Teamanlass, Geburtstag oder Firmenanlass) besuche unsere Homepage: www.creaBa.ch</div>", "url": "https://creaba.ch", "image": "https://ttpimtsoch.sos-ch-dk-2.exoscale-cdn.com/catalog/8/e/7/d/8e7db416c595084fea068664b5770a2138809f6a_IMG_8639__2.jpeg", "openstreetmap_id": "node/5300707212"}, "geometry": {"type": "Point", "coordinates": ["9.0390653", "47.4089413"]}}, {"type": "Feature", "properties": {"identifier": "917ebc5d-1429-4ce7-a5bb-77e0492b2555", "name": "Klangsein: Wohltuende und regenerierende Entspannung durch Klang.", "description": "<p>Die Klangschalenmassage zeichnet sich durch obertonreiche Kl&auml;nge und feine Vibrationen aus, welche unser Nervensystem beruhigen. Die Klangschalen werden sowohl auf, als auch um den bekleideten K&ouml;rper positioniert und mit einem Filzschl&auml;gel sanft zum Klingen gebracht. Die harmonischen, obertonreichen Kl&auml;nge der verschiedenen Schalen erm&ouml;glichen Tiefenentspannung. Die feinen Vibrationen der Schalen bringen die Fl&uuml;ssigkeit im K&ouml;rper zum Schwingen und breiten sich im K&ouml;rper aus, vergleichbar mit den konzentrischen Wellen, die entstehen, wenn ein Stein ins Wasser f&auml;llt. Muskul&auml;re Verspannungen werden sanft gel&ouml;st, Faszien gelockert sowie Durchblutung und Lymphfluss angeregt. Die tiefe Entspannung beeinflusst Atmung, Herzkreislaufsystem, Stoffwechsel und Verdauungssystem positiv. Die Regenerationsf&auml;higkeit des K&ouml;rpers wird so gef&ouml;rdert. Das urspr&uuml;ngliche Vertrauen sowie die K&ouml;rper- und Selbstwahrnehmung werden gest&auml;rkt. Ein Gef&uuml;hl von Entspannung und Leichtigkeit wird erfahrbar &ndash; Wellness f&uuml;r K&ouml;rper, Seele und Geist.</p>", "url": "https://klangsein.ch", "image": "https://ttpimtsoch.sos-ch-dk-2.exoscale-cdn.com/catalog/7/9/9/1/7991e99eafa34c871e58fe1ce0f4e91d8a6f9d58_Klangsein_Klangschale_First_Churfirsten_Obertoggenburg.JPG", "openstreetmap_id": "node/2046854445"}, "geometry": {"type": "Point", "coordinates": ["9.30894", "47.20253"]}}, {"type": "Feature", "properties": {"identifier": "91e8e76f-99f2-4aef-b317-cd893b674c60", "name": "Skiclubh\u00fctte Altschen", "description": "<div><p>Vom Arvenb&uuml;el aus erreichst du die Skiclubh&uuml;tte Altschen auf einem rund 30\u2011min&uuml;tigen, gut begehbaren Wanderweg in Richtung Vordere H&ouml;hi. Der Weg f&uuml;hrt durch eine abwechslungsreiche Landschaft mit offenen Wiesen und immer wieder sch&ouml;nen Ausblicken auf die umliegende Bergwelt. Besonders an klaren Tagen lohnt es sich, einen Moment innezuhalten und die Ruhe sowie die frische Bergluft zu geniessen.</p><p>Die Skiclubh&uuml;tte Altschen selbst liegt idyllisch eingebettet inmitten der Natur und l&auml;dt zum Verweilen ein &ndash; ob als Zwischenstopp f&uuml;r eine kleine St&auml;rkung oder als Ziel einer gem&uuml;tlichen Wanderung. Die H&uuml;tte bietet eine angenehme Atmosph&auml;re f&uuml;r Erholungssuchende, Familien und Sportbegeisterte gleichermassen.</p><p>Von hier aus er&ouml;ffnen sich zahlreiche weitere Wanderm&ouml;glichkeiten in verschiedene Richtungen. Ambitionierte Wanderer k&ouml;nnen ihre Tour ausdehnen und die umliegenden Gipfel oder H&ouml;henwege erkunden, w&auml;hrend Genusswanderer die sanfteren Routen bevorzugen k&ouml;nnen.</p><p>Ebenfalls ist die H&uuml;tte ein beliebter Stopp f&uuml;r die Velotour ins Toggenburg. Viele Biker sch&auml;tzen die Strecke wegen ihrer abwechslungsreichen Abschnitte und der herrlichen Aussicht. Die Kombination aus sportlicher Aktivit&auml;t und landschaftlicher Sch&ouml;nheit macht diesen Ort zu einem attraktiven Ziel f&uuml;r Naturliebhaber.</p></div>", "url": "https://www.amden-weesen.ch/gastronomie/skiclubhuette-altschen-9e612aa0c8", "image": "https://ttpimtsoch.sos-ch-dk-2.exoscale-cdn.com/catalog/e/c/c/e/ecce4f148270431e48b1700282f70a8ae1ecae82_amden_restaurant.jpg", "openstreetmap_id": "way/195802103"}, "geometry": {"type": "Point", "coordinates": ["9.1859442", "47.1601472"]}}, {"type": "Feature", "properties": {"identifier": "921bb32a-8ac5-46df-8420-b9f06efe647e", "name": "Auf Frauenspuren im Toggenburg", "description": "<p>Eine Zeitreise durch die Geschichte von Frauen aus dem Toggenburg zeigt, welche beeindruckende Spuren sie hinterlassen haben. Trotz grossen Herausforderungen, begrenzten Ressourcen und gesellschaftlichen Einschr&auml;nkungen waren sie mutige Wegbereiterinnen: Mit bewundernswerter Kreativit&auml;t und Entschlossenheit pr&auml;gten sie den Alltag.&nbsp;<br>In vielen F&auml;llen &uuml;bten die Frauen auch einen starken Einfluss auf die kulturelle Identit&auml;t der Region aus. Sie pflegten Traditionen, bewahrten das kulturelle Erbe und trugen dazu bei, dass die Geschichte und die Werte der Gemeinschaft weitergegeben wurden.&nbsp;<br>Der/die St&auml;dtliguide erz&auml;hlt auf dieser Themenf&uuml;hrung durch die Gassen von Lichtensteig von Frauen zwischen dem 17. bis anfangs des 20. Jahrhunderts.</p><p><strong>Ap&eacute;ro<br></strong>Zur stimmigen Abrundung kommt ein feiner Ap&eacute;ro vor oder nach der F&uuml;hrung sehr gut an - unser Spezialangebot f&uuml;r St&auml;dtlif&uuml;hrungsgruppen finden Sie&nbsp; <a href=\"https://toggenburg.swiss/files/_OpenFrontend/websites/toggenburg.swiss/objects/pdf_download/ap%C3%A9ro_angebote_lichtensteig.pdf\" target=\"_blank\" rel=\"noopener\">hier.</a>&nbsp;</p>", "image": "https://ttpimtsoch.sos-ch-dk-2.exoscale-cdn.com/catalog/1/9/2/b/192b9243c6d51886129bf43f8e563e41afa767f7_Bild_Frauen_im_Toggenburg.jpg"}, "geometry": {"type": "Point", "coordinates": ["9.087211489677431", "47.323541518234684"]}}, {"type": "Feature", "properties": {"identifier": "94080953-9f21-4280-a2e2-29e8f640e7ce", "name": "Gasthaus Hulftegg", "description": "<p>Ab Hotel Wanderparadies zu den 7 Bergbeizli, Hulftegg Rundweg auch im Winter unterhalten. Panorama-Terrasse mit Blick ins Toggenburg bis zum Bodensee. Velo und Motorradtreff. Zentral f&uuml;r Ausfl&uuml;ge Z&uuml;rich - Ostschweiz. Sonntags Brunch. Ideal auch f&uuml;r Tagesseminare. Menus f&uuml;r Gruppen (Cars, Vereine etc.)</p><p>&nbsp;</p><p><span data-teams=\"true\">Auskunft zur Zug&auml;nglichkeit: <a href=\"https://www.ginto.guide/entries/E9861A3E-A151-4CDD-BB63-CB4F956CFF4E?lnk_src=business\" target=\"_blank\" rel=\"noopener\">ginto</a></span></p>", "url": "http://www.hulftegg.ch/", "image": "https://ttpimtsoch.sos-ch-dk-2.exoscale-cdn.com/catalog/e/3/a/0/e3a0909413632d44ca0c4ced2a6831459b4acc5e_Hulftegg7.jpg", "openstreetmap_id": "node/318307967"}, "geometry": {"type": "Point", "coordinates": ["8.9672148", "47.3633029"]}}, {"type": "Feature", "properties": {"identifier": "95bed004-bd21-413c-aa09-075846e31fc5", "name": "Sitzbank Iltishag", "description": "<p>Dieses B&auml;nkli ist Teil der Ruheoasen entlang des Thur- und Neckerwegs, gefertigt aus heimischem Holz und bewusst reduziert gestaltet.<br><br>Es bietet einen einfachen, klar gestalteten Ort zum Sitzen, Verweilen und Innehalten. Der Blick richtet sich in die Landschaft &ndash; auf Wasser, Wiesen oder Berge, je nach Standort neu, stets mit Bedacht gew&auml;hlt.</p>", "url": "https://thurundneckerweg.ch", "image": "https://ttpimtsoch.sos-ch-dk-2.exoscale-cdn.com/catalog/7/7/2/8/77288f4bdfc7a847ac9989be8698a9a5b2a9e83b_Sitzbank_Iltishag__Starkenbach.jpg", "openstreetmap_id": "node/13611628055"}, "geometry": {"type": "Point", "coordinates": ["9.237111", "47.191333"]}}, {"type": "Feature", "properties": {"identifier": "95fdee83-2c45-4a1e-b0a5-cbff71179b80", "name": "Hof Entenbach", "description": "Im 24h Selbstbedienungshofl\u00e4deli findest du saisonale Produkte vom Hof: Eier, \u00c4pfel, selbstgepresster Most, diverse Sirupe und vieles mehr. \n\nAuf Anfrage bietet der Hof Entenbach auch Fleisch-Mischpakete vom Beef oder Schwein an.\n\nNebst Lebensmittel werdet ihr auch f\u00fcndig, wenn ihr auf der Suche nach kleinen Geschenken sind. So gibt es hier zum Beispiel Scherenschnittkappen, Stirnb\u00e4nder und weitere selbstgen\u00e4hte Unikate.\n", "url": "https://www.hofentenbach.ch/", "image": "https://ttpimtsoch.sos-ch-dk-2.exoscale-cdn.com/catalog/b/7/6/8/b768b5b49b4aed3880aaa1f7c63f3cbe20f0525d_IMG_20220914_WA0021.jpg", "openstreetmap_id": "way/767480486"}, "geometry": {"type": "Point", "coordinates": ["8.984662592411043", "47.3719585767651"]}}, {"type": "Feature", "properties": {"identifier": "962497e4-503f-4272-8e19-dfbc26dae064", "name": "Gruppenhaus H\u00e4nis", "description": "Erleben Sie unvergessliche Tage in unserem modernen Skihaus auf der wundersch\u00f6nen Wolzenalp im Toggenburg. Ob exklusiv f\u00fcr Ihre Gruppe oder bettenweise \u2013 unser Haus bietet den perfekten R\u00fcckzugsort f\u00fcr Skifahrer, Wanderer und Naturliebhaber. Weitere Informationen finden Sie auf unserer Homepage (Skiclub Schaffhausen). \n\nUnser H\u00fcttenwart freut sich auf Ihre Anfrage.\n\nViele Gr\u00fcsse, Skiclub Schaffhausen", "url": "https://www.skiclubsh.ch/", "image": "https://ttpimtsoch.sos-ch-dk-2.exoscale-cdn.com/catalog/6/4/8/3/648388af3d216d16f513a70c5357e79e33630045_1e1f8d13_671d_4611_9e8b_c1781fd409af.jpeg", "openstreetmap_id": "node/11306768183"}, "geometry": {"type": "Point", "coordinates": ["9.156240820884706", "47.22270154234824"]}}, {"type": "Feature", "properties": {"identifier": "973c36ba-5db8-4271-854f-00ec2a4e5cb2", "name": "Alphaus Alp B\u00f6den", "description": "<p><span data-olk-copy-source=\"MessageBody\">Die H\u00fctte verf\u00fcgt \u00fcber eine K\u00fcche mit kaltem Wasser, eine gem\u00fctliche Stube, zwei Schlafr\u00e4ume, ein WC, eine Solardusche, einen Erdkeller sowie eine Grillstelle. Geheizt und gekocht wird mit Holz. Bei schneefreier Lage ist die H\u00fctte bequem mit dem Auto erreichbar. Die Preise betragen 30 CHF pro Person und Nacht ab 18 Jahren sowie 15 CHF pro Kind und Nacht bis 18 Jahren, Kinder bis 6 Jahre sind gratis. Zus\u00e4tzlich wird eine Depotgeb\u00fchr von 50 CHF erhoben, welche f\u00fcr ein allf\u00e4llig notwendiges Putzen verwendet wird.</span></p>", "image": "https://ttpimtsoch.sos-ch-dk-2.exoscale-cdn.com/catalog/6/1/7/0/6170d985172176b525f622bde1d887546ebfc07d_Alphaus_Alp_B__den_Krummenau.jpg", "openstreetmap_id": "node/397099486"}, "geometry": {"type": "Point", "coordinates": ["9.1376531124115", "47.23572636918493"]}}, {"type": "Feature", "properties": {"identifier": "9876a553-9f64-4354-a43e-f529efa836c9", "name": "B\u00f6delil\u00e4deli", "description": "Hier verkaufen wir unsere Milch in einem Milchautomat. Ein Gef\u00e4ss zum Abf\u00fcllen bitte selber mitbringen. Weiter im Angebot haben wir: Eier, Jogurt, verschiedene K\u00e4se, Butter, Toggenburger Glace, Mehl, jeden Samstag Z\u00f6pfe, Birnenbrot, diverese Gonfi, Kr\u00e4utersalz und Sirup je nach Saison. Ein Besuch lohnt sich bestimmt!\nZahlung bar oder per Twint m\u00f6glich.", "url": "https://www.b\u00f6delil\u00e4deli.ch", "image": "https://ttpimtsoch.sos-ch-dk-2.exoscale-cdn.com/catalog/8/9/8/7/8987719e3f7e6f46565cae7790a284d40f8e265c_La__deli__2.jpeg", "openstreetmap_id": "node/2312187899"}, "geometry": {"type": "Point", "coordinates": ["9.307746769231155", "47.197282714546"]}}, {"type": "Feature", "properties": {"identifier": "987aeef1-6fce-4f6a-9186-bdb97dac0656", "name": "Berggasthaus St\u00f6feli", "description": "Sich mitten im Ch\u00e4serrugg-Gebiet zur\u00fcckziehen, den Sonnenuntergang aus der Stube geniessen, den Tag bei einem Fondue ausklingen lassen und tief schlafen in gepflegten Zimmern mit gem\u00fctlicher Atmosph\u00e4re. Im Winter ist es mit den Ski oder der Gondelbahn und im Sommer zu Fuss oder mit der Luftseilbahn zu erreichen.", "url": "http://www.chaeserrugg.ch/", "image": "https://ttpimtsoch.sos-ch-dk-2.exoscale-cdn.com/catalog/7/3/d/e/73de34c2c14682eae4883b16c5e7d434749b11ff_TT_Berggasthaus_Stoefeli_Smmer_2019_3.jpg", "openstreetmap_id": "node/205956001"}, "geometry": {"type": "Point", "coordinates": ["9.312350700000025", "47.1715985"]}}, {"type": "Feature", "properties": {"identifier": "98d7c75b-07dd-426d-b061-72924b108a07", "name": "Bike Academy Toggenburg", "description": "Du willst (e-) mountainbiken, bist aber unerfahren auf steilen Anstiegen und Abfahrten? Du bist es nicht gewohnt, auf unterschiedlichem Terrain zu biken?\nDann komm' zu uns - so werden deine Mountainbike-Erlebnisse Spass machen ... mit Sicherheit! Kids lernen bei uns spielend biken: der Spass ist garantiert.\nDie Bike Academy Toggenburg ist bis Oktober t\u00e4glich ge\u00f6ffnet - sende uns jetzt deine Reservationsanfrage.", "url": "http://www.bikeacademytoggenburg.ch/", "image": "https://ttpimtsoch.sos-ch-dk-2.exoscale-cdn.com/catalog/6/9/4/c/694ccd13a85e1d4a5238fd4d7069da037f8317ff_Bildschirmfoto_2026_07_14_um_11.22.32.png", "openstreetmap_id": "node/10011460406"}, "geometry": {"type": "Point", "coordinates": ["9.343051314353945", "47.200574813648"]}}, {"type": "Feature", "properties": {"identifier": "99f548b2-cf39-4cc6-9f83-65f2775078a6", "name": "Schaukeln Barenegg", "description": "<p>Ein Holzbrett, zwei Ketten &ndash; mehr braucht es nicht. Entlang des Thur- und Neckerwegs entsteht so ein einfacher Ort, der an fr&uuml;her erinnert.<br><br>Beim Schaukeln wird das Gef&uuml;hl leichter und Gedanken verlieren an Gewicht. F&uuml;r einen Moment darf alles unkompliziert sein.</p>", "url": "https://thurundneckerweg.ch", "image": "https://ttpimtsoch.sos-ch-dk-2.exoscale-cdn.com/catalog/b/f/7/8/bf78e28069be551cdf9ec694ae597e9ae038099d_Schaukeln_Barenegg__Neckertal.jpg", "openstreetmap_id": "node/13611749201"}, "geometry": {"type": "Point", "coordinates": ["9.188500", "47.298500"]}}, {"type": "Feature", "properties": {"identifier": "9be96916-483a-4e55-9a0b-93862787dd62", "name": "Eulengl\u00fcck", "description": "<p>Wir bieten folgende Erlebnisse mit unseren Eulen an:<br><br><strong>Erlebnisspaziergang mit Eulen</strong><br>Wir gehen mit Ihnen durch die Landschaft und zeigen Ihnen den Lebensraum der Eulen. Alternativrouten f&uuml;r Personen mit Handicap sind m&ouml;glich.<br><br><strong>Relaxprogramm mit Eulen</strong><br>Ausspannen und den Alltag vergessen?<br>Lassen Sie sich von unseren Eulen dabei helfen.<br>Bei einem Getr&auml;nk und einer Eule auf der Hand einfach den Augenblick geniessen!<br><br><strong>Naturfotoshooting mit Eulen<br></strong>Brauchen Sie f&uuml;r Ihren Fotokurs ein besonderes Motiv?<br>M&ouml;chten Sie eine Eule in der Natur fotografieren?</p>", "url": "https://www.eulenglueck.ch/", "image": "https://ttpimtsoch.sos-ch-dk-2.exoscale-cdn.com/catalog/3/e/0/0/3e00a2ff80b128dc44cacb57143634d1e228a9f6_IMG_20210911_WA0043.jpg", "openstreetmap_id": "relation/1683945"}, "geometry": {"type": "Point", "coordinates": ["9.206514736418168", "47.196959808576"]}}, {"type": "Feature", "properties": {"identifier": "9c35b1c0-5e3f-47c6-ace4-78262e14f513", "name": "Ferienheim Bodenweidli", "description": "Ideal f\u00fcr Schulklassen, Geburtstagsfest, Hochzeit, Lehrlingslager etc. Nebst gratis Internetanschluss stehen Ihnen ebenfalls Beamer, Leinwand, Musikanlage, ein hauseigener Fussballplatz, Volleyballfeld, Ping-Pong Tisch, T\u00f6ggelikasten und eine Feuerstelle zur Verf\u00fcgung. An einer Privatstrasse sind Sie frei vom Verkehr, jedoch sind es nur 100 Meter bis zur Skibushaltestelle.\nNeu k\u00f6nnen wir zudem einen top modern eingerichteteten Seminarraum anbieten.", "url": "https://www.bodenweidli.ch", "image": "https://ttpimtsoch.sos-ch-dk-2.exoscale-cdn.com/catalog/7/b/9/6/7b9643d86117731d4fa235edd0793eb92d959ea6_DSC_0398.JPG", "openstreetmap_id": "node/414880393"}, "geometry": {"type": "Point", "coordinates": ["9.358319100000015", "47.2079208"]}}, {"type": "Feature", "properties": {"identifier": "9deab758-e1a5-4e1e-b692-4161a9fecf9f", "name": "Bibliothek und Ludothek Nesslau", "description": "<p><strong>Entdecken Sie in der Bibliothek alles, was das Leserherz begehrt!</strong><br>Vom Krimi bis zum Liebesroman, vom Pappbilderbuch bis zum Sachbuch &ndash; hier finden Sie das passende Buch f&uuml;r die ganze Familie!</p>\n<p><strong>Nach einem Besuch in der Ludothek hat Langeweile bei Regenwetter keine Chance!</strong><br>Bei uns finden Sie ein grosses Sortiment an Gesellschaftsspielen, verschiedenen Spielsachen, H&ouml;rb&uuml;chern inkl. Tonies, Outdoorspielen und vielem mehr...</p>\n<p><strong>Fehlt etwas in der Ferienwohnung, z.\u202fB. ein Pizzaofen?</strong><br>Vielleicht finden Sie es in unserer Bibliothek der Dinge. Wir bieten die M&ouml;glichkeit von Einzelausleihen ohne Abo.</p>\n<p><strong>Parkplatz, Treppenlift und Behindertentoilette sind vorhanden.</strong></p>", "url": "https://www.bibliothek-nesslau.ch/", "image": "https://ttpimtsoch.sos-ch-dk-2.exoscale-cdn.com/catalog/c/4/0/c/c40c2b6cfb898a7487a728e31437729eb012a47d_IMG_20241207_084540_resized_20241207_094511701.jpg", "openstreetmap_id": "node/11306760191"}, "geometry": {"type": "Point", "coordinates": ["9.199032783508303", "47.228938230627655"]}}, {"type": "Feature", "properties": {"identifier": "9e3b4a74-0859-4f56-8fa8-1adfec43d0cc", "name": "Chatzegrabe-Tours - Wanderleiter SBV", "description": "<p>M\u00f6chtest du\n- dich in der Bergwelt vom Alltag erholen?\n- eine atemberaubende Landschaft erkunden?\n- eine Spur durch den Schnee abseits des Rummels ziehen?\n- den Sonnenaufgang auf einem Berggipfel erleben?\n- dem leuchtenden Mond in einer verschneiten Landschaft begegnen?\n- die Bergwelt geniessen und dabei sicher unterwegs sein?\n- unterwegs Spannendes und Wissenswertes \u00fcber die Region und den Lebensraum erfahren?\n- mit deinem Team, Gruppe oder Klasse einen unvergesslichen Tag draussen in der Natur verbringen?\n- oder gar die Nacht zum Tag werden lassen?\n\nBenno Schwizer, Wanderleiter SBV und SAC-Tourenleiter erm\u00f6glicht dir, diese W\u00fcnsche zu erf\u00fcllen.\nIm Tourenprogramm findest du verschiedene Angebote - im Winter wie im Sommer, f\u00fcr Einsteiger/innen und Ge\u00fcbte.\n\nOder lass dir eine massgeschneiderte Tour anbieten f\u00fcr Einzelpersonen, Gruppen oder Teams.\nIch freue mich auf deine Anfrage und mit dir/euch \u00abz\u00e4me underw\u00e4gs\u00bb zu sein.</p>", "url": "https://chatzegrabe-tours.ch", "image": "https://ttpimtsoch.sos-ch-dk-2.exoscale-cdn.com/catalog/e/2/9/3/e2936d8e46fc0cc9012d863bb6aa5c498306bbee_DSC02708.JPG", "openstreetmap_id": "relation/2728086"}, "geometry": {"type": "Point", "coordinates": ["9.1694948", "47.2487748"]}}, {"type": "Feature", "properties": {"identifier": "9ec08e9f-723a-4120-822f-f5962dffc39a", "name": "Velo K\u00f6bi Nesslau", "description": "- Verkauf von Bikes und E-Bikes, Zubeh\u00f6r und Bekleidung\n- Service und Reparatur aller Marken (bei E-Bikes, sofern technisch m\u00f6glich)\n- Vermietung von E-Bikes", "url": "https://www.velokoebi.ch/", "image": "https://ttpimtsoch.sos-ch-dk-2.exoscale-cdn.com/catalog/d/c/1/4/dc14500cc5f82cbea114b4ab69f3969ee4473bd9_IMG_20220308_135825.jpg", "openstreetmap_id": "node/2865023051"}, "geometry": {"type": "Point", "coordinates": ["9.20292", "47.22287"]}}, {"type": "Feature", "properties": {"identifier": "9ee0fb06-52e4-4bc0-9e41-8add7aa3d6d2", "name": "Birdie Golf Toggenburg", "description": "Es stehen Ihnen folgende M\u00f6glichkeiten zur Verf\u00fcgung:\n\n- Golf-Simulator im Self-Service f\u00fcr eine faszinierende virtuelle Golfrunde \u2013 realistisch, interaktiv und mit beeindruckendem 3D-Effekt.\n- Attraktives Putting-Green.\n- Gem\u00fctliche Lounge f\u00fcr gesellige Momente.\n- Attraktiv f\u00fcr Firmen, Tourismusg\u00e4ste, Familien und Freunde bis maximal 12 Personen.", "url": "https://birdiegolf-toggenburg.ch/", "image": "https://ttpimtsoch.sos-ch-dk-2.exoscale-cdn.com/catalog/1/6/5/3/1653b1e7e1b726b193c3a94408eaea447c7f2e38_Birdie_Golf_Toggenburg_11__2.jpg", "openstreetmap_id": "node/13990129363"}, "geometry": {"type": "Point", "coordinates": ["9.1957731", "47.2289055"]}}, {"type": "Feature", "properties": {"identifier": "9ff3677e-a890-472d-b62c-cc9aeecae4ac", "name": "Gruppenhaus TV Schaffhausen", "description": "Das Ski- und Ferienhaus des TV Schaffhausen (1\u2019150 m.\u00fc.M.) in Unterwasser ist ein gem\u00fctliches und sch\u00f6n gelegenes Lagerhaus und bietet sowohl Gruppen und Schulklassen als auch grossen Familien Unterkunft. Die maximale Kapazit\u00e4t liegt bei 58 Personen. Wir empfehlen auf Grund der Platzverh\u00e4ltnisse in den allgemeinen R\u00e4umen sowie den sanit\u00e4ten Anlagen, das Haus mit nicht mehr als 40 Personen zu belegen.\n\nDas Haus ist im Sommer und im Winter mit dem Auto von Unterwasser (steile Zufahrt) oder einfacher von Wildhaus her erreichbar. Kostenfreie Parkpl\u00e4tze befinden sich unmittelbar vor dem Haus. Mit dem Reisecar ist die Zufahrt \u00fcber Wildhaus m\u00f6glich. Im Winter f\u00fchrt die Ski-Piste direkt am Haus vorbei.\n\nIm Sommer und im Herbst ist das Haus ein idealer Ausgangspunkt f\u00fcr Wanderungen zu den Churfirsten. 300 m vom Haus entfernt befindet sich der Schwendisee, der zum Baden einl\u00e4dt. Zum Haus geh\u00f6ren zudem eine Grillstelle und eine grossz\u00fcgige Spielwiese.\n\nDas Haus ist ein Selbstversorgerhaus. In der nahen Umgebung finden Sie zudem zwei \u00f6ffentliche Restaurants (Gade & Alpenrose).", "url": "https://bergundbett.ch/gruppenhaeuser/", "image": "https://ttpimtsoch.sos-ch-dk-2.exoscale-cdn.com/catalog/a/0/1/8/a018c55d745b27c6aa94a3ae3c5b674e8ec6ed16_TV_Schaffhausen_mit_Saentis_1_jpg__2.jpg", "openstreetmap_id": "way/222237416"}, "geometry": {"type": "Point", "coordinates": ["9.32665495", "47.19093905"]}}, {"type": "Feature", "properties": {"identifier": "a0d2c242-070e-4e2f-836b-4feb51c63968", "name": "Toggenburg-Guides", "description": "Willkommen bei unserer Gemeinschaft von Bergf\u00fchrern und Wanderleitern im Toggenburg.\nBei uns findest du Touren und Erlebnisse, die von erfahrenen Profis geplant und begleitet werden.\nGemeinsam entdecken wir die Sch\u00f6nheit der Berge - ob sanft oder anspruchsvoll.\nWir nehmen dich mit hinaus in die Natur: sicher, authentisch und genau so, wie es zu dir passt.", "url": "https://www.toggenburg-guides.ch", "image": "https://ttpimtsoch.sos-ch-dk-2.exoscale-cdn.com/catalog/4/7/8/3/47832aab2c2b561185152a45c93b99259953dc69_01_Logo_Toggenburg_Guides600.png", "openstreetmap_id": "node/11289740047"}, "geometry": {"type": "Point", "coordinates": ["9.25304174423218", "47.185727089944905"]}}, {"type": "Feature", "properties": {"identifier": "a164c80a-4d11-45cd-b0fb-37c47a7aa070", "name": "Silvan Ebneter - Bergf\u00fchrer", "description": "Abenteuer beginnen mit der Idee, werden beim Planen geformt, realisiert auf einer Tour und zu Hause als Geschichte weitererz\u00e4hlt.\n\nEgal, ob du gerade erst mit dem Bergsport beginnst oder bereits Erfahrung mitbringst \u2013 bei mir bist du genau richtig! Ob in der Gruppe bei einer fundierten Ausbildung oder auf einer anspruchsvollen Klettertour: Ich sorge daf\u00fcr, dass dein Abenteuer Wirklichkeit wird.\n\nDas malerische Toggenburg bietet uns die perfekte Kulisse, um unvergessliche Touren zu erleben und gemeinsam die Berge zu genie\u00dfen.\n\nMein Angebot:\n\u2022\tSkitouren\n\u2022\tHochtouren\n\u2022\tEisklettern\n\u2022\tKlettertouren\n\u2022\tAusbildung:\no\tLawinenkurs\no\tSkitechnikkurs\no\tKletterkurs\n\nBereit f\u00fcr neue Herausforderungen und Naturerlebnisse? Ich freue mich auf dich!", "url": "https://alpendohle.ch/", "image": "https://ttpimtsoch.sos-ch-dk-2.exoscale-cdn.com/catalog/8/e/d/d/8edd3d748831d6cec052cb951e2283875f3ed0b3_IMG_20231014_WA0012.jpg", "openstreetmap_id": "way/281950935"}, "geometry": {"type": "Point", "coordinates": ["9.141916900000004", "47.254443699999996"]}}, {"type": "Feature", "properties": {"identifier": "a180b3f3-57d5-4d95-bbdb-5f9d5d769c37", "name": "24h k\u00f6stliche Vielfalt", "description": "Hereinspaziert in die Welt des Genusses! Unter den historischen Arkaden im Zentrum Lichtensteigs kannst du rund um die Uhr Spezialit\u00e4ten aus dem Toggenburg sowie Bier-Vielfalt aus aller Welt kaufen. Entdecke die kulinarischen Sch\u00e4tze aus dem Toggenburg und nimm die Spezialit\u00e4ten gleich mit nach Hause. Herzlich Willkommen!", "url": "https://www.9620.ch/", "image": "https://ttpimtsoch.sos-ch-dk-2.exoscale-cdn.com/catalog/c/b/a/a/cbaa17c07eb727a0e2f93d49fd6c23842da8eca6_IMG20211220141456__1_.jpg", "openstreetmap_id": "node/3904703662"}, "geometry": {"type": "Point", "coordinates": ["9.08765", "47.32278"]}}, {"type": "Feature", "properties": {"identifier": "a2e7f4e1-4e7f-4e64-bd10-593343538a3a", "name": "Haus am Rain Ski- und Ferienhaus", "description": "<div><p>Willkommen in unserem charmanten Gruppenhaus mit sieben einladenden Zimmern. Jedes Zimmer bietet Platz f&uuml;r bis zu vier Personen und verf&uuml;gt &uuml;ber ein eigenes Badezimmer.</p><p>Das Haus bietet grossz&uuml;gige Aufenthaltsr&auml;ume, die zum geselligen Beisammensein einladen, sowie eine voll ausgestattete Gastrok&uuml;che, die kulinarische Erlebnisse f&uuml;r gr&ouml;ssere Gruppen erm&ouml;glicht. F&uuml;r kleinere Gruppen steht zudem eine separate, gem&uuml;tliche K&uuml;che zur Verf&uuml;gung.</p><p>Die weitl&auml;ufige Terrasse mit Grill l&auml;dt zu unvergesslichen Grillabenden unter freiem Himmel ein &ndash; begleitet von einer atemberaubenden Aussicht auf die majest&auml;tischen Berge S&auml;ntis und Schafberg.</p><p>Dank der ruhigen und dennoch zentralen Lage, nur f&uuml;nf Minuten von den &ouml;ffentlichen Verkehrsmitteln und den Bergbahnen entfernt, ist das Haus der ideale Ausgangspunkt f&uuml;r Skifahrer, Wanderer und Biker.</p><p>Hier finden Sie den perfekten Ort, um zur Ruhe zu kommen, die Natur zu geniessen und neue Abenteuer zu erleben.</p></div>", "url": "https://hausamrain.ch", "image": "https://ttpimtsoch.sos-ch-dk-2.exoscale-cdn.com/catalog/2/3/5/4/23548e4a0f2abdf9b5d81305cea250849e9d8600_2.jpg", "openstreetmap_id": "way/222237321"}, "geometry": {"type": "Point", "coordinates": ["9.282629550000003", "47.190927599999995"]}}, {"type": "Feature", "properties": {"identifier": "a6313581-97ae-4113-9d58-1ce5ed83ca05", "name": "Projekteinblick Mini.Stadt Lichtensteig", "description": "<p>Die Mini.Stadt Lichtensteig ist stark vom Strukturwandel gepr&auml;gt. Konstant ist: Lichtensteiger:innen packen an. Gemeinsam haben sie eine Strategie entwickelt und verschiedene Projekte vorangetrieben und umgesetzt. Dies hat die Jury des renommierten Wakkerpreises dazu bewogen, den Preis im Jahr 2023 an Lichtensteig zu vergeben.&nbsp;</p><p><br>Folgende Projekte bieten Ihnen einen exklusiven Einblick:</p><ul><li><strong>Macherzentrum Toggenburg</strong> (<a href=\"https://www.macherzentrum.ch\" target=\"_blank\" rel=\"noopener\">www.macherzentrum.ch</a>)<br>Engagierte Macher:innen nutzten die ehemalige Post in Lichtensteig nach deren Schliessung in einen Coworkingspace um. Damit wollten sie den Leerstand als Chance wahrnehmen und einen Mehrwert f&uuml;r die Region schaffen. Heute hat sich der Coworkingspace im Toggenburg etabliert und lockt Gr&uuml;nder:innen, digitale Nomadinnen und Nomaden sowie weitere Macher:innen an. Das Macherzentrum bietet ein inspirierendes Umfeld inmitten des wundersch&ouml;nen St&auml;dtli Lichtensteigs. Der Postschalter, die Schliessf&auml;cher und andere &laquo;&Uuml;berbleibsel&raquo; der Post blieben erhalten und verleihen einen einzigartigen Charme &ndash; schauen Sie selbst!</li><li><strong>Zukunft.Bahnhof</strong> (<a href=\"https://www.zukunftbahnhof.ch/\" target=\"_blank\" rel=\"noopener\">www.zukunftbahnhof.ch</a>)&nbsp;<br>Auf dem Areal rund um die Bahnhalle, wo das bekannte Ch&ouml;ssi Theater beheimatet ist, entsteht ein Konzept f&uuml;r eine enkeltaugliche Arealentwicklung. Die denkmalgesch&uuml;tzte Bahnhalle soll saniert werden und neue Bauten entstehen, die eine vielf&auml;ltige Mischnutzung des Areals mit einer Kombination aus Wohnen, Arbeiten und Kultur bieten werden. Mithilfe von sozialer und technischer Innovation soll ein lebendiger Begegnungs- und Wohnort entstehen.<br><br></li><li><strong>Stadtufer</strong> (<a href=\"https://www.stadtufer.ch/\" target=\"_blank\" rel=\"noopener\">www.stadtufer.ch</a>)<br>Der Niedergang der Textilindustrie hat die Region stark getroffen. Wir nutzen die Chance, mit dem Stadtufer eine Geschichte der feinf&uuml;hligen &ouml;kologischen und sozialen Wiederbelebung der ehemaligen Spinnerei zu erz&auml;hlen, welche das Bild des St&auml;dtchens historisch gepr&auml;gt hat. Mit partizipativen Planungsmethoden entwickelt sich das Areal Stadtufer aus dem Bestand heraus zu einem zukunftsweisenden Ort der Begegnung. F&uuml;r das grosse Engagement wurde die Genossenschaft 2022 mit dem Anerkennungspreis der Schweizer Vereinigung f&uuml;r Standortmarketing SVSM ausgezeichnet.<br><br></li><li><strong>Rathaus f&uuml;r Kultur</strong> (<a href=\"https://rathausfuerkultur.ch/\" target=\"_blank\" rel=\"noopener\">www.rathausfuerkultur.ch</a>)<br>Das Rathaus f&uuml;r Kultur ist seit 2019 ein Knotenpunkt f&uuml;r kulturelles Schaffen. Der Verein gestaltet die Zukunft der Region aktiv mit, vernetzt Kunst- und Kulturschaffende mit der Bev&ouml;lkerung und entwickelt neue Ideen und Projekte. Im umgenutzten ehemaligen Stadtverwaltungsgeb&auml;ude befinden sich die Dogo Residenz f&uuml;r Neue Kunst, zahlreiche Ateliers, mietbare Event, Probe- und Ausstellungsr&auml;umlichkeiten sowie ein gastronomischer Betrieb mit Aussenbereich. Das Haus ist &ouml;ffentlich zug&auml;nglich und wird vielf&auml;ltig genutzt. Regelm&auml;ssig wird ein diverses Kulturprogramm geboten mit Konzerten, Parties, Ausstellungen, Talks und mehr.</li></ul><p><strong>Ap&eacute;ro</strong><br>Zur stimmigen Abrundung kommt ein feiner Ap&eacute;ro im Anschluss an die F&uuml;hrung immer gut an.&nbsp;<a href=\"https://toggenburg.swiss/files/_OpenFrontend/websites/toggenburg.swiss/objects/pdf_download/ap%C3%A9ro_angebote_lichtensteig.pdf\" target=\"_blank\" rel=\"noopener\">Hier </a>finden Sie die Spezialangebote unserer Partnerbetriebe.<br>Wir w&uuml;rden uns sehr freuen, eines dieser Angebote f&uuml;r Sie zu organisieren.</p><p>&nbsp;<br>Weitere Informationen zum Wakkerpreise 2023 finden Sie unter <a href=\"https://wakkerpreis2023.ch/\" target=\"_blank\" rel=\"noopener\">www.wakkerpreis2023.ch</a></p>", "image": "https://ttpimtsoch.sos-ch-dk-2.exoscale-cdn.com/catalog/1/3/0/4/1304eee490a9fa7f46287f0e30e9298dac852609_05_Wakkerpreis_2023_Lichtensteig.jpg"}, "geometry": {"type": "Point", "coordinates": ["9.0874862", "47.3231436"]}}, {"type": "Feature", "properties": {"identifier": "a6cec57e-b0a5-4904-8050-9022589d6ded", "name": "Wanderma.ch - Wanderleiter SWW", "description": "<div id=\"comp-lwwafj34\" class=\"Z_l5lU ku3DBC zQ9jDz qvSjx3 Vq6kJx comp-lwwafj34 wixui-rich-text\" data-testid=\"richTextElement\"></div><div id=\"comp-lwwafj341\" class=\"Z_l5lU MMl86N zQ9jDz qvSjx3 Vq6kJx comp-lwwafj341 wixui-rich-text\" data-testid=\"richTextElement\"></div><div id=\"comp-lwwafj342\" class=\"Z_l5lU ku3DBC zQ9jDz qvSjx3 Vq6kJx comp-lwwafj342 wixui-rich-text\" data-testid=\"richTextElement\"><p class=\"font_7 wixui-rich-text__text\">Nat&uuml;rlich unterwegs im Toggenburg und Alpstein.&nbsp;</p><p class=\"font_7 wixui-rich-text__text\">Willkommen in der faszinierenden Bergwelt zwischen S&auml;ntis und Churfirsten</p><p class=\"font_8 wixui-rich-text__text\">Die Natur hier &ndash; mit ihren wilden W&auml;ldern, bl&uuml;henden Wiesen und schroffen Gipfeln &ndash; begeistert mich jeden Tag aufs Neue. Diese besondere Region ist mein Zuhause, mein Kraftort &ndash; und ich kenne sie wie meine Westentasche.</p><p class=\"font_8 wixui-rich-text__text\">Ob gem&uuml;tliche Wanderung, faszinierende Schneeschuhtour, spannende Exkursion oder inspirierender Teamausflug: Ich nehme dich, deine Gruppe und Freunde mit zu meinen Lieblingspl&auml;tzen &ndash; abseits des Trubels, mitten ins echte toggenburger Berg- &amp; Naturerlebnis.</p><p class=\"font_8 wixui-rich-text__text\">Seit April 2025 bin ich ausgebildeter Wanderleiter bei den Schweizer Wanderwegen. Mit viel Herzblut begleite ich Gruppen, Teams und Naturbegeisterte durch eindrucksvolle und entspannende Landschaften.&nbsp;</p></div>", "url": "https://www.wanderma.ch", "image": "https://ttpimtsoch.sos-ch-dk-2.exoscale-cdn.com/catalog/2/3/f/c/23fc9926dbfb8eb54642882cb2f29044c7ac9f60_Wanderma_Portrait_25.jpg", "openstreetmap_id": "way/223856895"}, "geometry": {"type": "Point", "coordinates": ["9.376864299999998", "47.206800900000005"]}}, {"type": "Feature", "properties": {"identifier": "a721ed0c-9cc2-41c6-b754-8f06221874e1", "name": "Propstei Alt St. Johann", "description": "Verschieden grosse R\u00e4umlichkeiten bieten Ihnen die M\u00f6glichkeit, die ideale Gr\u00f6sse f\u00fcr Ihren Event auszuw\u00e4hlen. Ob f\u00fcr eine Pr\u00e4sentation mit Beamer, eine Vorstellung mit B\u00fchne oder einfach den Geburtstag feiern. Wir stellen allen ben\u00f6tigten Materialien zur Verf\u00fcgung. Von Geschirr bis hin zu Kaffeetassen ist f\u00fcr alles gesorgt, damit Sie unvergessliche Momente, ungest\u00f6rt, erleben k\u00f6nnen.\n\nKapazit\u00e4t:\nPaul M\u00fcller Saal: 80 Personen\nJohannes Saal: 190 Personen\nSitzungszimmer: 12 Personen\nklostergarten: 200 Personen\nMilo & Th\u00fcring - Keller: 30 Personen\nAbt Konrad: 100 Personen\n\n", "url": "https://www.sanktjohann.ch/", "image": "https://ttpimtsoch.sos-ch-dk-2.exoscale-cdn.com/catalog/c/7/0/a/c70acfe830c6786379e87585479b1c53c646e08b__01__Aussenaufnahme_.jpg", "openstreetmap_id": "222237893"}, "geometry": {"type": "Point", "coordinates": ["9.28526043891907", "47.194374928696426"]}}, {"type": "Feature", "properties": {"identifier": "a75f7b42-e360-49a6-ba8d-3a802da03072", "name": "Gasthof Ochsen", "description": "Der perfekte Ausgangspunkt um das Obertoggenburg zu erkunden. \nWir befinden uns genau im Zentrum zwischen S\u00e4ntis, Churfirsten, Gampl\u00fct, Wolzenalp und Speer. Egal wo Sie Ihre Wanderung oder Biketour hinf\u00fchrt, bei uns sind Sie am richtigen Ausgangspunkt.\n\nEine besondere Perle ist der Gasthof Ochsen f\u00fcr Fischer: Als Partner des FV-Obertoggenburg d\u00fcrfen wir unseren Hotelg\u00e4sten Patente f\u00fcr die Thur und ihre Nebenb\u00e4che f\u00fcr die Fischerei auf Bachforellen ausstellen.\n\nIn unserem Restaurant finden Sie ein vielf\u00e4ltiges und regionales Angebot, welches sich stets nach der aktuellen Saison richtet.", "url": "https://stein-ochsen.ch", "image": "https://ttpimtsoch.sos-ch-dk-2.exoscale-cdn.com/catalog/c/4/0/9/c409d9975d54870eec78c953466b5ad0527d20bf_AussenRegen.jpeg", "openstreetmap_id": "node/2961595138"}, "geometry": {"type": "Point", "coordinates": ["9.2267025", "47.1986052"]}}, {"type": "Feature", "properties": {"identifier": "a7669609-b863-4c5b-9c02-e2855b9ce7eb", "name": "Metzgerei Metzger AG / Extraw\u00fcrste.ch", "description": "\u2026 ist die Toggenburger Traditionsmetzgerei seit 1932. \u00dcber 200 Fleisch- und Wurstprodukte stellen wir selber her. Meist nach altbew\u00e4hrten Rezepten. Fast alles Fleisch stammt von Tieren aus dem Toggenburg. Unsere Lieferanten kennen wir pers\u00f6nlich. Bei Hygiene und Zusatzstoffen orientieren wir uns an modernsten Grunds\u00e4tzen. Bis bald in unseren zwei besteingerichteten Verkaufsgesch\u00e4ften im Toggenburg! Oder bei den Verkaufswagen \u00fcberall im Z\u00fcrcherland.\n\nIm Unterschied zu Grossverteilern setzt die Metzgerei Metzger AG auf reine Handwerkskunst: Mitarbeitende mit teils jahrzehntelanger Erfahrung kontrollieren die Herstellung von der Fleischgewinnung bis zum Verkauf.\n\n-Zn\u00fc\u00fcni Hit: jeden Tag was von der warmen Theke f\u00fcr CHF 5.00 im B\u00fcrli\n- Geschenke und Mitbringsel\n- Catering; fragen Sie uns an: info@metzger-metzger.ch\n- Hausgemachte Fleisch und Wurstspezialit\u00e4ten\n- Toggenburger Fleischspezialit\u00e4ten; Stockbergspeck, Mostb\u00f6ckli, Birnenm\u00f6ckli usw.\n- extrawuerste.ch\n- Fleisch- und K\u00e4seplatten f\u00fcr jede Gelegenheit", "url": "https://www.metzger-metzger.ch/", "image": "https://ttpimtsoch.sos-ch-dk-2.exoscale-cdn.com/catalog/e/a/1/0/ea1089b4a971157f6aee97315ac71fccd446b98b_20230209_164427.jpg", "openstreetmap_id": "3520052677"}, "geometry": {"type": "Point", "coordinates": ["9.1985037", "47.2278863"]}}, {"type": "Feature", "properties": {"identifier": "a7c02bf1-0e4d-4d47-aa78-cc197eea4ec4", "name": "Yoga in der Trefferei in Unterwasser", "description": "<p>Yoga bietet dir eine wertvolle Auszeit, in der wohltuende Bewegungen deinen K&ouml;rper und Geist st&auml;rken. Es f&ouml;rdert deine Kraft, Flexibilit&auml;t und verbindet Atmung mit Bewegung f&uuml;r ein harmonisches Wohlbefinden.</p>\n<p>&nbsp;</p>\n<p><a href=\"https://www.eversports.ch/scl/gesundheitszeit-gmbh\" target=\"_blank\" rel=\"noopener\">Buche hier dein Yoga-Erlebnis</a></p>", "url": "https://www.gesundheitszeit.com", "image": "https://ttpimtsoch.sos-ch-dk-2.exoscale-cdn.com/catalog/9/8/7/e/987e319b0fe667fe8055a1acae4ed5f5ee75f8bf_IMG_20250228_WA0054.jpg", "openstreetmap_id": "way/222237609"}, "geometry": {"type": "Point", "coordinates": ["9.307404756407534", "47.19817667222202"]}}, {"type": "Feature", "properties": {"identifier": "a8d72dd2-b86c-4b33-bc49-0b2ab54cb75d", "name": "Historische F\u00fchrung durch die Mini.Stadt Lichtensteig", "description": "<p>Erleben Sie das St&auml;dtli von einer nicht ganz allt&auml;glichen Seite. Bei der begleiteten F&uuml;hrung erfahren Sie so einiges &uuml;ber die Geschichte Lichtensteigs und sehen die sch&ouml;nsten Ecken und schmalsten Gassen der Mini.Stadt im Toggenburg.&nbsp;Das historische Marktst&auml;dtchen Lichtensteig ist auf 640 m &uuml;.M. hoch &uuml;ber der Thur gelegen. Der vorbildlich erhaltene und restaurierte Altstadtkern mit seinen schmalen Kopfsteinpflaster-Gassen, hohen Arkaden und romantischen Brunnen will entdeckt werden. Die Bem&uuml;hungen der Gemeinde Lichtensteig rund um die Stadtentwicklung wurden mit dem Wakkerpreis 2023 ausgezeichnet.&nbsp;</p><p><strong>Ap&eacute;ro<br></strong>Zur stimmigen Abrundung kommt ein feiner Ap&eacute;ro vor oder nach der F&uuml;hrung sehr gut an - unser Spezialangebot f&uuml;r St&auml;dtlif&uuml;hrungsgruppen finden Sie&nbsp; <a href=\"https://toggenburg.swiss/files/_OpenFrontend/websites/toggenburg.swiss/objects/pdf_download/ap%C3%A9ro_angebote_lichtensteig.pdf\" target=\"_blank\" rel=\"noopener\">hier.</a>&nbsp;</p><p>&nbsp;</p>", "image": "https://ttpimtsoch.sos-ch-dk-2.exoscale-cdn.com/catalog/b/b/8/2/bb82bb7c447f94cd9b79ab83830b46ca0a46b383_Altstadt_Bezirksgeba__ude.jpeg"}, "geometry": {"type": "Point", "coordinates": ["9.087796211242678", "47.32375601594768"]}}, {"type": "Feature", "properties": {"identifier": "aa45e1bd-a179-4584-b7b9-2fb7b296ab3a", "name": "Bergwirtschaft K\u00f6belisberg", "description": "Nach ca. 45 Gehminuten erreicht man die Bergwirtschaft K\u00f6belisberg. Ab Parkplatz Burg (n\u00e4he Wasserfluh). Entsch\u00e4digt f\u00fcr den einfachen Aufstieg wird man mit einem wundersch\u00f6nen Panorama. Im Winter darf man sich den Fondue- oder Raclettplausch vor einer rasanten Schlittelfahrt nicht entgehen lassen. Im Sommer werden Sie mit einem K\u00f6beli-Teller verw\u00f6hnt. Unser neues Massenlager bietet Platz f\u00fcr 10 Personen. Geniessen Sie ein feines Essen und staunen \u00fcber das Sternenpanorama. Am n\u00e4chsten Morgen sind Sie als Erster auf dem Berg und haben vielleicht noch die Gelegenheit scheues Wild zu beobachten und dann ein reichhaltiges Fr\u00fchst\u00fcck zu geniessen.", "url": "https://koebelisberg.com/", "image": "https://ttpimtsoch.sos-ch-dk-2.exoscale-cdn.com/catalog/4/d/a/6/4da644b151104cde48b85eb26ca06ca85e673b72_K__belisberg07_Juni2018_TT.jpg", "openstreetmap_id": "node/373704829"}, "geometry": {"type": "Point", "coordinates": ["9.1094641", "47.3139253"]}}, {"type": "Feature", "properties": {"identifier": "abe52916-cfb2-4264-9e1e-57eb7a584b04", "name": "Hasenb\u00fcel - Ferien auf dem Bauernhof", "description": "Oberhalb des Dorfes Dicken im Neckertal liegt unser Hof mit herrlicher Aussicht in die Bergwelt. Wir betreiben Milchwirtschaft und Schweinezucht. Nebenbei haben wir noch einen Hofladen mit Konfit\u00fcren, Sirup, Eingemachtes und Geschenksartikel. \n\nUm sich vom Alltag zu erholen, geniessen Sie die Ruhe bei uns. Idealer Ausgangspunkt f\u00fcr Ausfl\u00fcge ins Toggenburg und ins Appenzellerland. \n\nUnsere 5-Zimmer-Wohnung befindet sich im 3. Stock mit eigenem Eingang; K\u00fcche mit Esszimmer, Wohnzimmer, 2 Doppelzimmer, Dusche/WC. Eine Etage h\u00f6her: ein Doppelzimmer. Raumh\u00f6he 1,85 m. \n\nHerzlich willkommen - bei uns im Hasenb\u00fcel.", "url": "https://www.hasenbuel.ch", "image": "https://ttpimtsoch.sos-ch-dk-2.exoscale-cdn.com/catalog/e/3/b/d/e3bdc30ea2b0ecc0ca3a0bc1d3f2063d25c3b8ed_Hasenb__el.jpg", "openstreetmap_id": "way/177911518"}, "geometry": {"type": "Point", "coordinates": ["9.187876661075947", "47.33900375"]}}, {"type": "Feature", "properties": {"identifier": "adc910c1-ecda-47ff-b7ed-8eb8b36f0641", "name": "Hotel Sternen", "description": "<p>Willkommen im Hotel Sternen im idyllischen Toggenburg &ndash; zentral gelegen und doch mitten in der Natur. Nur einen Katzensprung von Z&uuml;rich und St. Gallen entfernt, erwartet Sie bei uns ein Ort zum Durchatmen und Geniessen. Mit 51 charmanten Zimmern, zwei Restaurants, einer grossz&uuml;gigen Lobby mit Bar sowie hellen Seminar- und Bankettr&auml;umen ist der Sternen der ideale R&uuml;ckzugsort f&uuml;r Sportler, Familien, Seminarteilnehmer und alle, die eine kleine Auszeit suchen. Unsere einladende Lobby ist Treffpunkt und Wohlf&uuml;hlort zugleich: Spielzimmer, Billard, Tischfussball, B&uuml;cher, Spiele und gem&uuml;tliche Sitzecken laden ein, gemeinsam Zeit zu verbringen oder den Tag entspannt ausklingen zu lassen. Direkt vor der Haust&uuml;r warten Bergbahnen, das beheizte Freibad sowie Tennis- und Squashpl&auml;tze &ndash; und nat&uuml;rlich die unverf&auml;lschte Natur des Toggenburgs.</p><p>&nbsp;</p><p><span data-teams=\"true\">Auskunft zur Zug&auml;nglichkeit: <a href=\"https://www.ginto.guide/entries/42DCE771-99C3-4A2D-B7E6-1AAE765FFFF8?lnk_src=business\">ginto</a></span></p>", "url": "http://www.sternen.biz", "image": "https://ttpimtsoch.sos-ch-dk-2.exoscale-cdn.com/catalog/d/d/3/4/dd34fbfc1b95c668440985aef7db287b5fb9a6c6_Hotel_Sternen_Aussenansicht__16___2.jpg", "openstreetmap_id": "node/222237307"}, "geometry": {"type": "Point", "coordinates": ["9.311336874961855", "47.197075839004675"]}}, {"type": "Feature", "properties": {"identifier": "ae0b3c2d-c8dc-4ff4-b37e-7af3f086a690", "name": "Ferien auf dem Bauernhof Halden", "description": "In der Wohnung gibt es Platz f\u00fcr 7 Personen. Nebst der K\u00fcche, Wohnzimmer und Badezimmer sind 2 Doppelzimmer sowie ein Schlafzimmer mit zwei Einzelbetten vorhanden.", "url": "https://115817000000.holidaybooking.ch/ferienwohnung/446033/halden-598-unterwasser-toggenburg-ostschweiz-schweiz/#bewertung", "image": "https://ttpimtsoch.sos-ch-dk-2.exoscale-cdn.com/catalog/5/9/7/c/597cd612ba47e7200af4c52bc4dab533c7522f95_IMG_20240929_WA0004.jpg", "openstreetmap_id": "way/626248835"}, "geometry": {"type": "Point", "coordinates": ["9.29376", "47.2022"]}}, {"type": "Feature", "properties": {"identifier": "af3fc721-2443-4370-abf9-fc8225e140c0", "name": "Berg & Bett", "description": "Wir stehen f\u00fcr exklusive Ferienobjekte und ein rundum begeisterndes Ferienerlebnis, geb\u00fcndelt an zentraler Stelle in der S\u00e4ntis Lodge, mitten in der malerischen Ferienregion Toggenburg. Was unsere Angebote versprechen, das halten sie auch. Damit Sie mehr kostbare Zeit f\u00fcr sich haben und f\u00fcr das, was wesentlich ist.\n\nSeien Sie unser Gast. In der S\u00e4ntis Lodge (ehemaliges Hotel S\u00e4ntis) b\u00fcndeln wir das gesamte Angebot an G\u00e4stebetreuung - von der Ankunft bis zur Ihrer Abreise und allen H\u00f6hepunkten, die Sie dazwischen erleben. Oder geniessen Sie Ihren Urlaub in einer Ferienwohnung oder in einem Ferienhaus. Ob es der Wohnkomfort ist, der sonnenverw\u00f6hnte Balkon mit Aussicht, der rustikale Charme oder das Plus an Wellness-M\u00f6glichkeit - wir bereiten Ihr zeitweiliges Daheim f\u00fcr Sie vor. Treten Sie ein in Ihr Wunschobjekt.", "url": "https://bergundbett.ch/de/", "image": "https://ttpimtsoch.sos-ch-dk-2.exoscale-cdn.com/catalog/7/5/e/1/75e1ad743d20d37b529d9959395aa43842c3587f_LL_01271.jpg", "openstreetmap_id": "node/222237524"}, "geometry": {"type": "Point", "coordinates": ["9.313160777091982", "47.19638775140969"]}}, {"type": "Feature", "properties": {"identifier": "b02d6372-dd9b-4716-9ab3-89a4ba560d51", "name": "Brauerei St. Johann", "description": "Die Brauerei St. Johann steht seit 2012 f\u00fcr Bierkultur im Toggenburg. Handwerklich gebraute Spezialbiere h\u00f6chster Qualit\u00e4t f\u00fcr den Genuss Zuhause, im Restaurant oder in der Brauereibar & im Biergarten erfreuen sich grosser Beliebtheit. Rund 1100 Bierliebhaberinnen & -liebhaber sind begeisterte Mitbesitzer der Brauerei St. Johann\n\nWollen Sie wissen, wie im Toggenburg Bier gebraut wird? An der Brauereif\u00fchrung erfahren Sie, wie aus Wasser, Malz, Hopfen und Hefe Bier entsteht und werfen einen Blick in den Braukeller. F\u00fchrung durch die Brauerei inklusive Lagerkellerdegustation.\n\n", "url": "https://www.brauereistjohann.ch/", "image": "https://ttpimtsoch.sos-ch-dk-2.exoscale-cdn.com/catalog/d/3/1/9/d319e19bc11fca1ca23cbc256d405aedcd2535a6_IMG_0859.jpg", "openstreetmap_id": "node/3499725481"}, "geometry": {"type": "Point", "coordinates": ["9.1966349", "47.228962"]}}, {"type": "Feature", "properties": {"identifier": "b04f6d0c-8bca-4312-99e8-3a6bac9931aa", "name": "Gasthaus Sch\u00f6nenboden", "description": "<p>Freuen Sie sich auf eine Auszeit in der ruhigen Wildhauser Natur. Abschalten und auftanken. Neben den gem&uuml;tlichen Zimmern erwarten Sie einladende Aufenthaltsr&auml;ume zum Verweilen sowie eine Terrasse mit traumhaftem Panoramablick. Eine traditionelle indische Massage rundet Ihren Entspannungsurlaub perfekt ab. <br>Wichtige Facts: Gratis WLAN von (6-23 Uhr) und Parkplatz, Gedeckter Sandkasten f&uuml;r Kinder im Garten, Grillstelle, Gemeinschaftsk&uuml;che, Bibliothek. Skibushaltestelle vor der Haust&uuml;r.</p>", "url": "https://www.schoenenboden.ch", "image": "https://ttpimtsoch.sos-ch-dk-2.exoscale-cdn.com/catalog/6/7/5/9/67599619e19e5008845965e2b6d196a62dd51a37_Haus_su__d_ost_Kopie_3.jpg", "openstreetmap_id": "node/2327135093"}, "geometry": {"type": "Point", "coordinates": ["9.369074106216432", "47.205196359419475"]}}, {"type": "Feature", "properties": {"identifier": "b12d54a6-ca18-4d07-9c34-2fb1ec9c3442", "name": "MAJO - Pop-up-Restaurant", "description": "Im MAJO wird Slow-Food-Philosophie gelebt \u2013 beim spontanen Snack, beim raffinierten Vier-Gang-Men\u00fc. MAJO ist ein Ort der Begegnung, an dem die Tische f\u00fcr Gemeinschaft, Genuss und Geschichten gedeckt werden. Ein Ort, an dem Nachhaltigkeit mit kulinarischem Vergn\u00fcgen Hand in Hand geht.", "url": "https://majo.menu/", "image": "https://ttpimtsoch.sos-ch-dk-2.exoscale-cdn.com/catalog/5/9/d/6/59d686b235b51444a4eb3f43955358702a4baf7c__DSF4913.jpg", "openstreetmap_id": "way/383739020"}, "geometry": {"type": "Point", "coordinates": ["9.087048104755034", "47.32344085"]}}, {"type": "Feature", "properties": {"identifier": "b14180aa-3ee7-4f7e-aba9-bfe401c7afd8", "name": "Naturjodelerlebnis", "description": "Bef\u00e4llt Sie gar der Mut, selbst einen Naturjodel zum Besten zu geben, sind Sie bei uns gut aufgehoben. Mit anderen Jodelfrischlingen zusammen verbreiten Sie Heimatkl\u00e4nge! Und Sie werden es nicht lassen k\u00f6nnen, das Talerschwingen und Schel\u00e4sch\u00f6tten selbst zu praktizieren. Marlene und Ruedi Roth f\u00fchren Sie mit bereicherndem Stolz in ihre Leidenschaft: Echten \u00c4lplergesang, der mit seinen tiefen Wurzeln bleibende Heimatfreude hinterl\u00e4sst.\n\nInkludierte Leistungen: \n-Vortrag \u00fcber die Herkunft und Praktizierung von Naturjodel und Z\u00e4uerli\n-Vorstellung der Tracht\n-Bildung eines Begleitchors zu einem Naturjodel\n-Talerschwingen und Schel\u00e4sch\u00f6tten\n-Am\u00fcsantes Erlebnis zur Teambildung\n\nGruppenpreis: \n400 - 600 Fr. , je nach Dauer des Teamevents\n", "url": "https://www.ruedi-roth.ch/index.php/nj-erlebnis", "image": "https://ttpimtsoch.sos-ch-dk-2.exoscale-cdn.com/catalog/e/2/d/3/e2d37515eba731a4e11aeb7b0de34e42b806f8b9_Naturjodel.JPG", "openstreetmap_id": "node/177885965"}, "geometry": {"type": "Point", "coordinates": ["9.192632295830059", "47.293090649999996"]}}, {"type": "Feature", "properties": {"identifier": "b154f25c-24b9-4515-bfc3-c1a825df8a08", "name": "Bankk Music-Bar", "description": "Monika Preisig hat als gelernte Hotelfachfrau bereits \u00fcber 30 Jahre Erfahrung in den Bereichen Gastronomie, Hotellerie, Barbetrieb und zuvorkommende Bewirtung von freundlichen G\u00e4sten.\nIn der Bankk Music-Bar k\u00f6nnen sie in lockerer Umgebung bei guter Musik, entweder Live oder ab Konserve, den Abend geniessen und mit Freunden plaudern. \n\nDie Bankk Music-Bar befindet sich in Wildhaus mit vielen Freizeitangeboten wie wandern im Sommer und Skifahren im Winter.", "url": "https://www.bankk.ch", "image": "https://ttpimtsoch.sos-ch-dk-2.exoscale-cdn.com/catalog/8/5/1/f/851f24063e5a6fe1053557bd4454fab8034074a5_Bankk.png", "openstreetmap_id": "node/7242485562"}, "geometry": {"type": "Point", "coordinates": ["9.34428781270981", "47.202193969809755"]}}, {"type": "Feature", "properties": {"identifier": "b403847c-62dc-4cf6-8223-ecdc66969cc9", "name": "Tennis- und Eventhalle", "url": "https://www.tennishalle.ch", "image": "https://ttpimtsoch.sos-ch-dk-2.exoscale-cdn.com/catalog/7/6/e/f/76ef451ec7a5421958e98d0b14ea62756df87a7a_Boulderbox_230.jpg", "openstreetmap_id": "222237782"}, "geometry": {"type": "Point", "coordinates": ["9.310344457626345", "47.196251736793684"]}}, {"type": "Feature", "properties": {"identifier": "b5e72065-c202-4039-91dd-1606604d2898", "name": "24 Stunden Shop Wildhaus by Metzger Metzger", "description": "Der 24-Stunden-Delikatessen-Shop der Metzgerei Metzger AG hat immer leckere Spezialit\u00e4ten aus der Region f\u00fcr sie bereit.\nDirekt an der Hauptstrasse in Wildhaus (ehemals Foto Forrer). Da gibt\u2019s Leckerbissen der Metzgerei Metzger und Toggenburger Spezialit\u00e4ten von der Bauernfrau bis zum K\u00e4ser. Frisch- und Trockenfleisch, K\u00e4se, Milch, Jogurt aus der Region, Geschenksartikel, ged\u00f6rrtes Obst direkt vom Bauer, Brot und s\u00fcsse vom Beck und allerlei gutes aus der Region f\u00fcr Proviant auf die Schneeschuhtour, auf den Grill und Herd in der Ferienwohnung oder einfach f\u00fcr zuhause.\nBezahlung erfolgt ganz unkompliziert mit Bargeld oder per TWINT. Eine Innovation der Metzgerei Metzger AG.", "url": "https://www.metzger-metzger.ch", "image": "https://ttpimtsoch.sos-ch-dk-2.exoscale-cdn.com/catalog/6/0/e/1/60e1ade86f70b07e3edf984ce98f5a4ac10696bd_1000005805.jpg", "openstreetmap_id": "way/25908283"}, "geometry": {"type": "Point", "coordinates": ["9.350298643112184", "47.20319972965781"]}}, {"type": "Feature", "properties": {"identifier": "b7252647-4a70-4f27-ac86-f0030f540d32", "name": "Hotel Restaurant  R\u00f6ssli", "description": "<p>Die Zimmer sind im modernen Stil eingerichtet und die Familien und Comfort-Zimmer verf&uuml;gen &uuml;ber eine Smart-Home-Steuerung. Sie verf&uuml;gen &uuml;ber qualitativ hochstehende und gepflegte Inneneinrichtung mit einem Sitzbereich. Die Zimmer sind alle mit IP-TV, eigenem Bad und Swiss Made Kosmetikartikel ausgestattet. Wir bieten kostenloses WLAN und der Personen Lift bringt Sie bequem in alle Etagen. Im eigenen Restaurant verw&ouml;hnen wir Sie mit ausgesuchten, regionalen und saisonalen Spezialit&auml;ten.</p><p>&nbsp;</p><p>Auskunft zur Zug&auml;nglichkeit:&nbsp;<a href=\"https://www.ginto.guide/entries/15620305-1440-4cc4-b086-e093ed212bbb?lnk_src=business\" target=\"_blank\" rel=\"noopener\">ginto</a></p>", "url": "http://www.roessli-toggenburg.ch/", "image": "https://ttpimtsoch.sos-ch-dk-2.exoscale-cdn.com/catalog/9/0/3/b/903b3173b43dc45299ec4b9ba8acf60fca1f86d4_Ansicht.jpeg", "openstreetmap_id": "node/222237618"}, "geometry": {"type": "Point", "coordinates": ["9.284566", "47.193733"]}}, {"type": "Feature", "properties": {"identifier": "b749d684-dd3c-4a37-a973-8a46e2159dfe", "name": "Liege Rennen", "description": "<p>Aus heimischem Holz gefertigt, liegt diese Ruheoase am Wasser entlang des Thur- und Neckerwegs. Schlicht gehalten l&auml;sst sie dem Wasser den Raum.<br><br>Der Blick folgt dem Fluss und seiner Bewegung. Rauschen, Str&ouml;mung, Spiegelungen und das Spiel des Lichts zeichnen das Bild. Hier pr&auml;gt nicht die Weite den Moment, sondern das Fliessen &ndash; ruhig und ohne Eile.</p>", "url": "https://thurundneckerweg.ch", "image": "https://ttpimtsoch.sos-ch-dk-2.exoscale-cdn.com/catalog/d/e/4/c/de4cd48cc8355e487aaed9daa16fbf1dd8dc6757_Liege_Rennen__Oberhelfenschwiel.jpg", "openstreetmap_id": "node/13611797380"}, "geometry": {"type": "Point", "coordinates": ["9.124917", "47.360472"]}}, {"type": "Feature", "properties": {"identifier": "b7e3cdba-d614-48dc-9f29-ec1c7e805efd", "name": "Themenparcours Alder + Eisenhut", "description": "Rund um das knapp 30'000 m2 grosse Areal der Firma Alder + Eisenhut befinden sich 13 verschiedene Posten, welche die Turnger\u00e4tefabrikation, die Geschichte der Firma, die Natur rundherum und die Menschen dahinter vorstellen. Mit den Posten zum Felsenstein und der Rotfarbfabrik beleuchtet der Themenparcours auch einen Teil der Textilgeschichte Ebnat-Kappels.\n\nDie Informationen dieser Posten k\u00f6nnen via QR-Code bzw. mit der Fixfinder-APP gelesen werden. Das Postennetz ist eine Erg\u00e4nzung zur Ausstellung im Turnger\u00e4te-Museum und kann auch ausserhalb der \u00d6ffnungszeiten besucht werden.", "url": "https://www.alder-eisenhut.ch/", "image": "https://ttpimtsoch.sos-ch-dk-2.exoscale-cdn.com/catalog/0/0/5/f/005f072629c6efdbf03faec9d3d9fb7c971a32fa_alder_und_eisenhut.JPG", "openstreetmap_id": "way/282363012"}, "geometry": {"type": "Point", "coordinates": ["9.115742400845049", "47.265513299999995"]}}, {"type": "Feature", "properties": {"identifier": "b7e66fcb-e47b-4611-98cc-b70885b5d9c3", "name": "Reisebeizli", "description": "<div>Das Reisebeizli ist ein gem&uuml;tlicher Treffpunkt im Herzen von Lichtensteig im Toggenburg. Hier wird Gastfreundschaft gelebt &ndash; mit einem vielseitigen Programm aus Kulinarik, Musik und Herzlichkeit. Jeden Monat reisen wir mit unseren Drinks an einen anderen Ort, und an den Wochenenden darf man wechselnde Foodtruck\u2011K&ouml;stlichkeiten aus aller Welt geniessen.</div>", "url": "https://www.reisebeizli.ch", "image": "https://ttpimtsoch.sos-ch-dk-2.exoscale-cdn.com/catalog/e/a/8/2/ea82909630eac994e49f3ec67c951bbf0506826a_WhatsApp_Image_2025_05_14_at_15.05.16__1___2.jpg", "openstreetmap_id": "node/4539208083"}, "geometry": {"type": "Point", "coordinates": ["9.0877106", "47.3221042"]}}, {"type": "Feature", "properties": {"identifier": "b8cb451f-6ed9-446e-9515-1c682194c5c3", "name": "Wolzenalp", "description": "<p>Die Wolzenalp begeistert das ganze Jahr &uuml;ber als vielseitiges Ausflugsziel f&uuml;r Familien, Naturfreunde und Geniesser. Ob verschneite Winterlandschaft oder sonnige Bergtage &ndash; hier warten unvergessliche Erlebnisse in jeder Jahreszeit. Im Winter verwandelt sich die Wolzenalp in ein besonders familienfreundliches Schneesportgebiet. Das &uuml;berschaubare Skigebiet mit liebevoll gestaltetem Kinderland bietet ideale Bedingungen f&uuml;r die ersten Schw&uuml;nge im Schnee. In der Schneesportschule lernen Kinder und Erwachsene spielerisch Ski- und Snowboardfahren. Erg&auml;nzt wird das Winterangebot durch abwechslungsreiche Schlittelpisten, stimmungsvolle Schneeschuhtouren und sorgf&auml;ltig pr&auml;parierte Winterwanderwege, die die verschneite Bergwelt auf ruhige Weise erlebbar machen. Im Sommer zeigt sich die Wolzenalp von ihrer naturverbundenen Seite. Familien geniessen den grossz&uuml;gigen Kinderspielplatz, gem&uuml;tliche Grillstellen und spannende Themenwege wie den Klimaerlebnisweg und den Moorerlebnisweg, die Naturwissen mit Bewegung verbinden. F&uuml;r Aktive bieten sich vielseitige Bike-Strecken sowie zahlreiche Wanderwege mit herrlichem Panorama &uuml;ber das Toggenburg an. Ein besonderes Highlight ist das Bergrestaurant mit sonniger Terrasse, das nicht nur mit einer traumhaften Aussicht &uuml;berzeugt, sondern auch mit frischen, regionalen Spezialit&auml;ten aus der Umgebung. Die Verbindung aus authentischer Berggastronomie, herzlicher Atmosph&auml;re und naturnahem Freizeitangebot macht die Wolzenalp zu einem einzigartigen Ausflugsziel f&uuml;r jede Jahreszeit. Ihre Vorteile auf einen Blick: Ganzjahres-Erlebnis f&uuml;r die ganze Familie, besonders kinderfreundliches Freizeitangebot. Naturerlebnisse im Sommer und Winter, regionale K&uuml;che mit Panoramaterrasse. Erholung und Aktivit&auml;t an einem Ort vereint.<br><br>Auskunft zur Zug&auml;nglichkeit: <a href=\"https://www.ginto.guide/entries/BFB0F82C-C09A-4943-B79D-E0A5B5611EA7?lnk_src=business\">ginto</a></p>", "url": "https://www.wolzenalp.ch", "image": "https://ttpimtsoch.sos-ch-dk-2.exoscale-cdn.com/catalog/c/c/4/f/cc4f04a099bf78f822a020f69ba50a3523d083f0_Archivbild_mit_Logo_Wolzenalp.jpg", "openstreetmap_id": "647467721"}, "geometry": {"type": "Point", "coordinates": ["9.168841838836672", "47.243952753251826"]}}, {"type": "Feature", "properties": {"identifier": "badfeb39-97ef-46e4-acb5-80e3344d0725", "name": "Liege Kammern", "description": "<p>Aus heimischem Holz gefertigt, liegt diese Ruheoase am Wasser entlang des Thur- und Neckerwegs. Schlicht gehalten l&auml;sst sie dem Wasser den Raum.<br><br>Der Blick folgt dem Fluss und seiner Bewegung. Rauschen, Str&ouml;mung, Spiegelungen und das Spiel des Lichts zeichnen das Bild. Hier pr&auml;gt nicht die Weite den Moment, sondern das Fliessen &ndash; ruhig und ohne Eile.</p>", "url": "https://thurundneckerweg.ch", "image": "https://ttpimtsoch.sos-ch-dk-2.exoscale-cdn.com/catalog/3/e/1/a/3e1a44b4127807f1946ff8e9d595002a53cdfbfa_Liege_Kammern__Krummenau.jpg", "openstreetmap_id": "node/13611759343"}, "geometry": {"type": "Point", "coordinates": ["9.177944", "47.243167"]}}, {"type": "Feature", "properties": {"identifier": "bbe801fe-5f7b-4517-b74b-99b0cf9aa51b", "name": "B\u00e4nkli-Fitness-Weg", "description": "<div><p>Regelm&auml;ssiges Training beziehungsweise k&ouml;rperliche Aktivit&auml;t ist in jedem Alter wichtig. F&uuml;r &auml;ltere Menschen stellt es eine wesentliche Grundlage f&uuml;r ein selbstbestimmtes Leben dar. F&uuml;r Jugendliche und Breitensportler ist Bewegung ein fester Bestandteil sozialer Begegnungen, des Wohlbefindens und der Steigerung der Fitness. Die Lebensqualit&auml;t kann dadurch deutlich verbessert werden.</p><p>Eine Kombination aus Kraft- und Gleichgewichtstraining ist besonders effektiv. Gezieltes Gleichgewichtstraining verbessert die Standstabilit&auml;t und unterst&uuml;tzt eine kontrollierte K&ouml;rperhaltung. Auch die Maximalkraft der Haltemuskulatur wird durch Gleichgewichtstraining gest&auml;rkt. Im Alter kann dies zu einer Verringerung der Sturzgefahr f&uuml;hren.</p><p>Bewegung st&auml;rkt zudem das Immunsystem und f&ouml;rdert die Sauerstoffaufnahme. Das Herz-Kreislauf-System wird gest&auml;rkt, und sowohl die Regeneration als auch die psychische Verfassung profitieren davon. K&ouml;rperliche Aktivit&auml;t unterst&uuml;tzt das K&ouml;rper- und Selbstbewusstsein, verbessert den Schlafrhythmus und tr&auml;gt zum Stressabbau bei.</p><p>Nebst einem gezielten Training ist die Freude an der Bewegung wichtig &ndash; Training soll Spass machen. Und gemeinsames Training macht doppelt Freude.</p></div>", "image": "https://ttpimtsoch.sos-ch-dk-2.exoscale-cdn.com/catalog/5/0/9/d/509d39fd9c9ca1f3613d7419bc7d1b49c5ba7b03_IMG_2249.jpg", "openstreetmap_id": "way/460349509"}, "geometry": {"type": "Point", "coordinates": ["9.348828792572023", "47.20351976581697"]}}, {"type": "Feature", "properties": {"identifier": "bc0e812e-79fe-4182-a941-326e2d1c0b1a", "name": "Sitzbank Thurau", "description": "<p>Dieses B&auml;nkli ist Teil der Ruheoasen entlang des Thur- und Neckerwegs, gefertigt aus heimischem Holz und bewusst reduziert gestaltet.<br><br>Es bietet einen einfachen, klar gestalteten Ort zum Sitzen, Verweilen und Innehalten. Der Blick richtet sich in die Landschaft &ndash; auf Wasser, Wiesen oder Berge, je nach Standort neu, stets mit Bedacht gew&auml;hlt.</p>", "url": "https://thurundneckerweg.ch", "image": "https://ttpimtsoch.sos-ch-dk-2.exoscale-cdn.com/catalog/3/5/1/3/3513ac48919dbfce28754c4f59b8a01d6495d21f_Sitzbank_Thurau__Ebnat_Kappel.jpg", "openstreetmap_id": "node/13611898112"}, "geometry": {"type": "Point", "coordinates": ["9.123028", "47.258667"]}}, {"type": "Feature", "properties": {"identifier": "bd8530f1-b1a8-44a5-8e69-ee5bbda9ccba", "name": "Adonia-Gruppenhaus Schweizerhof", "description": "<div>Das Haus eignet sich f&uuml;r Jung und Alt, f&uuml;r Schulverlegungen, Wintersportwochen, f&uuml;r Kirchgemeinden sowie f&uuml;r Seminare, Retraiten, Freizeiten oder Wochenenden. Das Haus wird ab 2019 nach individuellen W&uuml;nschen vermietet, sei es f&uuml;r Selbstkochergruppen &ndash; HP/VP auf Anfrage &ndash; mit eigener Schlussreinigung oder mit Reinigung durch uns. Je nach Budget kann selbst entschieden werden, welche Dienstleistungen in Anspruch genommen werden m&ouml;chten.</div>", "url": "https://www.adonia.ch", "image": "https://ttpimtsoch.sos-ch-dk-2.exoscale-cdn.com/catalog/9/6/1/4/961470d3deda68c2bef613acf17996a9e30f2f43_Schweizerhof_imFr__hling.jpg", "openstreetmap_id": "node/96410252"}, "geometry": {"type": "Point", "coordinates": ["9.28346", "47.19351"]}}, {"type": "Feature", "properties": {"identifier": "bf2236a2-a398-4c87-bfc3-1f363a48b2e4", "name": "Grillplatz Summerigchopf", "description": "Die Grillstelle Summerigkopf befindet sich abseits von Wildhaus und ist nur zu Fuss \u00fcber den Wanderweg erreichbar. Der Platz verf\u00fcgt \u00fcber einen rechteckigen Rost, der in der H\u00f6he nicht verstellbar ist und drei Holzb\u00e4nke, die Platz f\u00fcr ca. 12-15 Personen bieten.\nKinderwagentauglich: nein, Holz: nein, Trinkwasser: nein, WC: nein, Kapazit\u00e4t: ca. 12-15", "image": "https://ttpimtsoch.sos-ch-dk-2.exoscale-cdn.com/catalog/3/1/0/3/3103e18f382a7177629d52ea9cb04f1b57ad5e3d_MZ_2023_Feuerstelle_Summrigweid_2.jpg", "openstreetmap_id": "node/4623777394"}, "geometry": {"type": "Point", "coordinates": ["9.4013705", "47.210958"]}}, {"type": "Feature", "properties": {"identifier": "bf51fa23-704e-4014-a991-eb6981ec2e57", "name": "Bergh\u00fctte Ski Club Neuhausen", "description": "Trotz des von aussen rustikalen Aussehens, erwartet Sie drinnen eine moderne K\u00fcche mit elektrischem Herd und Backofen sowie zwei K\u00fchlschr\u00e4nken und Kaffeemaschinen (Kapseln &amp; Filter). Dabei b\u00fcssen Sie jedoch nichts des Bergh\u00fctten-Flairs ein, denn die Holzstruktur und der mit Holz befeuerte Kachelofen werden Sie warm und entspannt halten. F\u00fcr kalte N\u00e4chte sind alle Schlafr\u00e4ume mit elektrischen Heizungen ausgestattet.\n\nF\u00fcr die Bewegungsfreudigen gibt es im Winter Ski- und Schlittelpisten in unmittelbarer N\u00e4he. F\u00fcr den Sommer haben Sie den Schwendisee sowie diverse Wanderungen in kurzer Distanz (350m) zu dieser Bergh\u00fctte. \nDa Verpflegung nicht von den Jahreszeiten abh\u00e4ngig ist, finden Sie in der N\u00e4he das Oberguet-St\u00fcbli, in welchem Sie frische Produkte des angrenzenden Hofs zubereiten d\u00fcrfen. Richtige Restaurants gibt's nat\u00fcrlich auch, das Restaurant GADE und Stump's Alpenrose befinden sich in Spaziergangdistanz.&nbsp;", "url": "https://www.scneuhausen.ch", "image": "https://ttpimtsoch.sos-ch-dk-2.exoscale-cdn.com/catalog/5/9/8/8/5988e742f4b80c7973dbb72aa298d855cd1dd12d_WhatsApp_Bild_2025_02_02_um_18.11.31_3b1e8a5c.jpg", "openstreetmap_id": "way/236139813"}, "geometry": {"type": "Point", "coordinates": ["9.322403853263046", "47.18863851251206"]}}, {"type": "Feature", "properties": {"identifier": "c1605d07-bc69-43de-821a-59156c1603ab", "name": "Landwirtschaftsbetrieb RothMilch in Kengelbach", "description": "Wir stellen auf unserem Milchwirtschaftsbetrieb eigene pasteurisierte Vollmilch her. Die Milch kommt zu 100%  von unseren K\u00fchen und wird m\u00f6glichst nah am Naturprodukt gelassen.\nZus\u00e4tzlich stellen wir aus unsere feinen Milch auch verschieden Fruchtjoghurts und das Naturjoghurt her. Die Milch und die Joghurts werden in Glasflaschen und Joghurtgl\u00e4ser abgef\u00fcllt und danach wiederverwendet.", "url": "https://roth-milch.ch", "image": "https://ttpimtsoch.sos-ch-dk-2.exoscale-cdn.com/catalog/b/8/3/0/b8303dcac0b4f3127dc2081d2c362be05cb1ffbf_RothHof_200415_0348_ok.jpg", "openstreetmap_id": "way/216846144"}, "geometry": {"type": "Point", "coordinates": ["9.067711830139162", "47.33518668820797"]}}, {"type": "Feature", "properties": {"identifier": "c19710f0-2c4e-4b9c-bf70-dea603b78093", "name": "Schlittelbeizli in der Schneit", "description": "Das Wander- und Schlittelbeizli in der R\u00fcti im Ijental Nesslau ist jeweils offen am Samstag &amp; Sonntag bei jedem Wetter. Sie werden von Albert und R\u00f6s Wittenwiler herzlich willkommen geheissen. Wochentags haben wir auf Anfrage ab sieben Personen mit Essen ge\u00f6ffnet.\n\nMit der \u00fcblichen Getr\u00e4nke- und einer kleinen Imbisskarte m\u00f6chten Albert und R\u00f6s Wittenwiler Ihnen im Wander- und Schlittelbeizli R\u00fcti etwas Gem\u00fctlichkeit bieten. Auf Bestellung werden K\u00e4sefondue und sonntags R\u00fcti Zmorge sowie kleinere W\u00fcnsche zubereitet. \n\nOb das Beizli ge\u00f6ffnet ist, erfahren Sie anhand der Infotafel bei der Einfahrt zur Schneitstrasse in Nesslau und die Google-\u00d6ffnungszeiten sind stets aktuell.", "url": "https://www.toggenburg.swiss", "image": "https://ttpimtsoch.sos-ch-dk-2.exoscale-cdn.com/catalog/4/5/5/5/4555af4da6c356f50cf28620f151c28b44b1cd17_Schlittenweg_Schneit_013.JPG", "openstreetmap_id": "node/2602907413"}, "geometry": {"type": "Point", "coordinates": ["9.17615", "47.21291"]}}, {"type": "Feature", "properties": {"identifier": "c33a2377-8af6-40ad-8c37-872edb168ac0", "name": "Chesa Clavazzin", "description": "Es erwarten Sie drei stilvoll eingerichtete Zimmer mit S\u00e4ntisblick. Jedes Zimmer kann einzeln oder doppelt belegt werden. Ein gemeinsames Bad mit Dusche mit allem Komfort steht auf der gleichen Etage zur Verf\u00fcgung, sowie ein Aufenthaltsraum. Fr\u00fchst\u00fcck ist inbegriffen.", "url": "https://giallegra.ch", "image": "https://ttpimtsoch.sos-ch-dk-2.exoscale-cdn.com/catalog/6/9/1/0/69101d614830d6dbe74a893142c0b32cd36814dd_20250710_110812__3.jpg", "openstreetmap_id": "way/40946875"}, "geometry": {"type": "Point", "coordinates": ["9.1309857", "47.3320539"]}}, {"type": "Feature", "properties": {"identifier": "c41cae1d-8361-475f-88b8-1370d810f1cc", "name": "Baumwipfelpfad Neckertal", "description": "<p>Der einzigartige Baumwipfelpfad Neckertal verbindet Nachhaltigkeit und Naturerlebnis und ist eine Bereicherung f&uuml;r das Neckertal und die Umgebung. Die sch&ouml;ne Natur- und Kulturlandschaft wurde erhalten und macht es m&ouml;glich, den Wald mit anderen Augen zu sehen. Erleben Sie das besondere Ausflugsziel in der Schweizer Natur und geniessen Sie bei uns Einblicke in die Baumkronen der auff&auml;lligen Art. Mit aussergew&ouml;hnlichen Perspektiven und spielerischem Lehrwert bietet der etwas andere Freizeitpark mit seinem dazugeh&ouml;rigen Walderlebnisweg ein Naturaufenthalt mit Tiefgang. Geniessen Sie die Stunden im Wald, offline und entschleunigt. Ganz gem&uuml;tlich zu zweit, mit Kindern auf dem Spielplatz, beim selber br&ouml;tl&auml; an der Grillstelle oder beim Glas Wein an der Sonne. Bei uns ist willkommen, wer gerne im Wald die Seele baumeln l&auml;sst. Unsere kleine Oase im Wald l&auml;dt dazu ein, etwas zu verweilen, dem Rauschen der Bl&auml;tter und dem Zwitschern der V&ouml;gel zu lauschen und Zeit mit Familie und Freunden zu verbringen.</p><p><br><span data-teams=\"true\">Auskunft zur Zug&auml;nglichkeit</span>:&nbsp;<a href=\"https://www.ginto.guide/entries/3099ce5e-667a-41f9-9f44-0904a3a4cbc5?lnk_src=business\">ginto</a></p>", "url": "http://www.baumwipfelpfad.ch", "image": "https://ttpimtsoch.sos-ch-dk-2.exoscale-cdn.com/catalog/6/1/2/3/61237838150ef8e91eb89e9233aaaeb709c28056_001_BWPf_20170930.jpg", "openstreetmap_id": "node/5422373661"}, "geometry": {"type": "Point", "coordinates": ["9.1437367", "47.3582246"]}}, {"type": "Feature", "properties": {"identifier": "c4dcf8be-dcdd-4f6e-b593-f7d738fcfe0d", "name": "Mini.Stadt Stadtentwicklungs-F\u00fchrung", "description": "<p>Die Mini.Stadt Lichtensteig ist stark vom Strukturwandel gepr&auml;gt. Konstant ist: Lichtensteiger:innen packen an. Gemeinsam haben sie eine Strategie entwickelt und verschiedene Projekte vorangetrieben und umgesetzt.</p><p><br>Auf diesem Rundgang nimmt Sie Ihr St&auml;dtliguide mit auf einen Rundgang und gibt Ihnen Einblick in die \"Mini.Stadt Strategie\" und zeigt die daraus entstandenen Projekte, welche die Jury des renommierten Wakkerpreises unter anderem dazu bewogen haben, den Preis im Jahr 2023 an Lichtensteig zu vergeben.</p><p><strong>Ap&eacute;ro<br></strong>Zur stimmigen Abrundung kommt ein feiner Ap&eacute;ro im Anschluss an die F&uuml;hrung immer gut an.&nbsp;<a href=\"https://toggenburg.swiss/files/_OpenFrontend/websites/toggenburg.swiss/objects/pdf_download/ap%C3%A9ro_angebote_lichtensteig.pdf\" target=\"_blank\" rel=\"noopener\">Hier&nbsp;</a>finden Sie die Spezialangebote unserer Partnerbetriebe.<br>Wir w&uuml;rden uns sehr freuen, eines dieser Angebote f&uuml;r Sie zu organisieren.&nbsp;</p><p><strong>Wakkerpreis 2023<br></strong>Auszeichnung vom Schweizer Heimatschutz f&uuml;r die vorbildliche Ortsbild- und Siedlungsentwicklung.&nbsp;Weitere Informationen dazu unter&nbsp;<a href=\"https://wakkerpreis2023.ch/\" target=\"_blank\" rel=\"noopener\">www.wakkerpreis2023.ch</a></p>", "image": "https://ttpimtsoch.sos-ch-dk-2.exoscale-cdn.com/catalog/8/9/b/0/89b05ced65560e4bfb66d054b15c0a23a1c88ec0_03_Wakkerpreis_2023_Lichtensteig.jpg"}, "geometry": {"type": "Point", "coordinates": ["9.08724367618561", "47.323479692979454"]}}, {"type": "Feature", "properties": {"identifier": "c4e33cbb-d10b-4787-81aa-54f62e0ecf82", "name": "Naturkino Gampl\u00fct", "description": "<p>Hergestellt aus heimischem Holz ist dieses Naturkino Teil der Thur- und Neckerweg-Ruheoasen.<br><br>Statt auf eine Leinwand &ouml;ffnet sich der Blick in die Weite: die sieben Gipfel der Churfirsten beeindrucken auf der gegen&uuml;berliegenden Talseite. Licht und Wolken ver&auml;ndern das Bild mit jeder Minute. Ein Ort, um sich niederzulegen und die Natur wirken zu lassen.</p>", "url": "https://thurundneckerweg.ch", "image": "https://ttpimtsoch.sos-ch-dk-2.exoscale-cdn.com/catalog/5/e/9/a/5e9a22e4e1b40373704b010bd20475d68b69d066_IMG_1936.jpeg", "openstreetmap_id": "node/4560202100"}, "geometry": {"type": "Point", "coordinates": ["9.340444", "47.212861"]}}, {"type": "Feature", "properties": {"identifier": "c4ef8a40-6c95-406a-b41d-48c4f025e91b", "name": "Szenische Jost B\u00fcrgi-F\u00fchrung", "description": "<p>Jost B&uuml;rgi - das Universalgenie - ist 1552 im St&auml;dtli Lichtensteig geboren und nach einem reicherf&uuml;llten Leben 1632 in Kassel gestorben. Er wirkte in Kassel am F&uuml;rstenhof Wilhelm IV. und in Prag am Kaiserhof Rudolf II. und kam durch seine grosse Schaffenskraft zu h&ouml;chsten Ehren. Obwohl B&uuml;rgi nie eine Universit&auml;t besuchte, hat er das Universum neu geordnet. Der geniale Mathematiker baute nebst Uhren und Messinstrumente auch einzigartige Himmelsgloben. Nachdem Papst Gregor XIII. 1582 den Kalender samt Schalttag reformiert hatte, dauerte es nur vier Jahre bis B&uuml;rgi das erste mechanische System entwickelte, das die neue Zeitrechnung ber&uuml;cksichtigte. So baute er f&uuml;r Rudolf II. - Kaiser des Heiligen R&ouml;mischen Reiches in Prag - einen Himmelsglobus, der die Schaltjahre anzeigte.</p><p>Auf dieser F&uuml;hrung werden Sie von einem St&auml;dtliguide durch die Gassen von Lichtensteig gef&uuml;hrt. Dabei treffen Sie immer wieder auf Jost B&uuml;rgi &ndash; dargestellt von einem Schauspieler &ndash; und k&ouml;nnen so wahrhaftig in die fr&uuml;heren Zeiten eintauchen.</p><p><strong>Ap&eacute;ro<br></strong>Zur stimmigen Abrundung kommt ein feiner Ap&eacute;ro vor oder nach der F&uuml;hrung sehr gut an - unser Spezialangebot f&uuml;r St&auml;dtlif&uuml;hrungsgruppen finden Sie&nbsp; <a href=\"https://toggenburg.swiss/files/_OpenFrontend/websites/toggenburg.swiss/objects/pdf_download/ap%C3%A9ro_angebote_lichtensteig.pdf\" target=\"_blank\" rel=\"noopener\">hier.</a>&nbsp;</p>", "image": "https://ttpimtsoch.sos-ch-dk-2.exoscale-cdn.com/catalog/c/a/2/b/ca2bc4c6b912acb180a7bc5604c6ff3665616436_IMG_20251103_111712.jpg"}, "geometry": {"type": "Point", "coordinates": ["9.08723831176758", "47.32348696654265"]}}, {"type": "Feature", "properties": {"identifier": "c5307d68-02a6-403d-94f5-c846d79b3df4", "name": "Caf\u00e9-Konditorei Kunz", "description": "<p>Im Caf\u00e9 Kunz steht der Gast im Mittelpunkt. Wir m\u00f6chten, dass Sie sich bei uns wie zu Hause f\u00fchlen. Unser freundliches und aufmerksames Team sorgt daf\u00fcr, dass Ihr Besuch zu einem besonderen Erlebnis wird. Egal, ob Sie eine Geburtstagsfeier planen, eine Veranstaltung ausrichten oder einfach nur einen gem\u00fctlichen Nachmittag verbringen m\u00f6chten \u2013 wir sind immer f\u00fcr Sie da und bieten Ihnen den bestm\u00f6glichen Service. Im Sommer haben Sie auch die M\u00f6glichkeit draussen das sch\u00f6ne Wetter zu geniessen in unserem ruhigen Gartencaf\u00e9. Wir bieten ein grosses Konditorei-Confiserie und B\u00e4ckerei Sortiment an. Verschiedene Menues, Imbisse, kalte und warme Getr\u00e4nke sowie verschiedene Coupes stehen immer auf unserer Karte. Jeden Sonntag k\u00f6nnen Sie zudem einen feinen Brunch an unserem reichhaltigen Buffet geniessen. Damit es Ihren Kindern nicht langweilig wird, wenn Sie gem\u00fctlich Kaffee trinken, haben wir f\u00fcr unsere Kleinen eine Kinderecke eingerichtet. Sind Sie \u00abgluschtig\u00bb geworden? Schauen Sie doch einmal bei uns in Ebnat-Kappel vorbei.</p>", "url": "http://www.cafekunz.ch", "image": "https://ttpimtsoch.sos-ch-dk-2.exoscale-cdn.com/catalog/b/5/4/a/b54a7d0790e786fa089a91aa2849ff0837d9db0b_Haus_2021.jpg", "openstreetmap_id": "node/3997735979"}, "geometry": {"type": "Point", "coordinates": ["9.1252864", "47.2610231"]}}, {"type": "Feature", "properties": {"identifier": "c56f45ca-5781-4edf-816c-485fcfce845e", "name": "Gasthaus zur Mauer", "description": "<p>Das Gasthaus zur Mauer ist ein Geb&auml;ude aus dem 16.\u202fJahrhundert, in dem Sie mit lokalen Spezialit&auml;ten verw&ouml;hnt werden. Der Fokus der K&uuml;che liegt auf zeitgen&ouml;ssischen Gerichten &ndash; saisonal abgestimmt und mit viel Liebe zubereitet.<br>Die Produkte werden zu einem grossen Teil direkt von Produzenten und Lieferanten aus der Region bezogen.</p>", "url": "https://zurmauer.ch/", "image": "https://ttpimtsoch.sos-ch-dk-2.exoscale-cdn.com/catalog/7/3/6/5/73650c720c3555872f42dd878efaf0b0880a5eac_Zur_Mauer_111.jpg", "openstreetmap_id": "node/4334049264"}, "geometry": {"type": "Point", "coordinates": ["9.196623392338866", "47.229042199636694"]}}, {"type": "Feature", "properties": {"identifier": "c5853b89-4674-4cd4-ac31-8f9d86b574e8", "name": "Unterwasser, Ch\u00e4serrugg", "image": "https://ttpimtsoch.sos-ch-dk-2.exoscale-cdn.com/catalog/0/e/f/2/0ef2180cedd3f484955e3534bb0c661cf9185ac8_Ch__serrugg.png", "openstreetmap_id": "node/2081243713"}, "geometry": {"type": "Point", "coordinates": ["9.312157606283439", "47.15498056683987"]}}, {"type": "Feature", "properties": {"identifier": "c70786ec-d0b0-4a33-b7b3-fab2e082337e", "name": "Sitzbank Thurwis", "description": "<p>Dieses B&auml;nkli ist Teil der Ruheoasen entlang des Thur- und Neckerwegs, gefertigt aus heimischem Holz und bewusst reduziert gestaltet.<br><br>Es bietet einen einfachen, klar gestalteten Ort zum Sitzen, Verweilen und Innehalten. Der Blick richtet sich in die Landschaft &ndash; auf Wasser, Wiesen oder Berge, je nach Standort neu, stets mit Bedacht gew&auml;hlt.</p>", "url": "https://thurundneckerweg.ch", "image": "https://ttpimtsoch.sos-ch-dk-2.exoscale-cdn.com/catalog/2/3/8/5/2385a13ac88d9078b9b6d8cc43d134e134e0dde7_645ac23769edfa5b_threema_20250925_103606113.jpg", "openstreetmap_id": "node/13611921226"}, "geometry": {"type": "Point", "coordinates": ["9.334172", "47.226607"]}}, {"type": "Feature", "properties": {"identifier": "c8d85cd8-7732-4473-84ed-649c7444af14", "name": "Mikado Johanneum", "description": "Im MIKADO sind Menschen mit und ohne Beeintr\u00e4chtigung gleichermassen willkommen und der Speisesaal, das Restaurant und der Shop sind f\u00fcr die breite \u00d6ffentlichkeit ge\u00f6ffnet. Hausgemachte Spezialit\u00e4ten, feine Snacks, Verpflegung und erfrischende Getr\u00e4nke laden zum Geniessen und Verweilen ein.\nDank barrierefreier Gestaltung und \u00f6ffentlicher Zug\u00e4nglichkeit entsteht hier ein lebendiger Treffpunkt, der Menschen unterschiedlichster Hintergr\u00fcnde verbindet. \nDas neue Gastronomiegeb\u00e4ude steht auch f\u00fcr Vereine, Firmen und private Gruppen zur Verf\u00fcgung. Ob Vereinsversammlung, Firmenap\u00e9ro oder Familienfeier \u2013 das MIKADO bietet die passende Infrastruktur, ein stimmungsvolles Ambiente und gastronomische Begleitung aus einer inklusiven K\u00fcche, die f\u00fcr Qualit\u00e4t, Regionalit\u00e4t und Wertsch\u00e4tzung steht.\nEin integrierter Shop bietet Produkte aus den hauseigenen Werkst\u00e4tten des Johanneums an. Handgemacht, nachhaltig und mit sozialem Mehrwert.", "url": "https://www.johanneum.ch/", "image": "https://ttpimtsoch.sos-ch-dk-2.exoscale-cdn.com/catalog/2/6/9/9/2699cc36a4722a89ef22766936f56e83089d9d7c_IMG_1135.jpg", "openstreetmap_id": "way/220775588"}, "geometry": {"type": "Point", "coordinates": ["9.192439913749697", "47.22957213109569"]}}, {"type": "Feature", "properties": {"identifier": "c9380b25-0191-418b-a1ca-51db20bc61ac", "name": "Klettergarten Stoss", "description": "Der Klettergarten \u00abStoss\u00bb ist ab den geb\u00fchrenpflichtigen Parkplatz \u00abLaui\u00bb in ca. 1.5h Zustieg zu erreichen und bietet  bis zum Grad 6b aussichtsreiche Kletterrouten f\u00fcr die ganze Familie. \nFolgende Routen sind am Klettergarten \u00abStoss\u00bb anzutreffen: \n(Die Nummern in Klammern sind am Einstieg angeschrieben. Angaben ohne Gew\u00e4hr)\n\nRouten: \n- 0 / \u00abOlaf\u00bb / 4c / 15m\n- 1 / \u00abMicki\u00bb / 4b / 15m\n- 2 / \u00abGofi\u00bb / 3b / 15m\n- 3 / \u00abFred\u00bb / 4b / 15m\n- 4 / \u00abObelix\u00bb / 4c / 20m\n- 5 / \u00abAmore mio\u00bb / 4b / 40m\n- 6 / \u00abD\u00e4 Ahorn\u00bb / 5a / 40m \n- 7 (6a) / \u00ablauf zue\u00bb / 4b / 40m\n- 8 / \u00abSiloetta\u00bb / 5a / 40m\n- 9 (7) / \u00abBl\u00fcemli\u00bb / 5a / 40m\n- 10 (8) / \u00abSchlitzohr\u00bb / 4a / 40m\n- 11 (9) / \u00abLet`s Go\u00bb / 5a / 40m\n- 12 / \u00abMargeritha\u00bb / 5b / 40m\n- 13 (10) / \u00ab\u00e4s bitzeli gr\u00fcen\u00bb / 5c / 40m\n- 14 (11) / \u00abR-W\u00e4g\u00bb / 5c / 40m\n- 15 (12) / \u00abDi Ruch\u00bb / 4c / 40m\n- 16 / \u00abMamma mia\u00bb / 5c+ / 40m\n- 17 (13) / \u00abC\u00e4t\u00bb / 6a+ / 45m\n- 18 / (14) / \u00abTropf\u00bb / 5c+ / 45m \n- 19 / \u00abBilly\u00bb / 5c+ / 45m\n-20 (15) / \u00abIrrw\u00e4g\u00bb / 5c+\n- 21 (16) / \u00abBijou\u00bb / 5c / 45m\n- 22 / \u00abnamelos\u00bb / 5c+ / 20m\n- 23 (18) / \u00abTr\u00e4umli\u00bb / 6a+ / 20m\n- 23a (19) / \u00abSal\u00fc Koni\u00bb / 5c / 47m\n- 24 (20) / \u00abVia Andi\u00bb / 5c+ / 47m\n- 25 (21) / \u00abHeinz\u00bb / 5b+ / 47m\n- 26 (22) / \u00abSieba Dezi\u00bb / 6a+ / 47m\n- 27 (23) / \u00abNicoletta\u00bb / 5c+ / 47m\n- 28 (25) / \u00abCapretta/Top\u00bb / 5c / 47m\n- 29 (26) / \u00abWespi Riss\u00bb / 5b / 45m\n- 30 (27) / \u00abDe Sunnew\u00e4g\u00bb / 5c / 45m\n- 31 (28) / \u00abGang go luege\u00bb / 5b / 35m\n- 32 / \u00abProbiere muesch\u00bb / 5c+ / 35m\n- 33 / \u00abjetz oder nie\u00bb / 5a / 35m\n- 34 / \u00abAmeisew\u00e4g\u00bb / 6a / 35m\n- 35 / \u00abExtra liecht\u00bb / 4c / 35m\n- 36 / \u00abNo n\u00f6d schare\u00bb / 5b / 35m\n- 36a / \u00abPower isch gfragt\u00bb / 6b / 20m\n- 37 / \u00abErbetta\u00bb / 4b / 35m\n- 38 / \u00abMoretta\u00bb / 4a / 35m\n- 39 / \u00abBambi\u00bb / 3a / 15m\n- 40 / \u00abAngela\u00bb / 3a / 20m\n- 41 / \u00abNegretta\u00bb / 3b / 20m  \n\nWeitere Informationen zu den Routen finden Sie im \u00abSAC Kletterf\u00fchrer Alpstein\u00bb und in der Tourist Information Wildhaus.", "url": "https://toggenburg.swiss/de/berge-erleben.html", "image": "https://ttpimtsoch.sos-ch-dk-2.exoscale-cdn.com/catalog/0/f/e/9/0fe93c10b1c619a70295b1b14d8b2ef1e5c2e86e_TOOGI_KLETTERN_sept14_RUPA_477.jpg", "openstreetmap_id": "way/518287859"}, "geometry": {"type": "Point", "coordinates": ["9.314378499984743", "47.22880286400825"]}}, {"type": "Feature", "properties": {"identifier": "c95dfc43-e714-477e-9257-06209aff649e", "name": "Tandem Paragliding \u2013 Ostschweiz (Toggenburg & Alpstein)", "description": "Ich bin in der Region verwurzelt und kenne die Bedingungen hier wie kaum ein anderer. Als erfahrener Tandempilot plane ich jeden Flug individuell \u2013 angepasst an Wetter, Thermik und deine W\u00fcnsche. Gemeinsam starten wir von einigen der eindrucksvollsten Flugberge der Ostschweiz: Ebenalp, Hoher Kasten, Kronberg, Ch\u00e4serrugg oder Stockberg \u2013 je nach Tageslage und Jahreszeit.\n\nWer das Abenteuer sucht, kann mit mir auch ein Hike&Fly erleben: Gemeinsam steigen wir zum Startplatz auf, geniessen unterwegs die Natur und heben anschliessend lautlos ab. Eine Kombination aus Bergsport, Naturerlebnis und Gleitschirmflug \u2013 pur, direkt und intensiv. Ob sanfter Gleitflug oder Thermik nutzen und H\u00f6he gewinnen \u2013 alles ist m\u00f6glich.\n\nDie Sicht reicht bei klaren Bedingungen von den Churfirsten \u00fcber den S\u00e4ntis bis hin zum Bodensee und die Glarner Alpen. Jeder Flug ist anders, jeder Moment einzigartig.\n\nLUFTHELD steht f\u00fcr pers\u00f6nliche Begleitung, h\u00f6chste Sicherheit und authentische Erlebnisse. Kein Massentourismus, kein Standardprogramm \u2013 sondern echtes Gleitschirmfliegen mit einem Local, der seine Heimat liebt und sie dir aus der Luft zeigen m\u00f6chte.\n\nDu willst noch h\u00f6her hinaus? Neben klassischen Passagierfl\u00fcgen biete ich auch Thermik- und Streckenfl\u00fcge an \u2013 ideal f\u00fcr alle, die l\u00e4nger in der Luft bleiben oder das Gef\u00fchl grenzenloser Freiheit noch intensiver erleben m\u00f6chten.", "url": "https://www.shv-fsvl.ch/einfach-finden/detail/stefan-schwarz/", "image": "https://ttpimtsoch.sos-ch-dk-2.exoscale-cdn.com/catalog/b/3/b/1/b3b11fc89dae4961fec7d11bf2f1b1d1a0764123_Luftheld1.JPG", "openstreetmap_id": "node/12247761188"}, "geometry": {"type": "Point", "coordinates": ["9.3134262", "47.1558974"]}}, {"type": "Feature", "properties": {"identifier": "c97bfd53-1f1b-41ba-bc47-06e693af1fdc", "name": "Kreativ Egg\u00e4 Unterwasser", "description": "<div><p>Die <strong>Kreativ Egg&auml; Unterwasser</strong> ist die erste Self-Service-Bastel-Lounge f&uuml;r Familien im Toggenburg. Ohne Anmeldung und wetterunabh&auml;ngig gestalten Kinder hier ihr eigenes Werk und nehmen es direkt mit nach Hause.</p><p>Dank der zentralen Lage in Unterwasser eignet sich die Kreativ Egg&auml; ideal als Zwischenstopp vor oder nach Ausfl&uuml;gen auf den S&auml;ntis, zur Alp Sellamatt, auf den Klangweg oder zu den zahlreichen Wanderungen in der Region.</p><p>W&auml;hrend die Kinder kreativ sind, k&ouml;nnen sich Eltern bei einem Kaffee und mit Blick auf die Churfirsten entspannen. Erg&auml;nzt wird das Angebot durch eine H&ouml;rbuchecke mit Toggenburger Sagen, eine Spielecke sowie regionale Souvenirs und Geschenkideen.</p><p>Die Kreativ Egg&auml; schliesst eine L&uuml;cke im familienfreundlichen Schlechtwetterangebot der Region und bietet eine unkomplizierte Indoor-Aktivit&auml;t f&uuml;r Einheimische und G&auml;ste.</p></div>", "url": "https://kreativ-egge.ch/", "image": "https://ttpimtsoch.sos-ch-dk-2.exoscale-cdn.com/catalog/9/0/5/0/905044fed344983d50f9f1717710dbaf6d13d50c_IMG_5019_2_Kopie.jpg", "openstreetmap_id": "node/12098549382"}, "geometry": {"type": "Point", "coordinates": ["9.309955537319185", "47.197050214327966"]}}, {"type": "Feature", "properties": {"identifier": "c99282d4-f147-469a-bbf0-c9237a8adf81", "name": "\"Shopping Mall\" St\u00e4dtli Lichtensteig", "description": "<p>Im sp&auml;ten Mittelalter und der Neuzeit war Lichtensteig &uuml;berregional ein bedeutender Handelsplatz und entwickelte sich aufgrund seiner strategischen Lage, zu einem zentralen Markt- und Handelszentrum, das weit &uuml;ber die Region hinaus bekannt war. Die Beg&uuml;nstigung durch das Marktrecht und die Lage am wichtigen Drehkreuz zogen H&auml;ndler und Kaufleute aus unterschiedlichen Regionen an. Noch heute bietet Lichtensteig ein vielseitiges Einkaufsangebot mit 24-Stunden Shops und kleinen Manufakturen.</p><p><strong>Ap&eacute;ro<br></strong>Zur stimmigen Abrundung kommt ein feiner Ap&eacute;ro vor oder nach der F&uuml;hrung sehr gut an - unser Spezialangebot f&uuml;r St&auml;dtlif&uuml;hrungsgruppen finden Sie&nbsp; <a href=\"https://toggenburg.swiss/files/_OpenFrontend/websites/toggenburg.swiss/objects/pdf_download/ap%C3%A9ro_angebote_lichtensteig.pdf\" target=\"_blank\" rel=\"noopener\">hier.</a>&nbsp;</p>", "image": "https://ttpimtsoch.sos-ch-dk-2.exoscale-cdn.com/catalog/e/2/a/6/e2a6b71b97a74702b7feaee12ea32c1e1d16bb8d_0R0A2686.jpg"}, "geometry": {"type": "Point", "coordinates": ["9.08723831176758", "47.323436051579264"]}}, {"type": "Feature", "properties": {"identifier": "ca7a990c-7442-448d-bbdb-f4c42c9d16eb", "name": "Bergbahnen Wildhaus", "image": "https://ttpimtsoch.sos-ch-dk-2.exoscale-cdn.com/catalog/a/a/1/a/aa1a38d9258c2132872ad03a11e47d3fadbb035a_TT_2025_Familienskifahren_Wildhaus_040.jpg"}}, {"type": "Feature", "properties": {"identifier": "cb54d330-b2f5-46e4-82e6-415208193922", "name": "F\u00fchrung in der K\u00e4serei", "description": "<p>Willi Schmid und seine Familie gew&auml;hren im Rahmen der K&auml;serei-F&uuml;hrung und der Besichtigung der verschiedenen K&auml;sekeller einen Einblick in Ihre K&auml;sephilosophie. K&auml;se mit klingenden Namen wie Jersy Blue, Fromage Vivienne und Caprinello werden anschliessend f&uuml;r eine Degustation aufgetischt.</p><p>Dauer: ca. 2 Stunden <br>Durchf&uuml;hrung: Montag bis Freitag zwischen 13.00 bis 19.00 Uhr, letzter <br>Start: 17.00 Uhr Samstag zwischen 9.00 bis 11.00 Uhr Mindestens 10 bis maximal 40 Personen. <br>Die genaue Zeit f&uuml;r die Durchf&uuml;hrung wird zwischen den Teilnehmern und dem Anbieter vereinbart. <br>Wichtig: Ihre Buchung ist erst definitiv, wenn diese von der St&auml;dlich&auml;si best&auml;tigt ist. Preis: CHF 35 pro Person (CHF 10 f&uuml;r die F&uuml;hrung, CHF 25 f&uuml;r die Degustation)<br>Treffpunkt: St&auml;dtlich&auml;si Lichtensteig, Uttenwilserstrasse 2, 9620 Lichtensteig SG</p>", "url": "https://shop.chaeswelt.ch/produktkategorie/erlebnisse/", "image": "https://ttpimtsoch.sos-ch-dk-2.exoscale-cdn.com/catalog/2/7/3/c/273c6f92bb78a7022be10435f2bae5ad0226c4d7_Titelbild_Schmid.JPG", "openstreetmap_id": "node/5830920426"}, "geometry": {"type": "Point", "coordinates": ["9.08518", "47.32951"]}}, {"type": "Feature", "properties": {"identifier": "cc083554-77ad-4efb-b96b-68b41507cea8", "name": "Hofgenuss", "description": "Unsere Podhouses sind heimelige Holziglus und bieten Platz f\u00fcr 2 bis 4 Personen. Sie haben Ihr Schlafzimmer mit bequemen Betten in der freien Natur, wo Sie morgens h\u00f6chstens von Vogelgezwitscher geweckt werden. Auf Komfort m\u00fcssen Sie nicht verzichten, wir bieten Ihnen auch einen gem\u00fctlichen Aufenthaltsraum mit Kiosk und Kochgelegenheit. Zudem verw\u00f6hnen wir Sie am Morgen mit einem reichhaltigen Fr\u00fchst\u00fcck mit vielen hofeigenen Bioprodukten.", "url": "https://hofgenuss.ch/", "image": "https://ttpimtsoch.sos-ch-dk-2.exoscale-cdn.com/catalog/c/7/a/b/c7ab12536c03b7d5f6dbfa66e25d4a7284d2478b_Podhouse__2.jpg", "openstreetmap_id": "node/2228955687"}, "geometry": {"type": "Point", "coordinates": ["9.08175", "47.36332"]}}, {"type": "Feature", "properties": {"identifier": "cc118e99-a8ee-4a8b-87a6-82fa0751a322", "name": "Ferienhaus Salomonstempel Hemberg", "description": "<div><p>Das Brugger Ferienhaus Salomonstempel liegt oberhalb von Hemberg im Toggenburg (Kanton St. Gallen, Schweiz) auf rund 1138 m &uuml;. M. und begeistert mit einem weiten Blick auf das Alpsteinmassiv und die sanfte H&uuml;gellandschaft des Neckertals. Hier erlebst du Natur, Ruhe und Gemeinschaft &ndash; ideal f&uuml;r Gruppen, Schulklassen, Vereine oder Familienlager.</p><p>Das Haus bietet Platz f&uuml;r bis zu 55 Personen in Zweier-, Dreier- und Viererzimmern sowie einem praktischen Leiterbereich mit eigener Dusche und WC. Die gastfreundliche Infrastruktur umfasst eine moderne und gut ausgestattete K&uuml;che, einen grossz&uuml;gigen Aufenthalts- und Essraum, einen separaten Spiel- und Freizeitraum sowie eine helle, gem&uuml;tliche Atmosph&auml;re f&uuml;r gemeinsame Stunden.</p><p>Rund ums Haus warten Tischtennis, T&ouml;ggelikasten, Grillstelle, Spielwiese und viel Platz zum Austoben &ndash; perfekt f&uuml;r Aktivit&auml;ten und Spass im Freien. Das Areal ist verkehrsfrei und sicher, umgeben von Wald und gr&uuml;nen Weiden.</p><p>Die Region Hemberg bietet dir zu jeder Jahreszeit abwechslungsreiche M&ouml;glichkeiten: Im Sommer laden zahlreiche Wanderwege und Bike-Routen zu Naturabenteuern ein &ndash; ob gem&uuml;tlich &uuml;ber die H&uuml;gel oder sportlich in Richtung Alpstein. Im Winter erreichst du Skilifte und Langlaufloipen schnell und kannst Schneevergn&uuml;gen in einer idyllischen Landschaft geniessen.</p><p>Ob Lager, Outdoor-Wochenende, Vereinsreise oder entspannte Familienzeit &ndash; hier findest du einen Ort, an dem Gemeinschaft und Natur an erster Stelle stehen und jeder Tag unvergesslich wird. Die Unterkunft wird immer nur an eine Gruppe gleichzeitig vermietet.</p><p><strong>Zuk&uuml;nftig neu:</strong> In K&uuml;rze werden die Betten ersetzt und anschliessend wird &laquo;nordisch schlafen&raquo; angeboten.</p></div>", "url": "https://www.salomonstempel-hemberg.ch", "image": "https://ttpimtsoch.sos-ch-dk-2.exoscale-cdn.com/catalog/3/a/5/3/3a538890abb0dd6af0b898a37e3cd0545ece4ddc_IMG_7081.jpeg", "openstreetmap_id": "way/177884642"}, "geometry": {"type": "Point", "coordinates": ["9.1547654", "47.2830088"]}}, {"type": "Feature", "properties": {"identifier": "cca3ac1b-a5c3-4d66-ae0b-30aac7f490aa", "name": "Sport Shop Iltios", "description": "Auf dem Iltios finden Sie eine Auswahl an Skiausr\u00fcstungen f\u00fcr jedes Level: Ski, St\u00f6cke, Helme, Schuhe. F\u00fcr Einzelpersonen und Gruppen die ihren Skitag geniessen. Mitten im Gebiet unkompliziert probieren, fahren und wieder zur\u00fcckbringen. Weitere Accessoires k\u00f6nnen im Sport Shop Iltios gekauft werden: Helme, Brillen, Handschuhe\u2026", "url": "https://www.chaeserrugg.ch/de/Ausruestung_mieten.html", "image": "https://ttpimtsoch.sos-ch-dk-2.exoscale-cdn.com/catalog/2/9/3/9/2939caad6d992cef00e45aa6656e33e469ca9ad9_Iltios_4.jpg", "openstreetmap_id": "node/3617797478"}, "geometry": {"type": "Point", "coordinates": ["9.3127", "47.1851"]}}, {"type": "Feature", "properties": {"identifier": "cccbb031-58d1-4e59-97ad-083edb7d647d", "name": "Toggenburger Adel und Landleute im Mittelalter", "description": "<p>Bis fast zum Ende des Mittelalters herrschten die Grafen von Toggenburg im heutigen Toggenburg und dar&uuml;ber hinaus im Rheintal, im Linthgebiet, in Graub&uuml;nden und bis ins Z&uuml;rcher Oberland. Die Landleute bildeten gegen Ende des 14. Jahrhunderts ein b&uuml;rgerliches Bewusstsein, das Best&auml;tigung der erlangten Rechte wie Freiheitsrecht, Erbrecht, Strafrecht und Marktrecht durch den Landesherrn verlangte, was in Lichtensteig erstmals 1400 gelang.</p><p><strong>Ap&eacute;ro<br></strong>Zur stimmigen Abrundung kommt ein feiner Ap&eacute;ro vor oder nach der F&uuml;hrung sehr gut an - unser Spezialangebot f&uuml;r St&auml;dtlif&uuml;hrungsgruppen finden Sie&nbsp; <a href=\"https://toggenburg.swiss/files/_OpenFrontend/websites/toggenburg.swiss/objects/pdf_download/ap%C3%A9ro_angebote_lichtensteig.pdf\" target=\"_blank\" rel=\"noopener\">hier.</a>&nbsp;</p>", "image": "https://ttpimtsoch.sos-ch-dk-2.exoscale-cdn.com/catalog/a/7/9/2/a792ac92252afc2c20461b092d8976c4807c8a26_Lichtensteig_im_Herbst___Ch____sWelt_Toggenburg.jpg"}, "geometry": {"type": "Point", "coordinates": ["9.08722758293152", "47.32354515501218"]}}, {"type": "Feature", "properties": {"identifier": "ce0ec21c-a4bd-4d10-8393-4d9251dae1f6", "name": "24-Stunden-Shop Metzgerei Metzger in Stein SG", "description": "Direkt an der Hauptstrasse Nesslau\u2013Wildhaus in der alten Metzg im Dorf Stein SG. Da gibt\u2019s Leckerbissen der Metzgerei Metzger und Toggenburger Spezialit\u00e4ten von der Bauernfrau bis zum K\u00e4ser. Frisch- und Trockenfleisch, K\u00e4se, Milch, Jogurt aus der Region, Geschenksartikel, ged\u00f6rrtes Obst direkt vom Bauer, Brot und s\u00fcsse vom Beck und allerlei gutes aus der Region f\u00fcr Proviant auf die Schneeschuhtour, auf den Grill und Herd in der Ferienwohnung oder einfach f\u00fcr zuhause.\nBezahlung erfolgt ganz unkompliziert bar im Couvert wie fr\u00fcher, oder per TWINT. Eine Innovation der Metzgerei Metzger AG.", "url": "https://www.metzger-metzger.ch/", "image": "https://ttpimtsoch.sos-ch-dk-2.exoscale-cdn.com/catalog/d/e/7/3/de733762fdb9b08afb8dc49228d88859dde291dc_24_Stunden_Shop_01.jpg", "openstreetmap_id": "392854609"}, "geometry": {"type": "Point", "coordinates": ["9.2265659", "47.2003328"]}}, {"type": "Feature", "properties": {"identifier": "d0d5a764-a3f8-48e5-8fd5-92aaab7be114", "name": "Kegelbahn Hotel Restaurant Sternen Nesslau", "description": "Kegeln ist ein Spass f\u00fcr Kolleginnen und Kollegen, Freundinnen und Freunde oder f\u00fcr die ganze Familie. Bitte beachten Sie, dass eine Kegelpartie unbedingt vorreserviert werden soll, da der Keller gut besucht ist.", "url": "https://sternen-nesslau.ch", "image": "https://ttpimtsoch.sos-ch-dk-2.exoscale-cdn.com/catalog/7/1/7/5/71755595b53d77bdcfd9ffd26b481e0d062fbe12_VCE6pEiyUJmuuKTyjYsB.jpg", "openstreetmap_id": "node/9036296295"}, "geometry": {"type": "Point", "coordinates": ["9.19909179210663", "47.22382022634832"]}}, {"type": "Feature", "properties": {"identifier": "d0ecc36c-b0aa-4705-8cd1-078880e469e5", "name": "Luftseilbahn Iltios \u2013 Ch\u00e4serrugg", "description": "<p>Die Luftseilbahn Iltios \u2013 Ch\u00e4serrugg bringt ganzj\u00e4hrig die G\u00e4ste bequem auf den \u00f6stlichen Gipfel der sieben Churfirsten und zur\u00fcck auf den Iltios. W\u00e4hrend der Fahrt mit der Luftseilbahn schweift der Blick \u00fcber die Landschaft des Toggenburgs, den Alpstein und bietet eine spannende Perspektive auf die Nordseite des Gipfelgeb\u00e4udes. Des Weiteren k\u00f6nnen w\u00e4hrend der Fahrt oftmals G\u00e4mse in den vorbeiziehenden Felsb\u00e4ndern beobachtet werden, und die verschiedenen Gesteinsschichten treten eindrucksvoll zutage. Auf dem Ch\u00e4serrugg befindet sich das Gipfelrestaurant Ch\u00e4serrugg, wo Kulinarik und Architektur von Herzog & de Meuron eine harmonische Verbindung eingehen. Direkt am Gipfel schliesst die Hochebene Rosenboden mit dem Panoramarundweg an, der im Sommer wie auch im Winter begangen werden kann. Dabei bietet sich eine Aussicht auf \u00fcber 500 Berggipfel in sechs L\u00e4ndern, den Walensee und die umliegende Bergwelt. Im Winter bietet der Ch\u00e4serrugg die l\u00e4ngste Abfahrt im Obertoggenburg. Im Juni 2023 erhielt die Bahn zwei neue Kabinen, die in Zusammenarbeit mit den Architekten Herzog & de Meuron sowie Studio Noun entworfen wurden, um das G\u00e4steerlebnis zu unterstreichen.</p><p>\u00a0</p><p>Auskunft zur Zug\u00e4nglichkeit:\u00a0<a href=\"https://www.ginto.guide/entries/109623b1-b6e4-44db-87b2-865cf60efc9d?lnk_src=business\" target=\"_blank\" rel=\"noopener\">ginto</a></p>", "url": "https://www.chaeserrugg.ch/de", "image": "https://ttpimtsoch.sos-ch-dk-2.exoscale-cdn.com/catalog/a/7/a/6/a7a69920155a2ac3d4ad7dd913dad634fa2813d4_0000702_chaeserrugg_shooting_am_S_24.jpg", "openstreetmap_id": "node/197929400"}, "geometry": {"type": "Point", "coordinates": ["9.311814", "47.185046"]}}, {"type": "Feature", "properties": {"identifier": "d1518820-02b9-4bae-816b-4bffc1a7a899", "name": "Alpsteinm\u00fchle", "description": "<p>Regionales Getreide dort verarbeiten, wo es w&auml;chst Mitten in Nesslau kn&uuml;pft die Alpsteinm&uuml;hle an eine lange Tradition des Getreideanbaus im Obertoggenburg an. In der ehemaligen B&uuml;rgerscheune ist mit viel freiwilligem Engagement eine moderne M&uuml;hle entstanden, in der regional angebautes Berggetreide sorgf&auml;ltig verarbeitet wird. Wer die Alpsteinm&uuml;hle besucht, kann ein St&uuml;ck dieser regionalen Wertsch&ouml;pfung direkt erleben. Im M&uuml;hlenl&auml;deli findest du verschiedene Mehle und Getreideprodukte aus der Region. Das Angebot richtet sich nach Ernte und Verf&uuml;gbarkeit, sodass es immer wieder etwas Neues zu entdecken gibt. Ein sch&ouml;ner Zwischenstopp f&uuml;r alle, die regionale Produkte aus dem Toggenburg sch&auml;tzen und gerne wissen m&ouml;chten, woher ihre Lebensmittel kommen. Noch tiefer in die Welt des Getreides geht es bei einer M&uuml;hlenf&uuml;hrung f&uuml;r Gruppen. Dabei erh&auml;ltst du Einblick in die M&uuml;hlenanlage und erf&auml;hrst, wie aus dem Korn fertiges Mehl wird, welche Bedeutung der Getreideanbau f&uuml;r die Region hat und wie traditionelle Verarbeitung und moderne Technik zusammenspielen. Die F&uuml;hrungen eignen sich f&uuml;r Vereine, Firmen und private Gruppen und k&ouml;nnen auf Wunsch mit einem Ap&eacute;ro erg&auml;nzt werden.</p><p><strong>M&uuml;hlenl&auml;deli:</strong> Dienstag und Freitag, 9.00 bis 11.30 Uhr</p><p><strong>Gruppenf&uuml;hrungen: </strong>Montag bis Samstag nach Vereinbarung Ein Besuch in der Alpsteinm&uuml;hle verbindet regionalen Genuss, traditionelles Handwerk und ein St&uuml;ck Toggenburger Geschichte.</p>", "url": "https://alpsteinmuehle.ch", "image": "https://ttpimtsoch.sos-ch-dk-2.exoscale-cdn.com/catalog/b/3/f/f/b3ff554f31d8c0a013478fc28441a99cf21f3904_A7401752_LQ.jpg", "openstreetmap_id": "relation/1683911"}, "geometry": {"type": "Point", "coordinates": ["9.2240492", "47.2282045"]}}, {"type": "Feature", "properties": {"identifier": "d29a3491-9163-4dc2-8d56-dd3b8559dbf1", "name": "Massagetherapie Underm\u00fcli in Alt St. Johann", "description": "Schmerzen werden gelindert oder die Behandlung kann einfach eine Wohltat sein. \nIch habe eine \u00fcber 20-j\u00e4hrige Berufspraxis und bin \u00fcber die Zusatzversicherungen bei den meisten Krankenkassen anerkannt, spreche Deutsch, Franz\u00f6sisch und Englisch. Parkpl\u00e4tze vor dem Haus, auch mit \u00d6V gut erreichbar.\nInkludierte Leistungen: Med. Klassische Massage, Fussreflexzonenmassage\n \nTermin nach Vereinbarung\nDetails / Infos: www.wellmed.ch\nBuchbar unter: www.wellmed.ch oder 079 678 65 67", "url": "http://www.wellmed.ch", "image": "https://ttpimtsoch.sos-ch-dk-2.exoscale-cdn.com/catalog/5/3/d/b/53db3361a7a165e5306418b83ea7fd011322e036_Praxis.jpg", "openstreetmap_id": "node/2312187116"}, "geometry": {"type": "Point", "coordinates": ["9.280362725257875", "47.19370442653"]}}, {"type": "Feature", "properties": {"identifier": "d3184543-d322-4865-8753-76e89a28773a", "name": "Klettergarten Zwinglipass", "description": "In der n\u00e4heren und weiteren Region um die H\u00fctte gibt es viele sch\u00f6ne Klettergebiete im besten Kalk: G\u00e4tterifirst, Kreuzberge, Dreifaltigkeit, F\u00e4lent\u00fcrm und ganz besonders am Hausberg der Zwinglipassh\u00fctte, dem Altmann, dem zweith\u00f6chsten Berg des Alpsteins. \n\nDer Klettergarten \u00abZwinglipass\u00bb ist ab der Talstation der Bergbahn Gampl\u00fct in einer ca. 3-st\u00fcndigen Wanderung zu erreichen. \n\nEr bietet Routen in verschiedensten Schwierigkeitsgraden von 2a (Schaffhauser Kamin) bis 6c+ (Via Hacky Sack) an, welche \u00fcber die verschiedenen Grate oder durch die S\u00fcdwand auf den Gipfel des Altmanns f\u00fchren. \n\nDer Kletterf\u00fchrer liegt in der H\u00fctte auf.\n\nWeitere Informationen zu den Routen finden Sie im \u00abSAC Kletterf\u00fchrer Alpstein\u00bb und in der Tourist Information Wildhaus.", "url": "https://toggenburg.swiss", "image": "https://ttpimtsoch.sos-ch-dk-2.exoscale-cdn.com/catalog/6/a/6/6/6a66bdff6b09c6c34abfe2c7233d56ea91d37b8b_TOOGI_KLETTERN_sept14_RUPA_392.jpg", "openstreetmap_id": "node/600083987"}, "geometry": {"type": "Point", "coordinates": ["9.37485694885254", "47.23658824304505"]}}, {"type": "Feature", "properties": {"identifier": "d343c3ff-6f72-491a-afcc-0af58c3a53ba", "name": "Fondue beim K\u00e4ser", "description": "<p>Gian Liechti und sein Team nehmen Sie mit auf eine Entdeckungsreise quer durch die familiengef&uuml;hrte Bergk&auml;serei auf dem Ricken und zeigen Ihnen den Weg von der Milch zum K&auml;se. <br>Im Keller der Hochmoor K&auml;se AG reifen neben Emmentaler AOP, verschiedenen Hart- und Halbhartk&auml;se auch der herbe Hochmoor Ch&auml;s. Letzterer verdankt seinen Charakter der reichhaltigen Pflanzen- und Kr&auml;uterwelt des Hochmoors auf dem Rickenpass. <br>Bei einem rassigen Hochmoor-Fondue, &uuml;brigens ebenfalls mit Hochmoor Ch&auml;s, oder einem herzhaften Raclette &agrave; discr&eacute;tion in den R&auml;umlichkeiten der K&auml;serei endet die Exkursion schliesslich genussvoll. <br>Dauer: 3 Stunden Durchf&uuml;hrung: Dienstag, Mittwoch, Freitag von 17.30 - 20.30 Uhr oder nach Vereinbarung. Die genaue Zeit f&uuml;r die Durchf&uuml;hrung wird zwischen den Teilnehmern und dem Anbieter vereinbart. Ab mindestens 6 bis maximal 25 Personen. <br>Wichtig: Ihre Buchung ist erst definitiv, wenn diese von der Hochmoor K&auml;se AG best&auml;tigt ist. Preis: CHF 35.00 (exkl. Getr&auml;nke) f&uuml;r Erwachsene CHF 20.00 (exkl. Getr&auml;nke) f&uuml;r Kinder von 7 - 15 Jahren Treffpunkt: Hochmoor K&auml;se AG &ndash; Bergk&auml;serei Liechti, Waldestrasse 3, 8726 Ricken SG</p>", "url": "http://www.liechti-kaese.ch", "image": "https://ttpimtsoch.sos-ch-dk-2.exoscale-cdn.com/catalog/f/e/5/b/fe5b6306ca9632fdf145bb62aa57e24b694d80d6_ch____swelt_website_genussperlen_03_2025_1rz__2.jpg", "openstreetmap_id": "node/383765867"}, "geometry": {"type": "Point", "coordinates": ["9.044", "47.26455"]}}, {"type": "Feature", "properties": {"identifier": "d34b2f2c-4698-40ce-a2fd-db320ee862e1", "name": "Degusch\u00fc\u00fcr Ganterschwil", "description": "Die ideale Umgebung f\u00fcr Ihren Familienanlass, Geburtstag, Konfirmation, Taufe, Hochzeit sowie f\u00fcr Ihren n\u00e4chsten Firmenanlass oder Klassentreffen. \n\nDie \u00abDegu-Sch\u00fc\u00fcr\u00bb ist mit technischen Einrichtungen (WLAN / Beamer) ausgestattet und kann bis 80 Personen aufnehmen.", "url": "https://www.berghof-ag.ch/", "image": "https://ttpimtsoch.sos-ch-dk-2.exoscale-cdn.com/catalog/7/9/2/0/7920abf1572e3b4babab8a7137c5ea136968d0be_schuer_aussen_1000.jpg", "openstreetmap_id": "node/4241108508"}, "geometry": {"type": "Point", "coordinates": ["9.092259407043459", "47.36621103383134"]}}, {"type": "Feature", "properties": {"identifier": "d46e2d2a-0851-4980-860b-86d332a07fd4", "name": "Stump's Alpenrose", "description": "<p>Auf dem sonnenbeschienenen Hochplateau am Schwendisee heisst Sie die Gastgeberfamilie Stump in 5. Generation herzlich Willkommen. Der Klangweg f&uuml;hrt im Sommer zum Ch&auml;serrugg und weiter zu den Churfirsten, w&auml;hrend der Alpstein mit uneingeschr&auml;nkten Wanderungen an der Thur und bis zum S&auml;ntis lockt. Sonnenterrasse mit Kinderspielplatz und Trampolin laden zum Verweilen. Einzel-, Doppel- und Familienzimmer mit allem Komfort sind nach S&uuml;den ausgerichtet, Wellness mit Sauna, Dampfbad, Whirlpool und Fitnessraum sorgen f&uuml;r Entspannung wie Erholung. Stump&rsquo;s Frischk&uuml;che mit regionalen Culinarium-Produkten und Wild aus einheimischer Jagd sowie das Fr&uuml;hst&uuml;ck mit lokalen Broten und K&auml;se von den Alpen bietet viel Hausgemachtes. Im Winter f&uuml;hren die Skipisten direkt vom Hotel zu den Bergbahnen und zur Skischule. Ein Hotelbus macht die Anbindung ans Tal, zur Eisbahn, Curling-Center, Schwimmbad, Einkaufsm&ouml;glichkeiten sowie Kulturveranstaltungen. Herzlich Willkommen am Fuss des Ch&auml;serrugg bei Stump&rsquo;s in der Alpenrose.</p><p>&nbsp;</p><p><span data-teams=\"true\">Auskunft zur Zug&auml;nglichkeit</span>:&nbsp;<a href=\"https://www.ginto.guide/entries/541e1873-6d3c-437d-8284-c160c980487e?lnk_src=business\" target=\"_blank\" rel=\"noopener\">ginto</a></p>", "url": "http://www.stumps-alpenrose.ch", "image": "https://ttpimtsoch.sos-ch-dk-2.exoscale-cdn.com/catalog/3/4/a/a/34aabb3bf4aa2338704bbd9c55613f2ac773186d_SwissPano_Alpenrose_20170626_115756_00635_Panorama.jpg", "openstreetmap_id": "node/2312186188"}, "geometry": {"type": "Point", "coordinates": ["9.3285822", "47.190065"]}}, {"type": "Feature", "properties": {"identifier": "d48660fc-7f65-4ae9-88c8-0d17691d0a4d", "name": "Alpwirtschaft Unterb\u00e4chen", "description": "Ob Sie nun den Weg zu uns zu Fuss, mit dem Bike oder mit dem Auto in Angriff nehmen, bei uns k\u00f6nnen Sie ankommen und geniessen. ", "image": "https://ttpimtsoch.sos-ch-dk-2.exoscale-cdn.com/catalog/c/f/0/3/cf0346a6d29e40a44126f16bfbd7268b76d74f58_IMG_4323.jpeg", "openstreetmap_id": "node/424999876"}, "geometry": {"type": "Point", "coordinates": ["9.1027653", "47.2452274"]}}, {"type": "Feature", "properties": {"identifier": "d4a6c8d6-cc0e-4b79-9930-06a08a91b076", "name": "Wein-F\u00fchrung", "description": "<p>Im St&auml;dtli Lichtensteig wachsen verschiedene Traubensorten, aus denen unterschiedliche Weine gekeltert werden. Auf diesem weinseligen Rundgang besuchen Sie die drei einmalig gelegenen Lichtensteiger Rebberge. Da die H&auml;nge vom ersten bis zum letzten Sonnenstrahl besonnt sind und auch sonst gute Bedingungen herrschen, entsteht unterschiedlicher Wein von hoher Qualit&auml;t.<br>Nebst den Rebbergen gibt es weitere interessante und historische Schnittstellen zum Thema &lsquo;Reben und Wein in Lichtensteig&rsquo;, welche auf dieser F&uuml;hrung besuchen werden.</p><p><strong>Ap&eacute;ro<br></strong>Zur stimmigen Abrundung kommt ein feiner Ap&eacute;ro vor oder nach der F&uuml;hrung sehr gut an - unser Spezialangebot f&uuml;r St&auml;dtlif&uuml;hrungsgruppen finden Sie&nbsp; <a href=\"https://toggenburg.swiss/files/_OpenFrontend/websites/toggenburg.swiss/objects/pdf_download/ap%C3%A9ro_angebote_lichtensteig.pdf\" target=\"_blank\" rel=\"noopener\">hier.</a>&nbsp;</p>", "image": "https://ttpimtsoch.sos-ch-dk-2.exoscale-cdn.com/catalog/9/9/a/6/99a6afe18745696ca2770b4f52fc25acb11cf17a_Bild_Rebberg.jpg"}, "geometry": {"type": "Point", "coordinates": ["9.08722221851349", "47.32353424467902"]}}, {"type": "Feature", "properties": {"identifier": "d4b7cad2-1109-46ca-8a62-d05536ebc18e", "name": "Restaurant Esszeit", "description": "<p>Frisch gekochte asiatische Speisen. Buffet, all you can eat. Preis Mittag inkl. 5 dl Getr&auml;nk 21.50, Preis Abend inkl. 5 dl Getr&auml;nk 23.50 CHF. Fast casual restaurant, Selbstbedienung. Gratis Parkpl&auml;tze.</p>", "url": "https://www.esszeit.ch", "image": "https://ttpimtsoch.sos-ch-dk-2.exoscale-cdn.com/catalog/d/0/a/6/d0a655b0ed6918e138d62241106fba414ec75ffe_Logo_Esszeit_Lerchenfeld.jpg", "openstreetmap_id": "node/32506454"}, "geometry": {"type": "Point", "coordinates": ["9.072132110595705", "47.383169505477916"]}}, {"type": "Feature", "properties": {"identifier": "d5704aad-395a-4122-aa39-e42f77fd5b2a", "name": "Caf\u00e9 Abderhalden B\u00e4ckerei Konditorei", "description": "Caf\u00e9 Abderhalden \u2013 Ihr St\u00fcck Toggenburg\n\nGeniessen Sie die warmen Sonnenstrahlen auf unserer gem\u00fctlichen Terrasse und lassen Sie sich von unseren K\u00f6stlichkeiten verw\u00f6hnen. Starten Sie Ihren Sonntagmorgen mit unserem traditionellen B\u00e4cker-Zmorge. Frische Brote, feine Z\u00f6pfe und hausgemachte Konfit\u00fcren lassen keine W\u00fcnsche offen.\n\nNachmittags verf\u00fchren unsere Konditoren Sie mit einer Vielfalt an Kuchen und Torten. Ob eine cremige Kugel hausgemachter Glac\u00e9, ein feinest St\u00fcck Torte oder unseren Klassiker, der Schlorzifladen \u2013 bei uns finden Sie garantiert Ihr Lieblingsst\u00fcck.\n\nBesuchen Sie uns und erleben Sie die Schweizer Gastfreundschaft in vollen Z\u00fcgen!", "url": "http://www.cafe-abderhalden.ch", "image": "https://ttpimtsoch.sos-ch-dk-2.exoscale-cdn.com/catalog/a/8/3/b/a83bec6c892f89bd63ec7e79eab9011acd822b63_DSC01168.jpg", "openstreetmap_id": "node/9620350580"}, "geometry": {"type": "Point", "coordinates": ["9.0867482", "47.3029247"]}}, {"type": "Feature", "properties": {"identifier": "d5cd9d46-c8ed-4045-b950-47359a477784", "name": "Steinmannli - Bergf\u00fchrer mit eidg. FA", "description": "Du m\u00f6chtest unsere sch\u00f6nen Alpen intensiv erleben? Endlich einen grossen Klassiker erklimmen? Eine Hochtour oder Skihochtour meistern? Bei einem Kurs die Basis erlernen oder dein Wissen vertiefen? Oder mit Freunden in einer Seilschaft \u00fcber einen Gletscher gehen? Ich f\u00fchre dich kompetent, zuverl\u00e4ssig und mit jahrelanger Erfahrung, im Sommer wie im Winter. \nIn den Bergen \u2013 inmitten der Tier- und Pflanzenwelt \u2013 l\u00e4sst sich der Alltag m\u00fchelos vergessen. Gerne begleite ich dich dabei.", "url": "https://steinmannli.ch/", "image": "https://ttpimtsoch.sos-ch-dk-2.exoscale-cdn.com/catalog/c/f/0/4/cf04f1fb187d9fb38a67bbb976ad507d8bb53406_Bruno_Boesch.jpg", "openstreetmap_id": "way/223211169"}, "geometry": {"type": "Point", "coordinates": ["9.252440929412844", "47.18514780078605"]}}, {"type": "Feature", "properties": {"identifier": "d5ffd9f5-0110-4265-98eb-49eb929dd191", "name": "Hofladen Keller", "description": "Der Hofladen von der Familie Keller liegt direkt auf dem Chogelhuet. Dies ist ein kleiner Pass zwischen den Gemeinden Kirchberg und Mosnang. \n\nIm Laden gibt es je nach Saison Apfelsaft, verschiedene frische Beeren sowie verschiedenes Gem\u00fcse oder Eingemachtes und Konfit\u00fcre. \n\n", "image": "https://ttpimtsoch.sos-ch-dk-2.exoscale-cdn.com/catalog/2/f/8/b/2f8b796e71c2e9b606b4b5da2264580d9f2d4515_Hofladen.jpg", "openstreetmap_id": "node/498748192"}, "geometry": {"type": "Point", "coordinates": ["9.039376974105837", "47.38167484310615"]}}, {"type": "Feature", "properties": {"identifier": "d8a51b25-d80f-488e-8222-afdf8332dda6", "name": "Ayursana Yoga Shala", "description": "<p><strong>Ayursana Yoga &amp; Events &ndash; dein Ort f&uuml;r Bewegung, Entspannung und Begegnung </strong></p><p>Bei Ayursana Yoga &amp; Events findest du einen wohltuenden Raum f&uuml;r Yoga, Achtsamkeit und ganzheitliches Wohlbefinden. In ruhiger Atmosph&auml;re im Toggenburg erwarten dich vielseitige Workshops, Gruppenkurse oder Privatstunden, Vortr&auml;ge und besondere Veranstaltungen rund um Gesundheit, Bewegung und innere Balance. Ob Yoga, Atemarbeit, Entspannung oder inspirierende Impulse: Hier darfst du ankommen, auftanken und dir bewusst Zeit f&uuml;r dich nehmen. Ein besonderes Erlebnis ist Yoga &amp; Zmorge &ndash; sanfter Yoga Flow trifft auf reichhaltiges Zmorge Buffet &ndash; ayurvedisch &amp; vegan.&nbsp;</p><p><strong>Ayursana Yoga &amp; Events &ndash; Raum f&uuml;r dich, deine Gesundheit und dein Wohlbefinden.</strong>&nbsp;<br><br><strong>Aktueller Stundenplan: </strong></p><p>Dienstag 18:30 &ndash; 19:30 Hatha / Hatha Flow ausgleichend</p><p>Mittwoch 08:30 &ndash; 09:30 Stuhl Yoga ab 1.10.2026</p><p>Mittwoch 17:00 &ndash; 18:00 Stuhl Yoga</p><p>Mittwoch 19:00 &ndash; 20:00 Hatha / Hatha Flow ausgleichend</p><p>Mittwoch 20:15 &ndash; 21:15 Pfuus Guet Yoga entspannend (hybrid)</p><p>Samstag 09:00 &ndash; 10:00 Yoga am Fluss bis ca. 30.09.2026 Funcional Yoga ab 01.10.2026</p><p>Sonntag 18:00 &ndash; 19:00 Sunday Funday Flow Nur online</p>", "url": "https://www.ayursana.ch", "image": "https://ttpimtsoch.sos-ch-dk-2.exoscale-cdn.com/catalog/b/b/0/e/bb0e946c577da360652b29acf1226db424e7a1d0_1_WII_2369_comp30.jpg", "openstreetmap_id": "way/387151605"}, "geometry": {"type": "Point", "coordinates": ["9.0871589", "47.323174"]}}, {"type": "Feature", "properties": {"identifier": "d944e7a2-672c-4f18-8055-4c9c32b7dfef", "name": "B&B Laui Ennetb\u00fchl", "description": "<div>Das Haus aus der Mitte des 19. Jahrhunderts wurde mit viel Sachverstand und handwerklichem Geschick restauriert und renoviert. Die drei G&auml;stezimmer (1 Einzelzimmer und 2 Doppelzimmer) sind liebevoll eingerichtet, mit einem charmanten Mix aus Design- und Antikm&ouml;beln. Wir verw&ouml;hnen Sie in der urspr&uuml;nglichen G&auml;stestube mit einem reichhaltigen Fr&uuml;hst&uuml;ck aus selbstgemachten und regionalen Produkten. Parkplatz und WLAN vorhanden. Mit dem &Ouml;V in 15 Minuten erreichbar. Kein TV, Raumh&ouml;he 196\u202fcm. Wanderwege direkt vor dem Haus, Langlaufloipe in n&auml;chster N&auml;he. Preise inkl. Fr&uuml;hst&uuml;ck und Kurtaxe pro Person und Nacht: Fr.\u202f80.&ndash; (ab der 2. Nacht Fr.\u202f70.&ndash;).</div>", "url": "http://www.laui-ennetbuehl.ch/", "image": "https://ttpimtsoch.sos-ch-dk-2.exoscale-cdn.com/catalog/2/e/f/0/2ef05d432323b4a99a3265b5c1dab050758636c5_Laui_190_Bild_Chris_Iseli___Sandra_Ardizzone__2.jpg", "openstreetmap_id": "node/2130961172"}, "geometry": {"type": "Point", "coordinates": ["9.22271079999996", "47.2445859"]}}, {"type": "Feature", "properties": {"identifier": "d947383e-104c-49e2-9e2b-3c48fa7a430b", "name": "Turnger\u00e4te Museum", "description": "Besucher und Besucherinnen finden in der Ausstellung Turnger\u00e4te, welche sofort Erinnerungen und Emotionen wecken. Neben diesen Ger\u00e4ten k\u00f6nnen auch Unikate bestaunt werden, wie das vermutlich \u00e4lteste noch existierende Pauschenpferd mit Kopf und Schwanz. B\u00fccher, Fotos und Filme zeigen als Zeitzeugen das Turnen von damals.\n\nWir beleuchten die \u00fcber 300-j\u00e4hrige Geschichte des Turnwesens: von den \u00dcbungen in den Ritterakademien, dem Turnen als vaterl\u00e4ndische Pflicht, bis zu Sport, Spiel und Spass! \nNeu auch mit Audioguide, Themenparcours und verschiedenen R\u00e4tseln.\n\n\nEintritt: \nCHF 5.-/Person\nKinder und Jugendliche bis 16 Jahre gratis\nFu\u0308hrungen fu\u0308r Gruppen: CHF 10.-/Person, mindestens CHF 80.-/Gruppe \n\n", "url": "https://turngeraetemuseum.ch/", "image": "https://ttpimtsoch.sos-ch-dk-2.exoscale-cdn.com/catalog/0/b/3/1/0b31ae9b51188c8fa4187552f82fd03d5635e4ab_2022___TT___Turnger__te_Museum_4.jpg", "openstreetmap_id": "way/282363012"}, "geometry": {"type": "Point", "coordinates": ["9.115742400845049", "47.265513299999995"]}}, {"type": "Feature", "properties": {"identifier": "dad79cf1-1a45-4786-999e-494781682f35", "name": "Toggenburg Bergbahnen", "image": "https://ttpimtsoch.sos-ch-dk-2.exoscale-cdn.com/catalog/2/f/9/4/2f94be7335f429fa1477d902dda4a0e4fba75426_MZ_2023_Sonnenaufgang_Ch__serrugg_30.jpg"}}, {"type": "Feature", "properties": {"identifier": "db1be4d2-b9f6-4618-ae57-ac248701720a", "name": "Wirtschaft Rumpf Waldegg", "description": "Ein Auszug aus unserer kleinen, feinen K\u00fcche\nT\u00e4glich wechselnde saisonale Mittagsmen\u00fc\nHausgemachte Cordon Bleu und frische Salate. Fitnessteller mit Schnitzeli Wurstsalat oder Wurst-K\u00e4s- Salat und Feine Vesperpl\u00e4ttli\n\nNaherholungsgebiet und Wanderland Rumpf\nWanderwege rund um den Rumpf:\nAls Zwischenhalt in die Chr\u00fczegg (Rumpf - Chr\u00fczegg: 75Min zu Fuss)\noder ins Schw\u00e4mmli via Bachstrasse (Rumpf - Schw\u00e4mmli: 80min zu Fuss)\noder als Abstecher vom Jakobsweg (Iburg Wattwil - Rumpf - Stoss)", "url": "https://restaurant-rumpf-waldegg.jimdosite.com/", "image": "https://ttpimtsoch.sos-ch-dk-2.exoscale-cdn.com/catalog/f/d/4/7/fd47678be2a9f8cb72bb1cea4988677bc9704cbf_hauptbild.jpg", "openstreetmap_id": "node/4563071714"}, "geometry": {"type": "Point", "coordinates": ["9.048222", "47.2943496"]}}, {"type": "Feature", "properties": {"identifier": "dc870fd2-eb85-41f0-a6c9-c69ae78a8a94", "name": "Puppentheater-Wildhaus", "description": "Puppentheater Wildhaus \u2013 ein kleines Wunder im Toggenburg\n\nIm Herzen von Wildhaus verbirgt sich ein besonderer Ort der Fantasie: das Puppentheater Wildhaus.\nHier erz\u00e4hlen kunstvoll gef\u00fchrte Marionetten Geschichten voller Herz, Humor und Magie \u2013 f\u00fcr Kinder und Erwachsene gleichermassen.\n\nSeit 1978 begeistert das engagierte Team mit liebevoll inszenierten Auff\u00fchrungen, handgefertigten Figuren und einer unverwechselbaren Atmosph\u00e4re.\nAm Mittwoch-Nachmittag geh\u00f6rt die B\u00fchne den kleinen G\u00e4sten, am Mittwoch-Abend entf\u00fchrt das Ensemble Erwachsene in poetische und humorvolle Theaterwelten.\n\nEin Besuch im Puppentheater Wildhaus ist mehr als Unterhaltung \u2013 es ist ein St\u00fcck gelebte Kultur im Toggenburg, das Gross und Klein verzaubert.\n\n\ud83d\udc49 Tipp: Ideal f\u00fcr Familien, Gruppen und Kulturfreunde \u2013 ein unvergessliches Erlebnis f\u00fcr Ihren Aufenthalt in Wildhaus.", "url": "https://www.puppentheater-wildhaus.ch/", "image": "https://ttpimtsoch.sos-ch-dk-2.exoscale-cdn.com/catalog/2/6/0/3/2603bfa261eab73b90260d73f0415afa17b8fe97_Zuschauer.jpg", "openstreetmap_id": "node/1483750632"}, "geometry": {"type": "Point", "coordinates": ["9.34543", "47.20138"]}}, {"type": "Feature", "properties": {"identifier": "ddf5e3fa-59cb-4775-8873-7823dea323d2", "name": "Wildhaus, Gampl\u00fct", "image": "https://ttpimtsoch.sos-ch-dk-2.exoscale-cdn.com/catalog/b/2/e/6/b2e617efe081e9805a0280e6c85831fead93396e_gampl__t.png", "openstreetmap_id": "node/7242485563"}, "geometry": {"type": "Point", "coordinates": ["9.343510865946884", "47.213138794267074"]}}, {"type": "Feature", "properties": {"identifier": "df470d09-9321-41a2-89ec-fe8b2aa4e071", "name": "Gasthaus L\u00f6wen Hemberg", "description": "<p>Der L&ouml;wen in Hemberg hat eine traditionsbehaftete Geschichte: In den 50er Jahren war das Gasthaus eine weitherum bekannte Metzgerei, Gastst&auml;tte und Milit&auml;runterkunft. Dann wurde es Ende des letzten Jahrhunderts etwas ruhiger um das stattliche Geb&auml;ude. Inzwischen ist der L&ouml;wen mit sehr viel Liebe und Sorgfalt renoviert worden, ohne dabei seinen urspr&uuml;nglichen Charme zu verlieren. Seit Winter 2018 f&uuml;hren wir als gastronomische Quereinsteiger das Gasthaus L&ouml;wen. Unsere Vorstellung einer heimeligen und urchigen Beiz, vereint mit einer regionalen und kulinarisch hochstehenden K&uuml;che, k&ouml;nnen wir hier jeden Tag verwirklichen! Dabei hilft die ganze Familie mit, vom Koch &uuml;ber die Grafikerin bis zur Kafiguezli-Lieferantin sind fast alle Angestellten aus dem famili&auml;ren Umkreis. Auch musikalische Anl&auml;sse sind ein fester Bestandteil der L&ouml;wen-Philosophie. Monatlich stattfindende L&auml;ndlerkonzerte sind f&uuml;r uns als Gastgeberfamilie H&ouml;hepunkte im Wirtealltag.</p><p>&nbsp;</p><p>Auskunft zur Zug&auml;nglichkeit:&nbsp;<a href=\"https://www.ginto.guide/entries/97cd4b31-5ed9-4e9e-aef0-567e7cb02988?lnk_src=business\" target=\"_blank\" rel=\"noopener\">ginto</a></p>", "url": "https://www.loewen-hemberg.ch/", "image": "https://ttpimtsoch.sos-ch-dk-2.exoscale-cdn.com/catalog/1/7/8/2/17828566200af3b968c05042dd5afde6da226207_DSC_2200__4_.JPG", "openstreetmap_id": "node/177884639"}, "geometry": {"type": "Point", "coordinates": ["9.1753376", "47.3003699"]}}, {"type": "Feature", "properties": {"identifier": "df530289-9b39-42fa-8961-96b191803f60", "name": "JENNYHAUS", "description": "<div>Das Jennyhaus verf\u00fcgt \u00fcber 16 Zimmer, die in Zwei- und Vierbettzimmer aufgeteilt sind, und bietet komfortable Schlafm\u00f6glichkeiten f\u00fcr bis zu 50 G\u00e4ste. Das historische Geb\u00e4ude wurde komplett renoviert und \u00f6ffnete im Juni 2025 seine T\u00fcren. Bei den Renovationsarbeiten wurde besonderer Wert auf einen hohen Ausbaustandard und die Bewahrung der historischen Elemente gelegt, die das Jennyhaus und die Toggenburger Bauweise auszeichnen. F\u00fcr Musikliebhaber ist das nahegelegene Klanghaus, das im Mai 2025 er\u00f6ffnet wurde, ein Highlight, ebenso wie der im Jahr 2024 neu er\u00f6ffnete Klangweg, der grosse und kleine Besucher begeistert. Auch bei nassem Wetter gibt es viel zu erleben: Das Resonanzzentrum Peter Roth ist nur f\u00fcnf Gehminuten entfernt und l\u00e4dt zu einer faszinierenden Klangreise ein. Sportbegeisterte finden in Unterwasser eine Tennis-, Boulder- und Badmintonhalle. Weitere Ausflugsziele wie die Klangschmiede in Alt St. Johann, das Curlingzentrum in Wildhaus oder das Reka-Hallenbad bieten zus\u00e4tzliche Abwechslung und Unterhaltung. Das Haus kann sowohl als Selbstkocherhaus als auch mit einem Cateringangebot gemietet werden.</div>", "url": "https://bergundbett.ch/gruppenhaeuser/", "image": "https://ttpimtsoch.sos-ch-dk-2.exoscale-cdn.com/catalog/5/1/0/6/51065ba618a0bef80e6ba2fdb463622f4b2874be_20250402_JENNYHAUS_232_Bearbeitet__2.jpg", "openstreetmap_id": "way/222401732"}, "geometry": {"type": "Point", "coordinates": ["9.334794801457827", "47.18926745"]}}, {"type": "Feature", "properties": {"identifier": "e3713931-6018-4068-b8f5-a478a856b246", "name": "Gasthaus zum Sch\u00e4fli", "url": "https://www.schaeflisepp.ch/", "image": "https://ttpimtsoch.sos-ch-dk-2.exoscale-cdn.com/catalog/e/d/6/3/ed63c0616a72578552fd5ccc7879bc0ec0ee8aad_20250116_114059.jpg", "openstreetmap_id": "way/222237509"}, "geometry": {"type": "Point", "coordinates": ["9.283800345257692", "47.1943987"]}}, {"type": "Feature", "properties": {"identifier": "e3a0bafc-657d-4335-968a-a7b43857768d", "name": "Klangwelt Toggenburg", "description": "Wir bieten einzigartige Erlebnisse in Klangkursen, auf dem Klangweg, bei Festivals und Konzerten, in der Klangschmiede und im Klanghaus am Schwendisee. Die qualitativ hochstehenden Angebote richten sich an Laien, Hobby-Musikanten, Berufsmusiker, Geniesser, Familien oder an Personen, die sich eine neue Klangwelt er\u00f6ffnen m\u00f6chten.\n\nDer Klangweg\nKlangwandern Sie auf dem einzigartigen Erlebnisweg!\n\u00dcber 25 Klanginstallationen freuen sich entdeckt und bespielt zu werden.  Lassen Sie beim \u00abR\u00f6hrophon\u00bb mit Flipflops eine Melodie ert\u00f6nen, erleben Sie verschiedene Schellen- und Glockent\u00f6ne bei der \u00abGlockenb\u00fchne\u00bb oder bringen Sie Wasser durch Reibung zum Springen beim \u00abH\u00fcpfwasser\u00bb. Die vielen Klanginstallationen bieten Spass f\u00fcr Gross und Klein. Der Klangweg erstreckt sich \u00fcber mehrere Etappen von der Alp Sellamatt \u00fcber Iltios bis ins Oberdorf und ist bequem mit den Bergbahnen erreichbar. Das perfekte Familienerlebnis wird von vielz\u00e4hligen Grillstellen, Bergrestaurants, Spielpl\u00e4tzen und der unvergleichlich authentischen Bergidylle des Toggenburgs garantiert.\n\nDie Klangschmiede\nIn der 2011 er\u00f6ffneten Werkstatt und Gesch\u00e4ftsstelle der Klangwelt Toggenburg wird das Kunsthandwerk des Schmiedens von Schellen und anderen Klangk\u00f6rpern gezeigt und vermittelt. Die Klangschmiede ist ein interaktives Erlebnishaus mit verschiedenen Themenr\u00e4umen.\n\nTauchen Sie ein in die Themen Weltall, Fauna und Flora, Naturtonmusik und Brauchtum. Und erfahren Sie mehr \u00fcber Klangph\u00e4nomene oder Heilung durch Klang. Ausprobieren und Experimentieren ist ausdr\u00fccklich erw\u00fcnscht.\n\nKlangkurse\nTauchen Sie ein in die Kl\u00e4nge der Tradition, ins Heim- und Fernweh, in eine atemberaubende Lautsph\u00e4re zwischen den Churfirsten und dem Alpstein. Bekannte Musikpers\u00f6nlichkeiten und hochkar\u00e4tige Kursleitende bieten ein breites Angebot an Wissensvermittlung und Kulturerlebnis f\u00fcr neugierige Laien und anspruchsvolle Musiker.\n\nDas Klangfestival\nSeit 2004 treffen sich alle zwei Jahre Stimmen aus aller Welt am Klangfestival Toggenburg. Dann jeweils wird die Propstei in Alt St. Johann zum Epizentrum des Naturklangs. Hier, im Tal gelebter Tradition, treffen Musikerinnen und Musiker, S\u00e4ngerinnen und S\u00e4nger aus nah und fern aufeinander.\n\nAn weiteren Konzerten \u00fcber das Jahr verteilt haben verschiedenste K\u00fcnstlerinnen und K\u00fcnstler die M\u00f6glichkeit, im Toggenburg aufzutreten.\n\nDas Klanghaus\nDas Klanghaus wird ab Mai 2025 der wichtigste Ort der Klangwelt Toggenburg werden: ein einmaliger Anziehungspunkt inmitten der Natur f\u00fcr Proben, Aufnahmen, Kurse, f\u00fcr Forschung und Experiment, mit einer exzellenten Akustik und professionellen Aufnahmem\u00f6glichkeiten.", "url": "http://www.klangwelt.ch", "image": "https://ttpimtsoch.sos-ch-dk-2.exoscale-cdn.com/catalog/7/e/0/0/7e007517f164f273de9b657d6b4f0d1b611e6a98_Klanghaus_Cover_1024_online.jpg", "openstreetmap_id": "node/9926283273"}, "geometry": {"type": "Point", "coordinates": ["9.27900552749634", "47.19344167004296"]}}, {"type": "Feature", "properties": {"identifier": "e41bb8b9-a378-4806-8098-1c335f67a7cb", "name": "Kutschenfahrten M\u00fcller", "description": "Willkommen bei M\u00fcllers Kutschenfahrten.\n\nErleben Sie die Sch\u00f6nheit von Wattwil, Ebnat-Kappel und Krummenau in exklusiver Atmosph\u00e4re. Wir bieten Kutschenfahrten f\u00fcr Gruppen jeder Gr\u00f6sse an. Rufen Sie uns an, wir beraten Sie gerne.", "image": "https://ttpimtsoch.sos-ch-dk-2.exoscale-cdn.com/catalog/c/d/b/6/cdb65904949f63754258279b018b7c6dbaa1076f_IMG_0188.JPG", "openstreetmap_id": "way/281751560"}, "geometry": {"type": "Point", "coordinates": ["9.112739800000003", "47.271621499999995"]}}, {"type": "Feature", "properties": {"identifier": "e42a2f95-f558-42f7-b822-76e65c266161", "name": "Die 4 U - Unterricht, Ueli, Untertor, Untergang", "description": "<p>An der Schlacht bei Lobositz am 1. Oktober 1756 nahm auch der Schweizer S&ouml;ldner Ulrich (<strong>Ueli</strong>) Br&auml;ker teil. In seiner Biografie beschrieb er das Erlebte eindr&uuml;cklich. Gottlieb Duttweiler kombinierte <strong>Unterricht </strong>mit Unterhaltung, ein Erfolgsmodell, welches in vielen &ouml;ffentlichen Schulen &uuml;bernommen wurde. Der Strukturwandel traf Lichtensteig hart. Der beinahe <strong>Untergang </strong>brachte jedoch auch viele Chancen. 1828 wurde das <strong>Untertor </strong>abgebrochen. Wegen der Kosten gab es Protest, viele Bewohner f&uuml;hlten sich &uuml;bergangen.</p><p><strong>Ap&eacute;ro<br></strong>Zur stimmigen Abrundung kommt ein feiner Ap&eacute;ro vor oder nach der F&uuml;hrung sehr gut an - unser Spezialangebot f&uuml;r St&auml;dtlif&uuml;hrungsgruppen finden Sie&nbsp; <a href=\"https://toggenburg.swiss/files/_OpenFrontend/websites/toggenburg.swiss/objects/pdf_download/ap%C3%A9ro_angebote_lichtensteig.pdf\" target=\"_blank\" rel=\"noopener\">hier.</a>&nbsp;</p>", "image": "https://ttpimtsoch.sos-ch-dk-2.exoscale-cdn.com/catalog/4/4/8/6/4486a21b5c06bf48a56262189560289453f20a3d_1KLASS_1.JPG"}, "geometry": {"type": "Point", "coordinates": ["9.08724367618561", "47.32347241941527"]}}, {"type": "Feature", "properties": {"identifier": "e5729b0a-95bc-4e8d-a65e-ec22c361edc2", "name": "Gondelbahn Gampl\u00fct", "image": "https://ttpimtsoch.sos-ch-dk-2.exoscale-cdn.com/catalog/a/e/0/6/ae06e8827b60dc7510c4be501269cb543edb0448_TT_2022_Familie_Gampl__t_Wildhaus_002.jpg"}}, {"type": "Feature", "properties": {"identifier": "e5a3aeb8-270d-4498-b003-6141186aa172", "name": "Abderhalden Drogerie AG", "description": "Heute stellt die Abderhalden Drogerie rund 500 Produkte selbst her. Sie werden mit R\u00fcckblick auf bew\u00e4hrte, traditionelle Rezepturen erstellt, wobei auf neue, wissenschaftliche Erkenntnisse schnell reagiert werden kann. ", "url": "https://abderhaldendrogerie.ch/", "image": "https://ttpimtsoch.sos-ch-dk-2.exoscale-cdn.com/catalog/f/4/0/9/f40968479106245a9da4dbd9f2fbeba4f37235e5_Drogerie_Abderhalden_Wattwil.jpg", "openstreetmap_id": "node/2342240610"}, "geometry": {"type": "Point", "coordinates": ["9.0866448", "47.3004792"]}}, {"type": "Feature", "properties": {"identifier": "e5d8a14b-b2cf-4658-8144-cfab75a4fde8", "name": "Jost B\u00fcrgi-F\u00fchrung", "description": "<p>Jost B&uuml;rgi (1552 - 1632) war ein genialer Astronom, Mathematiker, Instrumentenbauer und Uhrmacher. Er geh&ouml;rt zu den bedeutensten Pers&ouml;nlichkeiten in seinen Fachgebieten. B&uuml;rgi schenkte der Welt die Sekunde und ist auch Entdecker eines Sternes am Firmament, der seinen Namen bekam. Symbolisch finden wir den B&uuml;rgistern als goldenen Stern in der Altstadt, dieser soll uns an das Universalgenie erinnern.</p><p>Das Universalgenie Jost B&uuml;rgi wurde im St&auml;dtli Lichtensteig geboren und ist nach einem reicherf&uuml;llten Leben in Kassel gestorben. Er wirkte in Kassel am F&uuml;rstenhof Wilhelm IV. und in Prag am Kaiserhof Rudolf II. und kam durch seine grosse Schaffenskraft zu h&ouml;chsten Ehren. Obwohl B&uuml;rgi nie eine Universit&auml;t besuchte, hat er das Universum neu geordnet. Der geniale Mathematiker baute nebst Uhren und Messinstrumente auch einzigartige Himmelsgloben. Nachdem Papst Gregor XIII. 1582 den Kalender samt Schalttag reformiert hatte, dauerte es nur vier Jahre bis B&uuml;rgi das erste mechanische System entwickelte, das die neue Zeitrechnung ber&uuml;cksichtigte. So baute er f&uuml;r Rudolf II. - Kaiser des Heiligen R&ouml;mischen Reiches in Prag - einen Himmelsglobus, der die Schaltjahre anzeigte.</p><p><strong>Ap&eacute;ro<br></strong>Zur stimmigen Abrundung kommt ein feiner Ap&eacute;ro vor oder nach der F&uuml;hrung sehr gut an - unser Spezialangebot f&uuml;r St&auml;dtlif&uuml;hrungsgruppen finden Sie&nbsp; <a href=\"https://toggenburg.swiss/files/_OpenFrontend/websites/toggenburg.swiss/objects/pdf_download/ap%C3%A9ro_angebote_lichtensteig.pdf\" target=\"_blank\" rel=\"noopener\">hier.</a>&nbsp;</p><p>&nbsp;</p>", "image": "https://ttpimtsoch.sos-ch-dk-2.exoscale-cdn.com/catalog/6/f/b/8/6fb863003f0511d6389a263cd777f044f2099b6a_IMG_20251103_111703.jpg"}}, {"type": "Feature", "properties": {"identifier": "e6532349-7431-4f52-8a2d-9c2ab47e3eba", "name": "Ski- und Clubhaus Pfungen", "description": "<p>Das Haus befindet sich im Toggenburg auf 1050 m \u00fc. M., in einem sch\u00f6nen Ski- und Wandergebiet, direkt an der Skipiste des Skilifts Tanzboden, mit Blick auf das S\u00e4ntis-Massiv. Seit 1948 dient es dem Ski-Club Pfungen als Vereinshaus. \u00a0<br>Der gem\u00fctliche Aufenthalts- und Speiseraum bietet Platz f\u00fcr etwa 20 Personen. \u00a0<br>Die K\u00fcche ist praktisch eingerichtet und gross. \u00a0<br>Im Keller sind gen\u00fcgend Abstell- und Lagerm\u00f6glichkeiten vorhanden. \u00a0<br>Sch\u00f6ne, gem\u00fctliche Schlafr\u00e4ume in verschiedenen Gr\u00f6ssen: \u00a0<br>1 \u00d7 6er-Zimmer (Kaj\u00fctbetten) \u00a0<br>1 \u00d7 8er-Zimmer (Kaj\u00fctbetten und Massenlager) \u00a0<br>1 \u00d7 12er-Massenlager \u00a0<br>1 \u00d7 Leiterst\u00fcbli (4er-Zimmer) mit Tisch und St\u00fchlen, 2 Kaj\u00fctbetten und 2 Einzelbetten \u00a0<br>Waschr\u00e4ume: je einer f\u00fcr Damen und Herren. \u00a0<br>WC: je 2 f\u00fcr Damen und Herren. \u00a0<br>Dusche: je eine f\u00fcr Damen und Herren.</p>", "url": "https://www.sc-pfungen.ch/", "image": "https://ttpimtsoch.sos-ch-dk-2.exoscale-cdn.com/catalog/b/c/f/9/bcf97281c43b06635aef2fdc566662f70b71e83d_Pfungen_3.jpg", "openstreetmap_id": "node/2810121952"}, "geometry": {"type": "Point", "coordinates": ["9.11277", "47.24676"]}}, {"type": "Feature", "properties": {"identifier": "e6b4a1d1-0d50-490c-a0e4-b00a672ee956", "name": "Kafi-Egge Pluspunkt", "description": "Gem\u00fctlich Kaffee trinken und einander begegnen. Der Dorfladen Pluspunkt mitten in M\u00fchlr\u00fcti verf\u00fcgt \u00fcber eine kleine Kaffee-Ecke. Ge\u00f6ffnet w\u00e4hrend der Laden\u00f6ffnungszeiten.", "image": "https://ttpimtsoch.sos-ch-dk-2.exoscale-cdn.com/catalog/a/4/7/6/a4766a3c21d9bbaba61a4ea4f14875d0c76c7448_TT_Pluspunkt_M__hlr__ti_01.jpg", "openstreetmap_id": "node/2600460480"}, "geometry": {"type": "Point", "coordinates": ["8.98704", "47.37096"]}}, {"type": "Feature", "properties": {"identifier": "e723ecde-97d6-4de9-a59c-f0df25547bc1", "name": "APODRO Drogerie Wildhaus", "description": "Bei der APODRO Drogerie Wildhaus stehen Natur und gute Beratung im Fokus. Angeboten wird neben klassischen Medikamenten eine grosse Palette an Naturheilmitteln wie Spagyrik, Sch\u00fcssler Salze, Bachbl\u00fcten, Aromatherapie, Hom\u00f6opathie und reine Phytotherapie wie Tee und Urtinkturen. Dabei stehen individuell auf die Kundschaft abgestimmte Mischungen stets im Vordergrund. Das Drogeriesortiment wird mit einem auserlesenen Angebot an Nahrungserg\u00e4nzungsmitteln, Kosmetik und Boutique Artikeln abgerundet. In Kombination mit biologischen Reformprodukten ergibt dies eine wunderbare Synergie.", "url": "https://www.apodro.ch/", "image": "https://ttpimtsoch.sos-ch-dk-2.exoscale-cdn.com/catalog/a/3/7/2/a37240c2687b34c11ac38e827b4e5761e89f5e9c_APODRO_Drogerie_Wildhaus.jpg", "openstreetmap_id": "node/248973324"}, "geometry": {"type": "Point", "coordinates": ["9.3399366", "47.201513"]}}, {"type": "Feature", "properties": {"identifier": "e7e1cbf6-cfea-4409-8b44-caa572fc53ae", "name": "Klangspur powered by Foxtrail", "description": "<p>L&ouml;sen Sie knifflige und abwechslungsreiche R&auml;tsel auf der Klangspur durch Alt St. Johann. Beim rund einst&uuml;ndigen Abenteuer r&auml;tseln, knobeln und kombinieren Sie im Team und erleben &Uuml;berraschendes und Unerwartetes. Eine Schnitzeljagd, die Sie in bester Erinnerung behalten werden. Bitte buchen Sie einige Tage im Voraus online den Termin. Kurzfristige Buchungen k&ouml;nnen nicht garantiert werden und m&uuml;ssen telefonisch angefragt werden. Der Start ist in der Klangschmiede Alt St. Johann, Parkpl&auml;tze hinter der Raiffeisenbank (ca. 10 Minuten Fussweg).</p><p>&nbsp;</p><p>Auskunft zur Zug&auml;nglichkeit: <a href=\"https://www.ginto.guide/entries/b9e22bf0-8888-4917-9da4-ef803b686604?lnk_src=business\" target=\"_blank\" rel=\"noopener\">ginto</a></p>", "url": "https://klangwelt.ch/angebote/gruppenangebote/klangspur-powered-by-foxtrail", "image": "https://ttpimtsoch.sos-ch-dk-2.exoscale-cdn.com/catalog/a/0/c/c/a0cc4df6c7a9291468013774cf534f023e03b6ed_Klangspur_Foxtrail_2_Gruppenangebot_Klangwelt_Toggenburg.jpg", "openstreetmap_id": "node/1083115186"}, "geometry": {"type": "Point", "coordinates": ["9.27897870540619", "47.193419883716835"]}}, {"type": "Feature", "properties": {"identifier": "e80cbd4d-5e42-49d7-ad9f-ac2041630448", "name": "Grillplatz Ijental, Nesslau", "description": "Die Feuerstelle nach Schweizer-Familie-Standard ist eine von schweizweit \u00fcber 500, die sich bestens f\u00fcr die Wanderverpflegung aus dem Rucksack oder f\u00fcr einen Tagesausflug eignet. Sie ist mit zwei Grillrosten, verf\u00fcgbarem Brennholz und Sitzgelegenheiten gut eingerichtet. Sie l\u00e4sst sich in gut einer Stunde ab Bergstation Rietbach auf der Wolzenalp erreichen und befindet sich am Klimaerlebnisweg Toggenburg. Idyllisch bettet sie sich in die Moorlandschaft ein, lauschig an einem kleinen See gelegen.\n\nKinderwagentauglich: ja (von Nesslau via Schneit), Holz: ja, Trinkwasser: nein, WC: ja, Kapazit\u00e4t: ca. 20\n", "image": "https://ttpimtsoch.sos-ch-dk-2.exoscale-cdn.com/catalog/a/a/e/5/aae5e3cb1af8d0b32a63c676bb61822c55e35bb4_DJI_0007.JPG", "openstreetmap_id": "node/3912935087"}, "geometry": {"type": "Point", "coordinates": ["9.16873", "47.20912"]}}, {"type": "Feature", "properties": {"identifier": "e81a458b-2303-4034-a48a-7fe5d6546a81", "name": "Restaurant National", "description": "M\u00f6glichkeit f\u00fcr Sitzungen, Anl\u00e4sse bis max. 35 Personen. Frische, regionale Produkte. Gem\u00fctliche Zimmer, mit Dusche und WC auf Etage, kein Fernseher, daf\u00fcr Erholung pur.", "url": "http://www.national-wattwil.ch/", "image": "https://ttpimtsoch.sos-ch-dk-2.exoscale-cdn.com/catalog/b/3/6/a/b36a2fd4227a634409dadab4e52315bc6c673379_2020_Wattwil_25.jpg", "openstreetmap_id": "node/3859151164"}, "geometry": {"type": "Point", "coordinates": ["9.0870704", "47.3007668"]}}, {"type": "Feature", "properties": {"identifier": "e8e07bcd-fd33-4808-b13d-5b1112670214", "name": "Mehrzweckgeb\u00e4ude Chuchitobel", "image": "https://ttpimtsoch.sos-ch-dk-2.exoscale-cdn.com/catalog/4/4/6/f/446fe689e707b3b7fcdb80e3bfeafc34dbbcacee_DSC00032.JPG", "openstreetmap_id": "223856667"}, "geometry": {"type": "Point", "coordinates": ["9.351854324340822", "47.204718948207436"]}}, {"type": "Feature", "properties": {"identifier": "e9c8f50d-337a-4b53-be00-e81dcd061a99", "name": "Restaurant R\u00f6ssli H\u00fcsliberg", "description": "Ein k\u00f6stliches Abendessen, ein herzhafter Coupe oder einfach nur ein bisschen verweilen. Und dies alles bei einer wundersch\u00f6nen Aussicht. Geniessen Sie den  Blick vom Schindelberg, \u00fcber die sieben Churfirsten und den Speer, bis zum Ricken. Unser Restaurant bietet eine neue Sonnenterasse, eine Veranda, sowie auch den Restaurantbereich. F\u00fcr Vereine, Gesellschaften oder Hochzeiten bietet sich unser Saal mit Platz f\u00fcr bis zu 100 Personen optimal an. Ob f\u00fcrs geniessen auf der Terrasse oder auch gem\u00fctlich hinterm Haus unter dem Kirschbaum. Egal ob entspannte Sonntagsausfl\u00fcge, oder auch Wandertage, f\u00fcr jeden ist was dabei. \nDie Kinder k\u00f6nnen sich auf dem frisch renovierten Spielplatz nach Herzenslust austoben. Dabei haben die Eltern sie immer im Blick und k\u00f6nnen einen Kaffee unterm Kirschbaum geniessen.\nUnser sch\u00f6nes Restaurant ist in wenigen Minuten von Ebnat-Kappel her mit dem Auto oder T\u00f6ff zu erreichen, sowie auch \u00fcber s\u00e4mtliche Wander- und Bikerouten. \nUnser Team verw\u00f6hnt Sie gerne mit einheimischer und saisonaler K\u00fcche. Von Cordonbleues-Pommes \u00fcber Fitnessteller, oder kleineren Speisen, bis hin zu Schlorzifladen. Jeder wird f\u00fcndig. \nWir freuen und auf Ihren Besuch.", "url": "https://www.roessli-huesliberg.ch", "image": "https://ttpimtsoch.sos-ch-dk-2.exoscale-cdn.com/catalog/9/6/f/7/96f75b1c248ea99da2131bef44a5d55be5533b92_WhatsApp_Bild_2025_09_19_um_15.22.38_e56383d2.jpg", "openstreetmap_id": "node/2859106508"}, "geometry": {"type": "Point", "coordinates": ["9.132492542266847", "47.27229195025512"]}}, {"type": "Feature", "properties": {"identifier": "ea5e2c37-de76-446c-a852-e49a20a8ef09", "name": "BnB Alpenblick", "description": "<p>Im 10 km von Wil entfernten L&uuml;tisburg bietet Ihnen das BnB Alpenblick eine sch&ouml;ne Sonnenterrasse sowie einen h&uuml;bschen Garten. Das WLAN im gesamten Geb&auml;ude und die Privatparkpl&auml;tze am Haus nutzen Sie kostenfrei. Die Zimmer verf&uuml;gen &uuml;ber einen Sitzbereich mit einem Flachbild-Kabel-TV. Geniessen Sie das reichhaltige, leckere Fr&uuml;hst&uuml;ck mit nat&uuml;rlichen Produkten. Das n&auml;chste Restaurant und ein Lebensmittelgesch&auml;ft befinden sich 600 m entfernt. St. Gallen erreichen Sie mit dem Auto nach 30 Minuten. Der Bahnhof L&uuml;tisburg befindet sich 2,5 km und die Bushaltestelle 200 m von der Unterkunft entfernt. Infrastruktur f&uuml;r Zweir&auml;der: - Steckdose f&uuml;r Ladeger&auml;t E-Bike - Veloraum.</p><p>&nbsp;</p><p><span data-teams=\"true\">Auskunft zur Zug&auml;nglichkeit: <a id=\"menurdvq\" class=\"fui-Link ___1q1shib f2hkw1w f3rmtva f1ewtqcl fyind8e f1k6fduh f1w7gpdv fk6fouc fjoy568 figsok6 f1s184ao f1mk8lai fnbmjn9 f1o700av f13mvf36 f1cmlufx f9n3di6 f1ids18y f1tx3yz7 f1deo86v f1eh06m1 f1iescvh fhgqx19 f1olyrje f1p93eir f1nev41a f1h8hb77 f1lqvz6u f10aw75t fsle3fq f17ae5zn\" href=\"https://www.ginto.guide/entries/1f506cf9-0416-433e-b973-06be0699591c?lnk_src=business\" target=\"_blank\" rel=\"noopener\" aria-label=\"Link OK:GO\">ginto</a></span></p>", "url": "https://bnb-alpenblick.business.site", "image": "https://ttpimtsoch.sos-ch-dk-2.exoscale-cdn.com/catalog/4/d/2/7/4d27de6cdc667988b4e17d8908da0f80eb57e07a_Dreier_Z_Hauptbild__2.jpg", "openstreetmap_id": "node/2384619564"}, "geometry": {"type": "Point", "coordinates": ["9.084014", "47.397894"]}}, {"type": "Feature", "properties": {"identifier": "eacbec32-2d5e-4285-89d9-08d1dc93c69f", "name": "Toggenburger Brothandwerk Wildhaus", "description": "<p>Tradition, Genuss, Handwerk und manchmal etwas verr&uuml;ckte Zutaten. Entdecken Sie die Welt des echten Toggenburger Brothandwerks! In unserer Backstube verbinden wir traditionelle Rezepte mit regionalen Zutaten und moderner Handwerkskunst. Besucherinnen und Besucher k&ouml;nnen bei F&uuml;hrungen, Backkursen und Degustationen hautnah erleben, wie aus Mehl, Wasser und Leidenschaft ein unvergleichlicher Brotgenuss entsteht. Ein authentisches Erlebnis f&uuml;r Feinschmecker, Familien und Kulturinteressierte &ndash; mitten im Herzen des Toggenburgs.</p>", "url": "https://brothandwerk.ch", "image": "https://ttpimtsoch.sos-ch-dk-2.exoscale-cdn.com/catalog/a/1/3/c/a13c298c2d7e1cd462a8959d6ba0565fe801e253_IMG_8836.jpg", "openstreetmap_id": "way/223857167"}, "geometry": {"type": "Point", "coordinates": ["9.3445284", "47.2022145"]}}, {"type": "Feature", "properties": {"identifier": "ebd0c2a5-6fdc-4670-a857-fce28504d1a0", "name": "Schererei", "description": "Angebote Haus Schererei\n\nLaden:\nSie finden auf rund 140m2 Verkaufsfl\u00e4che nebst einmaligen Originalbildern ein grosses Sortiment von Scherenschnitt-, Geschenks- und Gebrauchsartikel. \n\nF\u00fchrungen:\nPlanen Sie einen Vereinsausflug, Gruppenevent, Firmenanlass oder eine Familienfeier mit einem besonderen Erlebnis?\nEine F\u00fchrung durch die \"Schererei\" mit Pr\u00e4sentation des Kunsthandwerks ist immer interessant und eine Reise nach Mosnang wert.\n\nKurse: \nIn der Schererei finden immer wieder Kurse nach Vorlagen oder mit eigener Zeichnung statt. \n\nSilhouetten schneiden:\nDie Kunst von Silhouetten schneiden eignet sich bestens zur Auflockerung Ihres Events. Jolanda Br\u00e4ndle schneiden an Ihrem Anlass in wenigen Minuten Profile Ihrer G\u00e4ste detailgetreu aus schwarzem Papier - dank langj\u00e4hriger Erfahrung, ohne vorzuzeichnen.\n\nVermietung Saal und Parkanlage\nDer Schererei-Saal im 1. Obergeschoss kann gemietet werden und eignet sich ausgezeichnet f\u00fcr Kurse, Partys und andere Anl\u00e4sse. Es stehen 70m2 Saal und zus\u00e4tzlich 32m2 B\u00fchne zur Verf\u00fcgung. \nDer einladende, h\u00fcbsche Park vor der Schererei eignet sich hervorragend f\u00fcr Ap\u00e9ros oder kleinere Veranstaltungen.", "url": "https://www.schererei.ch/", "image": "https://ttpimtsoch.sos-ch-dk-2.exoscale-cdn.com/catalog/6/e/b/2/6eb293a7a5e64092a45ec24383454f3aea9cac73_Aussenansicht.jpg", "openstreetmap_id": "way/301487940"}, "geometry": {"type": "Point", "coordinates": ["9.039115072098214", "47.3627171"]}}, {"type": "Feature", "properties": {"identifier": "ec43829d-772d-42de-8e32-251d5fb0d468", "name": "Unterwasser, Iltios", "image": "https://ttpimtsoch.sos-ch-dk-2.exoscale-cdn.com/catalog/1/a/b/9/1ab9f65016f42ae112ea6c489988f913cff844f4_Screenshot_2025_11_14_165128.png", "openstreetmap_id": "node/2081243753"}, "geometry": {"type": "Point", "coordinates": ["9.312238097190859", "47.185286613728024"]}}, {"type": "Feature", "properties": {"identifier": "ee5345f5-49eb-4638-96af-96b459ae6037", "name": "The Turbine Hums \u2013 Mirre Yayla S\u00e9ur", "description": "<p>Beim Kraftwerk Krummenau macht Mirre Yayla S&eacute;ur das Zusammenspiel von Energie, Zeit und Ver&auml;nderung erlebbar: Uranglas-Skulpturen fangen Licht ein und reagieren auf UV-Strahlen, w&auml;hrend subtil erg&auml;nzte Lichtinterventionen die Struktur des Kraftwerks, die Felsen und das Wasser in ein neues Licht r&uuml;cken &ndash; ein stiller Dialog zwischen Natur und Technik.</p>", "url": "https://thurundneckerweg.ch", "image": "https://ttpimtsoch.sos-ch-dk-2.exoscale-cdn.com/catalog/e/3/5/6/e356e1b677db9375652e775ae83ded9424c1270d_HST_3153.jpg", "openstreetmap_id": "node/13615006611"}, "geometry": {"type": "Point", "coordinates": ["9.164778", "47.249250"]}}, {"type": "Feature", "properties": {"identifier": "ee77f805-7ade-4742-be1c-352716b3e10e", "name": "Krimi-F\u00fchrung", "description": "<p>W&auml;hrend der F&uuml;hrung besuchen Sie die verschiedenen Schaupl&auml;tze des in Lichtensteig handelnden Krimis und h&ouml;ren spannende Anekdoten und Geschichten dazu.&nbsp;</p><p><strong>Ap&eacute;ro<br></strong>Zur stimmigen Abrundung kommt ein feiner Ap&eacute;ro vor oder nach der F&uuml;hrung sehr gut an - unser Spezialangebot f&uuml;r St&auml;dtlif&uuml;hrungsgruppen finden Sie&nbsp; <a href=\"https://toggenburg.swiss/files/_OpenFrontend/websites/toggenburg.swiss/objects/pdf_download/ap%C3%A9ro_angebote_lichtensteig.pdf\" target=\"_blank\" rel=\"noopener\">hier.</a>&nbsp;</p>", "image": "https://ttpimtsoch.sos-ch-dk-2.exoscale-cdn.com/catalog/3/e/9/f/3e9f3dc86728032099bbfed4925a6f616cd883ca_Sascha_Erni___Lo__wen_2.jpeg"}, "geometry": {"type": "Point", "coordinates": ["9.08725440502167", "47.323461509067094"]}}, {"type": "Feature", "properties": {"identifier": "f0dc78df-b70a-4a58-9049-bece1ed96897", "name": "Grillplatz Stropfgarten", "description": "Auf dem letzten Drittel vom Chnobelweg B\u00e4chli ist der Platz mitten im Wald und gut gesch\u00fctzt vor der Sonne zu finden.\n\nEin grosser Tisch mit zwei B\u00e4nken, eine grosse Grillstelle mit Rost und Holz stehen zur Verf\u00fcgung. \n\nEine perfekter Ort um sich zu st\u00e4rken, damit die letzten R\u00e4tsel mit \"Chnobeln\" schnell gel\u00f6st sind. ", "url": "https://hemberg-tourismus.ch/", "image": "https://ttpimtsoch.sos-ch-dk-2.exoscale-cdn.com/catalog/0/0/d/2/00d26e1634f5ef21456520325225c7db2f3745d6_Grill_Stropfgarten_Knobelweg2.jpg", "openstreetmap_id": "node/1882913441"}, "geometry": {"type": "Point", "coordinates": ["9.203084", "47.313843"]}}, {"type": "Feature", "properties": {"identifier": "f3a3ac7a-efaf-414d-8d42-7ec7f871bdff", "name": "Loipenkafi S\u00e4ntisloipe", "description": "<p>Freiwillige Helfer und Mitglieder unseres Vereins sind (fast) t&auml;glich f&uuml;r dich vor Ort. Sie servieren dir gerne ein warmes Getr&auml;nk, ein Glas Wein, ein k&uuml;hles Bier. Wolldecken sind vorhanden. Nat&uuml;rlich sind auch Nicht-Langl&auml;ufer herzlich willkommen. Wir f&uuml;hren eine grosse Auswahl an kalten und warmen Getr&auml;nken. Auch f&uuml;r eine kleine Verpflegung ist gesorgt &ndash; zum Beispiel hausgemachter&sbquo; Schlorzifladen vom nahegelegenen Bauernhof. Jeden Winter bieten wir an ausgew&auml;hlten Wochenenden bei sch&ouml;nem Wetter Suppe mit Wienerli an.</p>", "image": "https://ttpimtsoch.sos-ch-dk-2.exoscale-cdn.com/catalog/7/1/3/e/713ea1e6f2715c17fe6db3d91bc78090a555528e_loipenkafi_aussen1800x100_50.jpg", "openstreetmap_id": "node/2130961167"}, "geometry": {"type": "Point", "coordinates": ["9.23628866672516", "47.24417361147864"]}}, {"type": "Feature", "properties": {"identifier": "f4c24e03-e6f0-4b81-a8ec-de90811c6502", "name": "Campingplatz Schafbergblick", "description": "<p>Unser Campingplatz bietet 64 Ganzjahrespl&auml;tze, 10 Winterstandpl&auml;tze und eine grosse Zeltwiese. Ein gem&uuml;tliches Beizli und ein einladender Aufenthaltsraum sorgen f&uuml;r das Wohl unserer G&auml;ste.</p><p>&nbsp;</p><p>Auskunft zur Zug&auml;nglichkeit:&nbsp;<a href=\"https://www.ginto.guide/entries/58cb6fe4-0dc2-4672-a523-61f6c5d8dd32?lnk_src=business\" target=\"_blank\" rel=\"noopener\">ginto</a></p>", "url": "http://www.schafbergblick.ch/", "image": "https://ttpimtsoch.sos-ch-dk-2.exoscale-cdn.com/catalog/d/6/4/f/d64f3d840209c3c2c5ce42f28047dcce61e5e15e_DJI_0033.JPG", "openstreetmap_id": "node/414879499"}, "geometry": {"type": "Point", "coordinates": ["9.360909499999934", "47.2001869"]}}, {"type": "Feature", "properties": {"identifier": "f4d4d8fb-3560-4159-a74e-534903a99467", "name": "Ferienhaus Undereggli", "description": "INNENBEREICH\n\nDas gem\u00fctlich eingerichtete 4 Zimmerhaus Undereggli erstreckt sich \u00fcber 2 Etagen. Im Erdgeschoss befindet sich neben dem grossz\u00fcgigen Eingang der Wohnraum mit einem Speicherofen und angrenzend eine grossz\u00fcgige K\u00fcche. Weiter hat es ein Badezimmer mit Dusche, Badewanne und Waschmaschine. Im Obergeschoss finden Sie ein separates WC, zwei Doppelzimmer und ein Wohnzimmer mit ausziehbarer Couch.\n\nAUSSENBEREICH\nMitten in der Landwirtschaftszone stehen verschiedene m\u00f6blierte Sitzpl\u00e4tze mit wunderbarer Weitsicht auf S\u00e4ntis, Stockberg, Churfirsten und Speergebiet zur Verf\u00fcgung.", "image": "https://ttpimtsoch.sos-ch-dk-2.exoscale-cdn.com/catalog/c/4/9/f/c49f5e199a83a6fdd31f78de3ef95c7def73db4e_a7ca3cb5d3f0974af2b6ecb620a549415a1aa3de_image.jpg", "openstreetmap_id": "node/2091089033"}, "geometry": {"type": "Point", "coordinates": ["9.198608720464183", "47.240642884066"]}}, {"type": "Feature", "properties": {"identifier": "f56f2ac6-bf2e-4d02-83a3-810fc3d576e6", "name": "Klanghaus Toggenburg", "description": "<p>Die R&auml;ume des Klanghauses sind wie ein Instrument gebaut und bieten den Besuchenden die M&ouml;glichkeit, den Klang und seine Resonanzen auf besondere Weise zu erleben. Zwei Aussenb&uuml;hnen laden zu Konzerten und Musikexperimenten unter freiem Himmel am Schwendisee ein. Mit seiner einzigartigen Akustik wird das Klanghaus sowohl Besucherinnen und Besucher als auch Musizierende aus nah und fern begeistern und als Ort f&uuml;r Konzerte, Kurse, Proben, Workshops.</p><p><br><strong>&Ouml;ffnungszeiten&nbsp;</strong><br>Die &Ouml;ffnungszeiten des Klanghauses richten sich nach dem Programm und den verschiedenen Veranstaltungen.</p><p><strong>Das Klanghaus erleben</strong><br>Das Klanghaus ist im Rahmen von F&uuml;hrungen, Konzerten und Kursen zug&auml;nglich. Der Besuch im Innenbereich ist in der Regel an eine Teilnahme an diesen Angeboten gebunden. F&uuml;hrungen &ndash; das zentrale Erlebnis Das Klanghaus aus n&auml;chster N&auml;he entdecken</p><p>&bull; &Ouml;ffentliche F&uuml;hrungen finden jeweils am Sonntagnachmittag statt <br>&bull; Begrenzte Teilnehmendenzahl (25 Personen) f&uuml;r ein intensives Erlebnis <br>&bull; Voranmeldung empfohlen, da die Pl&auml;tze schnell ausgebucht sind</p><p><strong>Spontan vorbeischauen</strong> <br>Auch ohne F&uuml;hrung lohnt sich ein Besuch: Das Klanghaus ist wundersch&ouml;n in die Landschaft eingebettet und kann von aussen frei besichtigt werden &ndash; ideal f&uuml;r einen Spaziergang.</p>", "url": "https://klangwelt.ch", "image": "https://ttpimtsoch.sos-ch-dk-2.exoscale-cdn.com/catalog/d/1/3/e/d13e6df42c4dea304b35f7c9d2730553aa7552e6_KWT_Klanghaus_Cover_1024_small.jpg", "openstreetmap_id": "way/1068618149"}, "geometry": {"type": "Point", "coordinates": ["9.3353568", "47.1956423"]}}, {"type": "Feature", "properties": {"identifier": "f5d3af54-a294-4e2c-b353-62a3c55b55bd", "name": "Kino Passerelle", "description": "Die Gru\u0308ndung der Genossenschaft Kino Passerelle ist dabei auf eine mutige Initiative aus den Reihen des ehemaligen Cine\u0301-Clubs zuru\u0308ckzufu\u0308hren. Nach der Schliessung des bisherigen &quot;Kino Speer&quot; 1987 konnte so mit der breiten Unterstu\u0308tzung der Bevo\u0308lkerung wieder ein Kino im Toggenburg seine Tu\u0308ren o\u0308ffnen.\n\nIm November 2002 konnten ein zweiter Saal und eine Kinobar ero\u0308ffnet werden. Da sich die Kinobranche in den letzten Jahren in einer starken Umbruchsphase befindet, sind auch im Kino Passerelle diverse Schritte unternommen worden, um die Zukunft zu sichern. Die Beschaffung der herko\u0308mmlichen 35mm-Filme gestaltete sich zunehmend als schwierig, weshalb 2012 die bisherigen Projektoren durch moderne Digitalprojektoren ersetzt wurden. \n\nAm 3. September 2016 konnte das Kino Passerelle schlussendlich auch eine komplett neue Saalbestuhlung der O\u0308ffentlichkeit pra\u0308sentieren. In Anwesenheit des Regisseurs Xavier Koller wurde \u201eDie Reise der Hoffnung\u201c gezeigt \u2013 der gleiche Film, der am 17. November 1990 als erster Film im Kino Passerelle vorgefu\u0308hrt worden war.\n\nDie Auswahl der Filme gestalten wir sehr bewusst und sehr vielfa\u0308ltig. Uns liegen kulturelle Studio- und Arthouse-Filme ebenso am Herzen wie anspruchsvolle Dokumentarfilme, regionales und schweizerisches Filmschaffen und Familienfilme. Durch verschiedene Spezialanla\u0308sse, auch in Zusammenarbeit mit anderen regionalen Institutionen, mo\u0308chten wir unserem Publikum ausserdem bestimmte Themen bewusst und auf attraktive Weise na\u0308herbringen.\n\nDurch eine lokale Verankerung, ein u\u0308berlegtes Filmprogramm und eine perso\u0308nliche Na\u0308he zu unseren Ga\u0308sten und Genossenschafter:innen mo\u0308chten wir so unserem Publikum das Tor zur weiten Welt des Films offenhalten.\n\nHinweis: Grosser Saal ist rollstuhlg\u00e4ngig; rollstuhlgerechte Toilette ist vorhanden.", "url": "http://kinopasserelle.ch", "image": "https://ttpimtsoch.sos-ch-dk-2.exoscale-cdn.com/catalog/2/f/0/0/2f006e19b41939c3b485689770f11e259fbcb74f_HUG_0510.png", "openstreetmap_id": "node/82951557"}, "geometry": {"type": "Point", "coordinates": ["9.08898", "47.29702"]}}, {"type": "Feature", "properties": {"identifier": "f9306689-f765-4542-a95e-6391956f1a0d", "name": "Cafe Thurbeck Nesslau", "description": "Mit Stolz und grosser Leidenschaft sorgt das Thurbeck Team, das von Roger und Rahel Wichser gef\u00fchrt wird seit 2013 f\u00fcr Dein Genuss. Dich tagt\u00e4glich mit unseren frischen K\u00f6stlichkeiten gl\u00fccklich zu machen, ist unser oberstes Ziel. Wir beliefern Firmenkunden, st\u00e4rken Sch\u00fcler sowie Angestellte von regionalen Unternehmen mit unserem Zn\u00fcni-Service, organisieren Deinen Ap\u00e9ro oder bedienen Dich mit grosser Freude in unserem Ladenlokal in Wattwil. NACHHALTIGKEIT und REGIONALIT\u00c4T wird bei uns grossgeschrieben. So verarbeiten wir ausschliesslich nat\u00fcrliche und gesunde Rohstoffe aus dem Toggenburg und verzichten auf chemische Zusatzstoffe. Als innovatives Team entwickeln wir uns stetig weiter und erachten Kundenw\u00fcnsche als wertvollen Input.", "url": "https://www.thurbeck.ch/", "image": "https://ttpimtsoch.sos-ch-dk-2.exoscale-cdn.com/catalog/a/7/6/c/a76c477ed06a1d5bec5ad872b9a20c672236c16a_FA9ED693_5C6C_4E2E_B6B4_61ADE92D2C61.jpeg", "openstreetmap_id": "node/6942861807"}, "geometry": {"type": "Point", "coordinates": ["9.199265506107833", "47.2257206"]}}, {"type": "Feature", "properties": {"identifier": "fa1c2d69-bab3-479f-af44-fe5458a37f62", "name": "Ursula's B&B", "description": "<div>Ursula&rsquo;s B&amp;B ist ein charmantes Bed &amp; Breakfast im Neckertal mit einem G&auml;stezimmer &ndash; ideal f&uuml;r alle, die eine pers&ouml;nliche, ruhige und naturnahe Unterkunft im Toggenburg suchen. G&auml;ste geniessen eine sch&ouml;ne Aussicht auf die sanften H&uuml;gel des Neckertals, w&auml;hrend Wanderwege und Velorouten direkt vor der Haust&uuml;re beginnen. Zentral gelegen zwischen Bodensee, Z&uuml;richsee und Walensee ist das B&amp;B der perfekte Ausgangspunkt f&uuml;r Wanderferien in der Schweiz, Ausfl&uuml;ge zu den Churfirsten, in den Alpstein mit dem S&auml;ntis sowie f&uuml;r Tagestrips ins nahe Deutschland, &Ouml;sterreich oder Liechtenstein.</div>", "url": "https://www.toggenburg-ferien.com", "image": "https://ttpimtsoch.sos-ch-dk-2.exoscale-cdn.com/catalog/1/d/5/4/1d54ed46107bfb72eeb8d5de025ce8374f41e467_BNB_B__chli__Schlafzimmer__6_.jpg", "openstreetmap_id": "way/177886142"}, "geometry": {"type": "Point", "coordinates": ["9.1933638", "47.3046261"]}}, {"type": "Feature", "properties": {"identifier": "faa680df-0fea-4c3d-a965-2282b75176bf", "name": "Kalberhalle Lichtensteig", "description": "Bereits 1469 hatte Abt Ulrich R\u00f6sch an der Stelle des heutigen Rathauses ein Kornhaus errichtet. 200 Jahre sp\u00e4ter wurde dieses abgebrochen. Auf dem gleichen Areal - am Abschluss der oberen Hauptgasse - entstand 1682 bis 1692 die Landvogtei, wobei die Parterrer\u00e4ume auch weiterhin dem Kornmarkt dienten. 1810 wurde die Landvogtei katholisches Pfarr- und Schulhaus. Nach dem Bau der neuen parit\u00e4tischen Kirche 1868 und dem darauf erfolgen Domizilwechsel des Pfarrers verlegte die Stadtverwaltung ihren Sitz vom \"Alten Rathaus\" an der Hintergasse hierher. Mit dem Verkauf an die politische Gemeinde 1868 und der Funktions\u00e4nderung fanden wiederum entscheidende Umgestaltungen statt. So hatte u.a. der Kornmarkt dem K\u00e4lbermarkt Platz zu machen, und im ersten Stock entstand eine Wirtschaft. 1952 kam es erneut zu einer Renovation. Dabei wurde der auf der westlichen Seite des Rathauses gelegene \"Freihof\", eines der \u00e4ltesten H\u00e4user Lichtensteigs, abgebrochen und eine neue Markthalle erstellt. Bei dieser Gelegenheit wurde auf der Nordseite die steinerne Freitreppe erbaut, die seither in das 1. Obergeschoss f\u00fchrt. \n\n2017 wurde die Kalberhalle einer umfassenden Sanierung unterzogen, so dass sie heute als attraktiver Veranstaltungsort mit besonderem Charme angeboten werden kann.", "url": "https://www.kalberhalle.ch/", "image": "https://ttpimtsoch.sos-ch-dk-2.exoscale-cdn.com/catalog/8/7/b/e/87be84cc0a849e32f3b0ad189b4a8a58afd72f47_aussenansicht.jpg", "openstreetmap_id": "way/518295674"}, "geometry": {"type": "Point", "coordinates": ["9.087125658988954", "47.32346100957683"]}}, {"type": "Feature", "properties": {"identifier": "fb6ab962-790a-484f-be30-a3d32ce292be", "name": "Espel Pavillon", "description": "Direkt bei der Talstation der St\u00f6feli Bahn wurde 2017 der Espel Pavillon errichtet. Genau wie bei den vorherigen Projekten, dem Gipfelrestaurant und der St\u00f6feli Bahn, wurde das Architekturb\u00fcro Herzog & de Meuron f\u00fcr die Gestaltung beauftragt.\n\nDurch seinen rechteckigen Holzbau mit dem kurzen First ist der Pavillon im Landschaftsbild eingebettet und behauptet sich als eigener Bautypus, wo First und Fassade einen originellen Zusammenhang darstellen. Die Verwandtschaft zum Gipfelgeb\u00e4ude ist dank der Holzfassade gut erkennbar.\n\nMit seiner grossz\u00fcgigen Sonnenterrasse l\u00e4dt er zum Verweilen ein und bietet den G\u00e4sten Platz, Toggenburger Spezialit\u00e4ten direkt am Pistenrand zu geniessen. In der gem\u00fctlichen Gaststube bestehen weitere Pl\u00e4tze f\u00fcr das Entspannen und Geniessen an kalten und st\u00fcrmischen Wintertagen zur Verf\u00fcgung.", "url": "https://www.chaeserrugg.ch/de", "image": "https://ttpimtsoch.sos-ch-dk-2.exoscale-cdn.com/catalog/3/5/2/3/3523f40683799ef293287bd77fdd7f43ec993703_Bild_6_1K4A4347_Espel.JPG", "openstreetmap_id": "node/197929401"}, "geometry": {"type": "Point", "coordinates": ["9.320333003997805", "47.1842732038149"]}}, {"type": "Feature", "properties": {"identifier": "fc6cd66a-1b85-453e-9df7-3e73ac3d12b6", "name": "Naturb\u00fchne Hohenrain", "description": "<p>Aus heimischem Holz gefertigt, liegt diese Plattform entlang des Thur- und Neckerwegs frei im Landschaftsraum. Sie schafft eine klare, einfache Fl&auml;che im Freien &ndash; offen f&uuml;r das, was entstehen will.<br><br>Die B&uuml;hne kann spontan genutzt oder reserviert werden. Ob allein, zu zweit oder in einer kleinen Gruppe &ndash; hier entsteht Raum f&uuml;r Austausch, f&uuml;r Proben oder Trainings, Kurse und Workshops, kleine Vorf&uuml;hrungen oder f&uuml;r Team-Meetings &laquo;mal anders&raquo;. Die Naturb&uuml;hne bietet einen besonderen Rahmen f&uuml;r gemeinsame Momente in neuer Umgebung. Alternativ dient sie als Platz f&uuml;rs Picknick oder den Lunch am Mittag.</p>", "url": "https://thurundneckerweg.ch", "image": "https://ttpimtsoch.sos-ch-dk-2.exoscale-cdn.com/catalog/f/3/3/1/f331c639b424ea69c0f5b71aba9549f8dbaa7e37_Neckertagl_Hohenrain.jpg", "openstreetmap_id": "node/10311584386"}, "geometry": {"type": "Point", "coordinates": ["9.126694", "47.352194"]}}, {"type": "Feature", "properties": {"identifier": "ff87469d-1d47-41ff-b2ee-6655f11cb24c", "name": "Wohnmobil-Stellplatz Parkplatz Wolzenalp", "description": "Der Stellplatz befindet sich mitten im ruhigen Dorf Krummenau mit idealer Ausgangslage f\u00fcr Ausfl\u00fcge in die Natur der Ferienregion Toggenburg. G\u00e4ste \u00fcbernachten am Ufer der Thur auf dem grossz\u00fcgigen, ganztags besonnten Parkplatz, nur einen Steinwurf entfernt zur Talstation der Bergbahn, die bequem ins Naturerlebnis Wolzenalp bef\u00f6rdert. Zum Dorfzentrum (Restaurants, \u00f6V und kleine Einkaufsm\u00f6glichkeit) sind es wenige Gehminuten.\nDer Stellplatz kommt vorerst ohne weitere Infrastuktur aus und eignet sich ideal f\u00fcr spontane G\u00e4ste und Weiterreisende. Der Stellplatz steht ganzj\u00e4hrig zur Verf\u00fcgung.\n\nEin Stellplatz wird ausschliesslich bequem online vor Ort gebucht.", "url": "http://www.wolzenalp.ch", "image": "https://ttpimtsoch.sos-ch-dk-2.exoscale-cdn.com/catalog/7/7/1/4/7714f322d3ad8c8c13a6625bd167fac502a0d9bf_Stellplatz_Handyfoto.jpg", "openstreetmap_id": "node/8890479454"}, "geometry": {"type": "Point", "coordinates": ["9.16994", "47.24632"]}}]}