id;name;disambiguatingDescription;description;longitude;latitude;streetAddress;postalCode;addressLocality;telephone;email;url;image;dateModified00a73240-b8d0-4ed9-80af-87cc16f101ad;Café-Bar Bahnhof Unterwasser;Ankommen, verweilen und weiterreisen. Gäste von nah und fern geniessen lokale Produkte, Sandwiches, Crêpes, Kaffee und erfrischende Cocktails im Bahnhof Unterwasser;Kaffee und Frühstück, heisse Sandwiches und erfrischende Cocktails: Die Café-Bar im neuen Bahnhof Unterwasser ist täglich, freitags und samstags bis Mitternacht, geöffnet und bietet den perfekten Ort, um zusammen zu kommen.

Die Café-Bar befindet sich im Bahnhof Unterwasser, entworfen von den Weltklasse Architekten Herzog & de Meuron, und bietet sowohl drinnen als auch draussen Plätze zum Verweilen. Die Café-Bar grenzt direkt an die Halle, in welcher die neue Standseilbahn in Unterwasser einfährt. Zusätzlich lassen sich hier auch Spezialitäten aus der Region finden und beispielsweise Käse als Mitbringsel mit nach Hause nehmen.;9.309121370315554;47.194764931669525;Frühweidstrasse 8;9657;Unterwasser;+41719986810;info@toggenburgbergbahnen.ch;https://www.chaeserrugg.ch/de/cafe-bar-bahnhof-unterwasser;[{'@type': 'ImageObject', 'contentUrl': 'https://ttpimtsoch.sos-ch-dk-2.exoscale-cdn.com/catalog/2/c/3/a/2c3a7daf5503d6f1f5cb5dddf967ba9769009d99_web_241219_Bahnhof_Iltios_Selektion_8.jpg'}];2026-08-19T14:30:39+02:00
00fe3962-9dfd-4bc7-acf4-20d33d7c0b85;Genossenschaft Stadtufer;In Lichtensteig an der Thur befindet sich die Genossenschaft Stadtufer. Die aktuell rund 180 Mitglieder nutzen rund 8‘000 qm Fabrikareal. Etappenweise wird die ehemalige Spinnerei zu einem zukunftsweisenden Wohn-, Arbeits- und Kulturraum entwickelt.;Auf dem Areal befinden sich Werkstätten, Ateliers, Musik- und Sporträume mit attraktiven Angeboten. Das Herzstück des Gebäudes bildet das „Foyer“ mit einem Veranstaltungsraum für bis zu 200 Personen. Zukünftig entsteht hier Wohnraum für eine diverse Mieterschaft. 

Hier am Ufer der Thur wurde in diesem Gebäude die erste mechanische Spinnerei des Toggenburgs gegründet. Der Kopfbau der Fabrik wurde 1819 erbaut und gilt als schützenswertes Kulturobjekt. 1863 wurde dieser Teil erstmals erweitert. 1955 entstand der heutige Mittel- und Nordbau. In den besten Zeiten der Textilfabrik arbeiteten hier 320 Menschen.

2017 schloss die Fein-Elast Grabher AG in Lichtensteig ihre Tore. Die Gemeinde und der Kanton unterstützten daraufhin die partizipative Entwicklung einer nachhaltigen Lösung. Aus diesem Prozess entstand die Genossenschaft Stadtufer. Zusammen mit vielen öffentlichen und privaten Unterstützer*innen konnte die Genossenschaft die Fabrik im Januar 2021 kaufen. Die Stiftung Edith Maryon, deren Ziel es ist, Bodenspekulation zu verhindern, übergab der Genossenschaft das Baurecht für 90 Jahre.;9.085101;47.323253;Stadtbrücke 3;9620;Lichtensteig;0766045247;info@stadtufer.ch;https://www.stadtufer.ch/;[{'@type': 'ImageObject', 'contentUrl': 'https://ttpimtsoch.sos-ch-dk-2.exoscale-cdn.com/catalog/8/4/e/6/84e67f8950fbedf53036b320dc0612b6a6561b95_DJI_0371_Pano.jpg'}];2026-03-16T19:28:58+01:00
0123985d-c254-4481-a7fb-0cc5659be44f;ChääsWelt Toggenburg;Kulinarische Erlebnisse im Toggenburg;Mit über 200 verschiedenen Käsesorten ist das Toggenburg die vielfältigste Käseregion im Alpenraum. Die ChääsWelt Toggenburg macht diese Vielfalt mit verschiedenen kulinarischen Angeboten erlebbar. 

Ob auf dem FoodTrail - der genussvollen Schnitzeljagd, bei einer Käsereiführung, einem Wurstkurs oder einem Backkurs in der Backstube oder einer Käsedegustation mit Käsesommelier - die kulinarische Vielfalt ist vielseitig erlebbar. Im 24-Stunden-Shop in Lichtensteig können Sie rund um die Uhr typische Toggenburger Kulinarik einkaufen.

Buchen Sie jetzt Ihr genussvolles Erlebnis im Toggenburg.;9.08787;47.32408;Postgasse 1;9620;Lichtensteig;071 552 00 09;info@chaeswelt.ch;https://chaeswelt.ch/de/;[{'@type': 'ImageObject', 'contentUrl': 'https://ttpimtsoch.sos-ch-dk-2.exoscale-cdn.com/catalog/7/b/a/5/7ba5d2c695578a3660eb2029b81756b5c3cb2319_Bild_Entdeckungsreise.jpg'}];2026-01-29T09:06:23+01:00
013a7b90-4749-42c2-84e1-61989352fa03;Sessel-/Gondelbahn Alt St. Johann – Sellamatt;Die Sessel-/Gondelbahn in Alt St. Johann führt mit einer Kombination aus Sesseln und Gondeln auf die Alp Sellamatt.;<p>Mit der Kuppelbare Umlaufbahn mit 4er Sesseln und 4er Gondeln gelangen Sie auf die Alp Sellamatt, welche Ausganspunkt f&uuml;r den Klangweg und den Toggenburger Sagenweg ist. Die Alp Sellamatt bietet einen herrlichem Panoramablick auf Churfirsten, S&auml;ntis und Alpstein.</p><p>&nbsp;</p><p>Auskunft zur Zug&auml;nglichkeit:&nbsp;<a href="https://www.ginto.guide/entries/203dddcc-16b3-45ff-9f0a-111371092156?lnk_src=business" target="_blank" rel="noopener">ginto</a></p>;9.287152;47.193229;Ochsenwis 418;9656;Alt St. Johann;+41 71 998 68 10;info@chaeserrugg.ch;https://www.chaeserrugg.ch/de;[{'@type': 'ImageObject', 'contentUrl': 'https://ttpimtsoch.sos-ch-dk-2.exoscale-cdn.com/catalog/9/4/4/c/944cb8530c2f0df72b2d967e9e5c7af3649b4720__I6A6188.jpg'}];2026-05-13T09:04:25+02:00
0417e454-794c-42ef-954e-7e65b4efa2bd;Alpkäserei Gamplüt;Willkommen auf der Alp Gamplüt im Toggenburg.;Mit viel Liebe und handwerklichem Können stellen wir Alpkäse in unserer eigenen Käserei her.;9.344427287578585;47.21196041275878;Gamplüt;9658;Wildhaus;079 580 81 71 / 079 569 89 71;info@alpkaeserei-gampluet.ch;https://alpkaeserei-gampluet.ch;[{'@type': 'ImageObject', 'contentUrl': 'https://ttpimtsoch.sos-ch-dk-2.exoscale-cdn.com/catalog/c/a/5/d/ca5dba0c5dc6a7b58c910a95bb257f5d1bd7a395_AKGT_Outdoor_DSC07183_web.jpg'}];2026-07-15T09:54:28+02:00
04ba3f8e-37ee-468c-b0eb-42feb4a404cf;Neststube;Am Freitag, 1. Mai, hat im Bergnest Wildhaus an der Hauptstrasse 99 die Neststube eröffnet – ein kleines, gemütliches Bistro für Hausgäste sowie für Einheimische und Besucher aus der Region.;<div><p>Am Freitag, 1. Mai, hat im Bergnest Wildhaus an der Hauptstrasse 99 die Neststube er&ouml;ffnet &ndash; ein kleines, gem&uuml;tliches Bistro f&uuml;r Hausg&auml;ste sowie f&uuml;r Einheimische und Besucher aus der Region.</p><p>Die Neststube steht f&uuml;r Einfachheit, Herzlichkeit und eine entspannte Atmosph&auml;re. Angeboten werden Kaffeespezialit&auml;ten, Getr&auml;nke, s&uuml;sse Backwaren, Patisserie sowie kleine Snacks (hausgemachte Flammkuchen und Hot Panini). Zudem wartet eine Glacetruhe mit mindestens 14 Sorten im Offenverkauf.</p><p>Besonders am Nachmittag und zum Feierabend l&auml;dt das Bistro zum Verweilen bei Kaffee, Ap&eacute;ro oder Feierabendbier ein. Die Gastgeber starten bewusst mit einem &uuml;berschaubaren Angebot, das Schritt f&uuml;r Schritt weiter ausgebaut wird.</p><p>Mit der Neststube entsteht ein neuer Treffpunkt im Dorf &ndash; offen f&uuml;r alle, unkompliziert und mit viel Herz gef&uuml;hrt.</p></div>;9.3411086;47.2018357;Hauptstrasse 99;9658;Wildhaus;+41766209658;info@bergnest-wildhaus.ch;https://www.bergnest-wildhaus.ch;[{'@type': 'ImageObject', 'contentUrl': 'https://ttpimtsoch.sos-ch-dk-2.exoscale-cdn.com/catalog/a/a/e/1/aae1cbd7e733910af46f980c0ea913d423c21188_tempImagewvim3N.jpg'}];2026-06-03T20:32:04+02:00
04f3e90b-821c-476c-bfbe-70c67a67ec62;Hotel Swiss Views;Entspannen Sie sich und geniessen Sie die atemberaubende Aussicht auf die Berge von Ihrem Aufenthaltsort aus. Swiss Views ist nicht nur der Name, es ist wirklich ein Naturerlebnis in Ruhe, das Sie während Ihres Aufenthalts bei uns erleben können.;Die neu definierte Gastfreundschaft, Spass und Abenteuer und die Spezialitätenküche kombiniert mit Getränken sind die besten Schweizer Aussichten, die Sie nirgendwo anders erleben können.

Swiss Views bietet eine unübertroffene Komfortzone mit allen erforderlichen Annehmlichkeiten, um Ihren Aufenthalt angenehm und unvergesslich zu machen.

In unserem Hotel finden Sie einen elegant eingerichteten Speisesaal, der bis zu 70 Gästen Platz bietet und mit einem beruhigenden Ambiente und einem malerischen Blick nach draussen besticht. Unsere Auswahl an exotischen indischen und europäischen Gerichten lässt Ihren Gaumen eine ganz neue Geschmackswelt erleben. Für ausgewählte Anlässe steht auch ein Essbereich im Garten zur Verfügung.

Bei uns finden Sie verschiedene Übernachtungsmöglichkeiten. Über eine Wohnung, ein Deluxe-Doppelzimmer, Doppelzimmer und Einzelzimmer. Mit eigener Dusche oder einem Gemeinschaftsbad.

In unserem Seminarraum Säntis können Sie Ihren Geburtstag, Ihr Firmenmeeting oder Ihr Seminar abhalten. 

Wir freuen uns über Ihren Besuch. ;9.17594425957066;47.30147445;Dreiegglistrasse 10/12;9633 ;Hemberg;+41 71 377 10 87;info@swiss-views.ch;https://www.swiss-views.ch;[{'@type': 'ImageObject', 'contentUrl': 'https://ttpimtsoch.sos-ch-dk-2.exoscale-cdn.com/catalog/b/5/4/f/b54f09435710f374a5c055aa00e03a0eb6fc4773_Aussenansicht_2.jpg', 'caption': {'de': 'Aussenansicht'}}];2026-01-08T16:10:25+01:00
08241695-18a0-489f-9f9f-a0a4a52df766;Minigolf Wattwil;Die Minigolfanlage Wattwil direkt zwischen Sportanlage Rietwis und Schwimmbad bietet Freizeitspass für Gross und Klein. Und seit diesem Jahr präsentiert sie sich im komplett neuen Kleid.
Die Minigolfanlage umfasst 18 Bahnen (betoniert, System Bogoni) und ist turniertauglich. Schläger und Bälle werden an der Kasse abgegeben. Ein Schläger berechtigt zu einem Parcoursrundgang. Weitere Rundgänge müssen bei der Kasse gelöst werden.

Auch für Behinderte geeignet, verfügt allerdings über keine Behinderten-Toilette.;9.0925;47.29442;Rietwisstrasse 14a;9630;Wattwil;+41793326957;roger.meier2@wattwil.ch;https://frezeit-wattwil.ch;[{'@type': 'ImageObject', 'contentUrl': 'https://ttpimtsoch.sos-ch-dk-2.exoscale-cdn.com/catalog/7/c/9/a/7c9a403b8d97540f117661269c1322f79ad9f600_IMG_20220602_WA0019.jpg'}];2026-05-15T08:56:26+02:00
0b871e64-ea28-4ed3-950d-752a56ed1d38;Architektur-Führungen durch das Klanghaus & Resonanzzentrum Peter Roth;Diese Architekturführung zeigt zwei herausragende Holzbauten von Graber Pulver und Staufer & Hasler, die Ästhetik, Akustik und Handwerk vereinen und Klang, Raum und Resonanz eindrücklich verbinden.;<p>Die F&uuml;hrung beginnt im Resonanzzentrum Peter Roth, einem Bauwerk, das mit klaren Formen, offener Holzkonstruktion und pr&auml;zise geplanten R&auml;umen die Verbindung von Architektur und Raumresonanz eindr&uuml;cklich sichtbar macht. Anschliessend betreten wir das Klanghaus, ein begehbares Instrument, dessen architektonische Gestaltung und strukturelle Details &ndash; inklusive individuell einstellbarer Klanginstallationen in den Doppelw&auml;nden &ndash; Raum, Proportion und Material in ein einzigartiges Erlebnis von Volumen und Atmosph&auml;re verwandeln. - Einf&uuml;hrung in die architektonische Vision der beiden H&auml;user - Erkundung des Resonanzzentrums &ndash; Raum, Resonanz und Architektur - Wechsel zum Klanghaus &ndash; ein begehbares Instrument - Besondere architektonische Details und deren Wirkung erleben.</p>;9.32976370061891;47.19040528975832;Vordere Schwendistrasse 61;9657;Unterwasser;+41 71 998 50 00;info@klangwelt.ch;https://klangwelt.ch;[{'@type': 'ImageObject', 'contentUrl': 'https://ttpimtsoch.sos-ch-dk-2.exoscale-cdn.com/catalog/b/1/c/7/b1c7d90169cad08e44bfd70ab0a2f1c88c9fee94_sh_klanghaus_25_87920_web__4.jpg'}];2026-07-27T12:01:37+02:00
0bd34929-5259-4058-9e55-e8c57f44dc34;Dorftreff Dicken;Sie suchen eine passende Location für Ihre Veranstaltung? Dann mieten Sie die Mehrzweckanlage im Dicken. 
;Das ehemalige Schulhaus Dicken wird von Vereinen und Einzelpersonen rege genutzt. Es ist als Treffpunkt für Jung und Alt im Dorfleben nicht mehr wegzudenken.

Die Dickler Vereine beleben den Dorftreff Dicken. Ob Bundesfeier,
Chilbi, Gugge-Maskenball, Aufführungen anlässlich verschiedener
Unterhaltungen oder als Lokalität für private Feierlichkeiten – alle
wählen den Dorftreff Dicken als Ort ihrer Veranstaltung.
Unsere Genossenschaft übernimmt die Liegenschaft und betreibt sie
als Dorftreff Dicken.

Auf der Aussenanlage wartet für die Kinder der im 2022 neu erstellte Spielplatz. 

Wir freuen uns, wenn Ihr Anlass bei uns im Dorftreff Dicken stattfindet. ;9.193758472867989;47.33786574818278;Schulstrasse 5;9115;Dicken;071 351 21 54;kontakt@dorftreffdicken.ch;https://www.dorftreffdicken.ch;[{'@type': 'ImageObject', 'contentUrl': 'https://ttpimtsoch.sos-ch-dk-2.exoscale-cdn.com/catalog/c/2/7/d/c27d4d69859acbd76c0017613671eaabae194f4e_DSC_0026.JPG'}];2025-10-10T07:25:56+02:00
0d800862-8200-40dc-b1e4-6b442b38785c;Toggenburger Brothandwerk Neu St. Johann;Wir sind eine kleine Handwerkliche Bäckerei. Wir lieben Brot in all seinen Formen und Farben. Wir möchten unsere Kreationen mit der ganzen Welt teilen.;Das Toggenburger Brothanderk bietet neben den Klassischen Broten wie Ruchbrot mit Bergweizenmehl oder Roggenbrote auch ein Sommerzeit und ein Winterzeit Sortiment an.
Da ist bestimmt für jeden etwas dabei. Gerne darf man vor Ort Degustieren.

Buttergipfel, Kernenbrötchen, Frische Sandwiches und Hauseigene Spezialitäten sind natürlich auch vorhanden.;9.194065332412722;47.230048788893384;Toggenburgerstrasse 22;9652;Neu St. Johann;0792495992;info@brothandwerk.ch;https://www.brothandwerk.ch;[{'@type': 'ImageObject', 'contentUrl': 'https://ttpimtsoch.sos-ch-dk-2.exoscale-cdn.com/catalog/3/2/9/d/329d67df99d284e218ee0bcda5c0fcd03978cc30_qms3inn3.jpeg'}];2026-01-07T16:51:43+01:00
0d93e052-2a03-4bac-bfa0-efe110d6f5e6;Grillplatz Rossegg;9.3408195;47.2126822;Wildhaus;[{'@type': 'ImageObject', 'contentUrl': 'https://ttpimtsoch.sos-ch-dk-2.exoscale-cdn.com/catalog/7/1/8/b/718b7a8fb2edfd670800f3d71fed88bac0ee7580_IMG_3383.jpeg'}];2025-12-19T15:39:35+01:00
130a2eed-c701-4e31-89da-0f09dcb9e746;Bed and Breakfast Winzenberg;Nach einem liebevoll gestalteten Umbau, bei dem das Traditionelle mit dem Modernen verbunden wurde, ist vor sechs Jahren dieses Gästehaus mit 3 Panoramazimmern und Gemeinschaftsraum entstanden.
;Das Haus ist für Familien mit Kindern genauso geeignet wie für jemanden, der etwas Ruhe und ein spezielles Ambiente sucht.

Schnell ist man auf dem Winzenberg (von Zürich ca. 45 Min, von St. Gallen ca. 30 Min) und doch fühlt man sich hier in einer anderen Welt…
In authentischer landwirtschaftlicher Umgebung, nahe der wilden Flusslandschaften der Necker und der Thur, in denen man wunderbar baden kann, finden Sie hier viel Weitsicht. Ganz gleich, ob Sie zu Fuss oder mit dem Velo unterwegs sind (das Haus liegt an der E-Bike Herzroute und an einer sehr beliebten Velo- und Töff-Panoramaroute).

Die Wege und Pfade in der Umgebung sind noch nicht ganz so ausgetreten und die nahen Flüsse und Wasserfälle wildromantisch und schön. Die unzähligen Wanderwege führen Sie an viele verträumte Orte, zu alten Ruinen und kleinen Beizen und sind auch im Winter, mit oder ohne Schneeschuhe, immer eine Reise wert!

Im Winter lockt eine verträumte unverdorbene Schneelandschaft, oft mit Sicht auf das Nebelmeer. Schlittelwege (Köbelisberg, Hemberg) und viele einfache Skilifte (Gähwil, Mosnang, Oberhelfentschwil) finden Sie in der Nähe.;9.1178562;47.3949482;Winzenberg 2;9604;Lütisburg;+41 71 931 35 66;bamejodi@bluewin.ch;https://bnbwinzenberg.ch/;[{'@type': 'ImageObject', 'contentUrl': 'https://ttpimtsoch.sos-ch-dk-2.exoscale-cdn.com/catalog/8/e/1/7/8e1791bce7b4d6189b613218b3a753e6688ba49f_airbnb_sara_9496.jpg'}];2026-08-02T04:01:14+02:00
1329ad00-ca3a-49b4-b1cc-4a03a98e9549;Prosterei - Event- und Degustationsraum;Die Prosterei ist ein Ort für genussvolle Entschleunigung, gesellige Begegnung und köstliche Erlebnisse im Städtli Lichtensteig.;Die Prosterei ist ein Ort für genussvolle Entschleunigung, gesellige Begegnung und köstliche Erlebnisse im Städtli Lichtensteig.

Annen Wein und der Mini.Bierladen sind eure Gastgeberinnen Wein und Bier auf Augenhöhe in herzlicher Kooperation.

Die Prosterei ist für gemeinsame Degustationen, private Apéros & Anlässe sowie öffentliche Events für euch und eure Lieben gedacht.;9.08725;47.3228052;Hauptgasse 32;9620;Lichtensteig;+41797550712;info@minibierladen.ch;https://www.minibierladen.ch;[{'@type': 'ImageObject', 'contentUrl': 'https://ttpimtsoch.sos-ch-dk-2.exoscale-cdn.com/catalog/4/2/4/5/424564c7979034e26dda51190294f5386651383a_Feed_Prosterei_dein_Ap__ro.png'}];2026-08-24T08:30:36+02:00
145d3464-5585-4a04-af43-90e9944f3378;Circularity Trail Lichtensteig;Höher. Weiter. Schneller. Mehr. Willkommen in unserer heutigen Gesellschaft. Doch entspricht dieser Modus auch unserer inneren Natur? Glücklich und erfüllt leben geht anders. Und das wissen wir auch – eigentlich.;<p><span style="background-color: rgb(255, 255, 255); color: rgb(54, 54, 54);">Der Circularity Trail möchte dazu inspirieren, wieder mehr in Einklang mit der Natur zu leben und das eigene Leben kreislaufbasierter auszurichten. Alles zu ihrer Zeit. Denn jede Zeit hat ihren ganz besonderen Wert, ihre eigene Kraft.</span></p><p></p><p><span style="background-color: rgb(255, 255, 255); color: rgb(54, 54, 54);">Die verschiedenen Stationen des Trails sind im Stadtgebiet Lichtensteig verteilt. An den jeweiligen Orten findest du jeweils ein Täfelchen mit QR-Code, welches den entsprechenden Audiofile für dich bereithält. Die Standorte knüpfen dabei an bestehende Orte und Projekte im Kontext von Mini.Stadt Lichtensteig an und sind thematisch darauf abgestimmt. </span></p><p></p><p><span style="background-color: rgb(255, 255, 255); color: rgb(54, 54, 54);">Die einzelnen Audiofiles bieten unterschiedliche Zugänge zu Circularity &amp; Kreislaufprinzip und zeichnen in ihrer Gesamtheit ein perspektivenreiches Bild zum Themenbereich Circular Society/Living.</span></p><p></p><p>Weitere Informationen zum Circularity Trail gibt es <a href="https://www.lichtensteig.ch/circularitytrail" rel="noopener noreferrer" target="_blank">hier</a>. </p><p></p><p></p>;9.087045192718508;47.32369757432914;9620;Lichtensteig;+41 58 228 23 99;info@lichtensteig.sg.ch;https://www.lichtensteig.ch/circularitytrail;[{'@type': 'ImageObject', 'contentUrl': 'https://ttpimtsoch.sos-ch-dk-2.exoscale-cdn.com/catalog/a/0/7/f/a07f13a072d614a7dcf6e1175c834184c62e6443_circularity_trail.webp'}];2025-12-19T15:40:51+01:00
14eedca0-71cd-4dbb-b0a9-b75a314cd9d4;Kreative Tee- und Kaffeestube Tee&Mee;Tee&amp;Mee ist die etwas andere Art Tee und Kaffee zu geniessen. Durch das Shop in Shop System kann jeder Besucher nicht nur die Vielfalt des Tees kennenlernen, sondern auch die Geschenksideen von über 20 kreativen Ausstellern aus der Region bewundern.;In stilvollem Ambiente können Sie bei uns im Toggenburg den &quot;Afternoon Tee&quot; geniessen. Leckeres Gebäck wie Cupcakes, Brownies, Cookies und mehr erwartet Sie bei Tee&amp;Mee. 
Suchen Sie Ruhe oder eine kleine Auszeit in kreativer Umgebung, dann sind sie bei uns gut aufgehoben.;9.073756600000001;47.361558349999996;Landstasse 29;9606;Bütschwil;079 271 82 40;eveline.rueegg@teeundmee.ch;https://teeundmee.ch;[{'@type': 'ImageObject', 'contentUrl': 'https://ttpimtsoch.sos-ch-dk-2.exoscale-cdn.com/catalog/3/b/9/6/3b96b230dacb5ed11ede7aca95b64cf809a8a16b_IMG_2975__2.jpeg'}];2026-07-26T04:01:15+02:00
150c658f-eea7-41fc-8da0-3ddf3c7905a4;Markthalle Toggenburg;Die Markthalle Toggenburg in Wattwil kann sehr vielseitig genutzt werden und ist die Veranstaltungslokalität mit dem gewissen Etwas in der Ostschweiz.;In der Markthalle Toggenburg in Wattwil findet eine Vielzahl von verschiedenen Anlässe statt – von wöchentlichen Viehmärkten, Auktionen und Viehausstellungen über Gewerbeausstellungen und grosse Generalversammlungen, bis zu Party- und Sportanlässen, Auto-Treffen und vieles mehr. 

Die Markthalle bietet eine grosszügige Halle (25 x 45 m), ein Restaurant, eine Tribüne, eine moderne Küche und Büro-Räumlichkeiten. 

Kapazität: bis 2000 Personen
;9.090671539306642;47.29346425022494;Austrasse 21;9630;Wattwil;+41 71 985 03 35;info@markthalle-toggenburg.ch;https://www.markthalle-toggenburg.ch/;[{'@type': 'ImageObject', 'contentUrl': 'https://ttpimtsoch.sos-ch-dk-2.exoscale-cdn.com/catalog/1/b/4/5/1b4575b7c190da37bddc86f6cfbcb369e1c0b92e_markthalle_toggenburg_in_wattwil_04__2_.jpg'}];2026-01-10T03:36:34+01:00
1579bd33-9490-4625-bc5d-b2b8d3234158;Stall Morgenstern;Aktivitäten und Erlebnisse rund ums Pferd für Kinder und Erwachsene. Individuelle Angebote gerne auf Anfrage.;Unser Stall bietet verschiedene Aktivitäten rund ums Pferd an. Wanderungen mit unseren gut ausgebildeten Ponys für Erwachsene und Kinder. Ausritte und Bodenarbeit sowie individuelle Angebote für Kinder. Neu ab Februar 2026: Mondschein- und Vollmondwanderungen mit unseren Ponys mit Zwischenverpflegung.;9.203985214135175;47.20683978288342;Seuzach-Laad 1055;9650;Nesslau;+41795800156;horsetraining@gmx.ch;https://www.stall-morgenstern.ch;[{'@type': 'ImageObject', 'contentUrl': 'https://ttpimtsoch.sos-ch-dk-2.exoscale-cdn.com/catalog/d/b/1/a/db1aa475a9153687c513b17edf455c3ac221958c_a4b2054f_509a_4231_b1e7_d5af9680bec2__2.jpg'}];2026-02-03T15:25:59+01:00
16186546-1a48-41cc-836d-bd2c1ab74a42;24 Stunden Shop ChääsWelt;Unter den historischen Arkaden im Zentrum Lichtensteigs kannst du rund um die Uhr kulinarische Vielfalt aus dem Toggenburg sowie Bier-Vielfalt aus aller Welt kaufen. Entdecke die kulinarischen Schätze aus dem Toggenburg und nimm die Spezialitäten gleich mit nach Hause.;9.0874804;47.3238851;Hauptgasse 2;9620;Lichtensteig;071 552 00 09;info@chaeswelt.ch;https://chaeswelt.ch/de/;[{'@type': 'ImageObject', 'contentUrl': 'https://ttpimtsoch.sos-ch-dk-2.exoscale-cdn.com/catalog/1/5/e/2/15e2490c7e14111ed46a48d41199a8ca9603fa0d_IMG_20231022_164957.jpg'}];2026-07-02T07:59:44+02:00
1762df3a-7875-415c-b97d-45f071eb45dc;Töshof;Hoflädeli und -beizli;Der Töshof befindet sich an der Siggetschwilstrasse in Brunnadern unweit von Dorf und Bahnhof.
Auf unserem Hof leben zurzeit 50 Freilandhühner, zwölf Capra Grigia Ziegen, zwei Katzen und neun Islandpferde. 
 In unserem kleinen Hoflädeli finden Sie fast alles, was das Herz begehrt; Teigwaren, Konfitüren, Curry Zucchetti, eingemachte Randen, Meringues, Bretzeli, verschiedene Sirup und Töshof Glace in vielen Variationen. Das Hoflädeli versteckt sich hinter zwei Kellerfenstern. Bedienen Sie sich während 24 Stunden an sieben Tagen mit Bezahlung Bar oder auch per Twint. 
Beim Glacekühler steht für Sie eine Sitzgelegenheit zu Verfügung. Nehmen Sie Platz und geniessen Sie eine kleine Auszeit. 
Auf Bestellung stellen wir Ihnen auch gerne verschiedene Geschenktaschen und -Körbe zusammen. Sie bestimmen den Inhalt und den Preis.;9.133469136184416;47.33545785;Siggetschwilstrasse 5;9125;Brunnadern;+41713741679;matthias.naef@bluewin.ch;https://www.toeshof.ch/;[{'@type': 'ImageObject', 'contentUrl': 'https://ttpimtsoch.sos-ch-dk-2.exoscale-cdn.com/catalog/2/d/9/7/2d97b95e7d9ae913efbbe8d305df762c4f050b21_0001_.jpg', 'caption': {'de': 'Logo Töshof'}}];2026-01-26T10:31:12+01:00
19281858-3712-4f9e-bb46-41bda6ccba39;Hotel Wolfensberg;Das Hotel Wolfensberg ist ein idealer Ausgangspunkt für gemütliche Spaziergänge durch Wiesen und Wälder und die unverseherte Natur.;Der Wolfensberg, auf 900 Metern gelegen, bietet die fantastische Kulisse für das Hotel, das von einer eigenen Parkanlage mit Biotop umgeben ist und rundum eine grossartige Aussicht in die voralpine Landschaft bietet. Es ist der idyllische Ausgangspunkt für lauschige Spaziergänge in den umliegenden Wäldern, Wanderungen und Ausflüge. Beispielsweise ins nahe gelegene St.Gallen, dessen Klosterviertel unter UNESCO-Schutz steht, oder ins Appenzellerland mit seinem einzigartigen Alpsteinmassiv.

Infrastruktur für Zweiräder
- Abschliessbare Garage
- Stromanschluss direkt in der Garage
- Werkinstrumente;9.18335795402527;47.37211901527186;Wolfensberg 34;9113;Degersheim;+41 71 370 02 02;info@wolfensberg.ch;http://www.wolfensberg.ch/;[{'@type': 'ImageObject', 'contentUrl': 'https://ttpimtsoch.sos-ch-dk-2.exoscale-cdn.com/catalog/6/0/7/5/6075eaa3bc07b0e9647eea66ad9d76c378a783dd_DSC_5792__3.jpg'}];2026-04-28T07:25:15+02:00
1981eb84-086c-40df-855f-5eeec8f31f8e;Johanneum;Das Johanneum ist Schul-, Ausbildungs- und Wohnort. Es befindet sich auf dem Areal eines ehemaligen Benediktinerklosters. 
Der Toggenburg Gutschein kann in der Gärtnerei, Küche und im Atelier eingelöst werden.

;Wir vermieten Räume im ehemaligen Kloster Neu St. Johann und in unseren Nebengebäuden für Seminare, Familienfeste oder sonstige Veranstaltungen. Unser Raumangebot bietet Platz für öffentliche und private Anlässe. Für Ihren Anlass haben wir den idealen Raum. Alle Räume können nach Ihren Bedürfnissen bestuhlt und ausgestattet werden. Auch für das leibliche Wohl sorgen wir. Das Catering (Verpflegung und Getränke) übernimmt gerne ganz nach ihrem Gusto unsere Gastronomie.

Kapazitäten:
Äbtestube: 40 Personen
Sitzungszimmer Klostergebäude: 20 Personen
Speisesaal: 50 Personen
Mehrzweckraum: 120 Personen
Sitzungszimmer Auhof: 35 Personen
Innenhof Klostergebäude: 150 Personen
Inseli in der Thur: 200 Personen;9.192810058593752;47.22916401695772;Johanneumstrasse 3;9652;Neu St. Johann;071 995 51 51;verwaltung@johanneum.ch;https://www.johanneum.ch/;[{'@type': 'ImageObject', 'contentUrl': 'https://ttpimtsoch.sos-ch-dk-2.exoscale-cdn.com/catalog/d/0/1/7/d0171f5e180a59f9251fbc5a54e771447342cd75_johanneum_2988.jpg'}];2026-05-24T21:50:10+02:00
19b70bef-3933-467c-be55-6b90e403a666;Kägi Glücksshop in Lichtensteig;Herzlich Willkommen im Kägi Glücksshop direkt im Hause Kägi in Lichtensteig (SG). Auf 162 m2 findest du alle Kägi Varietäten, 2.-Wahlprodukte und Geschenkboxen, eine Kaffeebar und weitere attraktive Angebote. Wir freuen uns auf deinen Besuch!;Unser Glücksshop ist auch ein Paradies für Entdecker: Informative Videos zeigen dir einen Blick hinter die Kulissen der Kägi Manufaktur. In unserer kreativen Ecke gestaltest du an iPads deine eigene Kägi fret Verpackung – und druckst alles direkt vor Ort aus.

Unsere Kaffeebar lädt zu einer kleinen Entspannungspause ein. Bei einem Heissgetränk und einem unserer Spezialitäten lässt sich ganz in Ruhe die glückliche Atmosphäre geniessen.;9.085215290277034;47.33037365;Loretostrasse 52;9620;Lichtensteig;+41 71 987 70 10;shop.lichtensteig@kaegi.com;https://www.kaegi.com/fabrikladen;[{'@type': 'ImageObject', 'contentUrl': 'https://ttpimtsoch.sos-ch-dk-2.exoscale-cdn.com/catalog/e/8/7/4/e874ad56264aaca7086ab82c431ca01ddb9300d7_DSC08502.JPG'}];2025-12-19T15:40:51+01:00
19d289f1-4b2e-4fcb-8e12-07d9cf329cf2;Grillplatz Säntiswäldli;Gemütlicher Grillplatz mit kleinem, neu erbautem Spielplatz.;Der Grillplatz Säntiswäldli befindet sich in Unterwasser direkt am Anfang der Schwendistrasse gegenüber der Berg und Bett Säntis Lodge. Die Feuerstelle im kleinen lichten Wäldchen verfügt über einen rechteckigen Rost, der in der Höhe verstellbar ist, einem Holzvorrat und Sitzgelegenheiten auf drei Holzbänken. Dank des neu erbauten Spielplatzes können sich die Kinder im kleinen Seilgarten oder auf der Wippe vergnügen, während die Erwachsenen dem fröhlichen Lachen oder der vorbeiplätschernden Thur zuhören. Ausserdem steht auch das "Mitfahrbänkli" gleich nebenan, wo Sie sich hinsetzen können und warten, bis das nächste vorbeifahrende Auto Sie zu den Schwendiseen mitnimmt.
Kinderwagentauglich: ja, Holz: ja, Trinkwasser: nein, WC: nein, Kapazität: ca. 12;9.31269943714142;47.19602178175681;Frühweidstrasse;9657;Unterwasser;[{'@type': 'ImageObject', 'contentUrl': 'https://ttpimtsoch.sos-ch-dk-2.exoscale-cdn.com/catalog/1/b/0/9/1b0951175d2b297cdbb36a87623b5dda1623445a_IMG_1262.jpg'}];2026-05-16T00:01:54+02:00
19efbcf1-f647-4c85-a61b-78084d3f7c02;Toggenburgshop Wattwil;Einkaufen rund um die Uhr: Toggenburgshop mit regionalen Produkten in Wattwil SG;Der Toggenburgshop ist dein Selbstbedienungsladen in Neu St. Johann, Ebnat-Kappel und Wattwil. Die Läden stehen dir während 24 Stunden am Tag zur Verfügung. Du erhältst im Toggenburgshop viele Produkte für deinen täglichen Bedarf – natürlich möglichst aus dem Toggenburg.;9.0881377;47.2977403;Bahnhofstrasse 22;9630;Wattwil;info@toggenburgshop.ch;https://www.toggenburgshop.ch/;[{'@type': 'ImageObject', 'contentUrl': 'https://ttpimtsoch.sos-ch-dk-2.exoscale-cdn.com/catalog/6/9/9/9/69999b3dd605ff75fa9e58faeeb29a454d281ec4_Toggenburgshop_in_Wattwil__3_.jpg'}];2026-07-02T08:01:43+02:00
1b854f64-ef00-4655-9651-2bb7b442775d;Line Dance Kurs für Feriengäste;Line Dance Kurs  im Hotel Sternen in Unterwasser für Anfänger jeder Altersklasse.
Gemeinsam neue Schritte einüben. Humorvoll und mit Begeisterung Schritt für Schritt den neuen Tanz erlernen.;Mit viel Freude lernen wir einfache Tänze, welche Sie dann auch zu Hause beim nächsten Line Dance Event anwenden können. Einfach in die Linie stehen, mitmachen und dazu gehören.
Inkludierte Leistungen: Line Dance Instruktionen Infos zu Dancesheets und Musik

Teilnehmer: 5 bis 20 Personen
Anmeldung erforderlich (bis zwei Tage vorher) unter: www.crazy-chicken-toggenburg.ch

Erwachsene: CHF 20.00  
Kinder: CHF 7.00
Gruppenpreis für 10 Personen: CHF 180.00
Gruppenpreis für 20 Personen: CHF 350.00


Wichtig: Termin nach Vereinbarung, Kinder nur in Begleitung von Erwachsenen, Barzahlung vor Kursbeginn, Getränke sind am Büffet des Austragungsortes zu beziehen. Mitgebrachte Getränke sind nicht erlaubt.
Bitte bequeme Schuhe (mit Ledersohlen) und geeignete Kleidung tragen.;9.3111429;47.19712425;Dorfstrasse 29;9657;Unterwasser;+41719993015;jacqueline-grunder@bluewin.ch;http://www.crazy-chicken-toggenburg.ch;[{'@type': 'ImageObject', 'contentUrl': 'https://ttpimtsoch.sos-ch-dk-2.exoscale-cdn.com/catalog/f/4/d/7/f4d7ece8e352402430f2f8bb36b2d62e7860ae97_IMG_2695.jpg'}];2026-05-04T12:02:51+02:00
1dd0fc8b-e6a1-4677-8978-d492ca715cb1;Schwimmbad Wattwil;Was gibt es Schöneres als in der sommerlichen Hitze einen Tag im Freibad zu verbringen? Das kühlende Wasser, eine grosse Liege- und Spielwiese, Verpflegung aus dem Bistro und allerlei Spielmöglichkeiten. Ob als Familie, Freizeitschwimmer oder einfach als Geniesserin.;Die Badi Wattwil bietet Ihnen 1-, 3- und 5-Meter-Sprungturm, 50-Meter- Schwimmerbecken mit 6 Bahnen, Riesenrutschbahn, Strömungskanal und Kinderplanschbecken, 1 Beachvolleyballfelder, einen Riesenspielplatz für Jugendliche mit Fussballplatz, Korbballeinwurf und Tischtennis. Der Liege- und Spielbereich bietet Ruhezonen für Familien ebenso wie Sandstrand und Kleinkinderparadies mit dem kindersicheren Spielplatz (Rondelle im Sand, Kinderrutschbahn mit Hüttli, Schaukeln). – Für Sport, Fitness und Spass den ganzen Tag ist gesorgt. Gehen Sie da im Sommer überhaupt noch nach Hause?

Zugang möglich für RollstuhlfahrerInnen; Behinderten-Toilette, Umkleidekabine mit Liege und Einstiegshilfe ins Bad sind vorhanden.;9.0925099;47.2938006;Rietwisstrasse 14;9630;Wattwil;+41 79 332 69 57;roger.meier2@wattwil.ch;http://www.badi-wattwil.ch;[{'@type': 'ImageObject', 'contentUrl': 'https://ttpimtsoch.sos-ch-dk-2.exoscale-cdn.com/catalog/5/b/e/c/5bec7c2a31a13ad622144e1d7c798f4071230e09_IMG_20220602_WA0022.jpg'}];2026-05-14T15:53:56+02:00
205cbcc5-6579-4c08-a69e-b69eb4f6c981;Hängematte Untermühle;Tragendes Netz unter Baumkronen.;<p>Zwischen den B&auml;umen versteckt liegt diese Ruheoase nahe der Thur entlang des Thur- und Neckerwegs. An drei Punkten gespannt, schwebt das Netz leicht &uuml;ber dem Boden.<br><br>Sanft getragen zwischen den St&auml;mmen hebt sich der Blick ins Bl&auml;tterdach. Das Rauschen des Wassers mischt sich mit dem Rascheln der Bl&auml;tter. Ein Ort, um f&uuml;r einen Moment zur Ruhe zu kommen.</p>;9.08027;47.361222;Untermühle;9606;Bütschwil;+41 71 999 99 11;info@toggenburg.swiss;https://thurundneckerweg.ch;[{'@type': 'ImageObject', 'contentUrl': 'https://ttpimtsoch.sos-ch-dk-2.exoscale-cdn.com/catalog/9/a/8/8/9a8843e5fedb60c06299bd7561ed4348820dfde8_H__ngematte_Unterm__hle__B__tschwil.jpeg'}];2026-03-16T19:33:14+01:00
20945a5c-a6c9-4844-9fdb-b5c10719e8c9;Chäs Stübli der Swiss Cheese Factory ;Die perfekte Lokalität für regionale Geniesser;Das Chäs Stübli der Swiss Cheese Factory in Ganterschwil ist voll ausgestattet mit einer grossen Küche, WC und Bildschirm für Präsentationen. Die kulinarische Verwöhnung umfasst köstliche Spezialitäten der lokalen Produzentin.

Der Raum bietet Platz für bis zu 50 Personen.;9.087849855422975;47.381606913003175;Grundstrasse 2;9608;Ganterschwil;+41 71 983 32 30;info@swisscheesefactory.ch;https://www.swisscheesefactory.ch/chaes-stuebli/;[{'@type': 'ImageObject', 'contentUrl': 'https://ttpimtsoch.sos-ch-dk-2.exoscale-cdn.com/catalog/5/b/1/c/5b1cde3593eed11e2025a2a10392bebc24143233_Chaesi_Stuebli_6_1024x683.jpg'}];2025-12-19T15:40:51+01:00
20ccbfc8-a262-498e-b19f-df3c4aad5d62;Wohnmobil-Stellplatz Iddaburg Gähwil;Grosszügiger, neu erstellter Wohnmobilstellplatz in ländlicher Umgebung direkt neben dem Skilift Gähwil. 10 Stellplätze für Wohnmobile bis 10 m Länge, Höhe unbegrenzt. Befestigter Kiesplatz mit eingezeichneten Parzellen 10x5m.;Der ideale Ausgangspunkt für Wanderungen und Biketouren. Der Wallfahrtsort St. Iddaburg ist in einer wunderschönen Wanderung durch idyllische Wege in ca. einer Stunde erreichbar. Ebenso sind viele schöne Wanderungen in sanfter Hügellandschaft direkt ab Platz möglich. Das weitherum bekannte Kloster Fischingen ist in gut einer Stunde zu Fuss erreichbar. Die Umgebung von Gähwil eignet sich auch hervorragend für Biketouren oder zum Entspannen. Für weitere Ausflüge, z.B zur Altstadt Wil oder in die Kantonshauptstadt St.Gallen, befindet sich eine Bushaltestelle direkt beim Platz.
Platz sehr geeignet für grosse Wohnmobile.
Genügend Platz für Vereinstreffen oder Familientreffen.
Restaurand Rössli mit schöner Gartenwirtschaft für ein feines Essen oder zum gemütlichen zusammen sein.  300m 
Tennisplatz Miet pro Std CHF. 20 inkl. Dusche
Reservationen sind möglich per E-Mail oder Whatsapp;9.00166;47.39552;Sportstrasse;9534;Gähwil;+41 79 252 03 78;wm.saentisblick@gmx.ch;https://wohnmobil-stellplatz.ch/;[{'@type': 'ImageObject', 'contentUrl': 'https://ttpimtsoch.sos-ch-dk-2.exoscale-cdn.com/catalog/6/3/8/b/638b5e9bef2668af0b49f26f942463b6e9af6187_IMG_20200612_201149__2.jpg'}];2025-12-19T15:40:51+01:00
21c691e1-504c-4894-b043-2f4e663c8788;Skihaus Gamperfin;Am Grabserberg auf rund 1'305 Meter über dem Meer steht das Skihaus Gamperfin.;Ganzjährig geöffnet mit Restaurations- und Hotelbetrieb, folgt das innovative Pächterpaar Fabienne & Marcel Wessner stets ihrem Motto "natürlich - eifach - echt". Im Restaurant gibt's regionale und saisonale Produkte, welche mit viel Freude zu leckeren Speisen zubereitet werden. ;9.379277229309084;47.171379819354826;Gamperfin 1769;9472 ;Grabs;+41 81 771 37 43;https://www.skihaus-gamperfin.ch/;[{'@type': 'ImageObject', 'contentUrl': 'https://ttpimtsoch.sos-ch-dk-2.exoscale-cdn.com/catalog/b/8/a/d/b8adfd9ae12711908c75225fd24c624aa06fb744_TOGGI_GAMPERFIN_jan17_RUPA_1096.jpg'}];2026-03-13T09:39:33+01:00
22b054bd-d244-4aee-9aca-df658f8fbfca;Wildhaus, Gamserrugg;9.337892531912077;47.1594984480759;[{'@type': 'ImageObject', 'contentUrl': 'https://ttpimtsoch.sos-ch-dk-2.exoscale-cdn.com/catalog/6/6/e/8/66e8e5d2ce3d49395f1eab530d308aa60b2b59ac_wildhaus.png'}];2025-12-19T15:39:35+01:00
235f3181-fc95-4e52-8db2-fdbff19e73b7;Bäckerei Bleiker;In unserer familiären Bäckerei entsteht jedes Gebäck in echter Handarbeit – natürlich, ehrlich und mit viel Zeit. Besonders stolz sind wir auf unsere Brote aus wertvollem Urdinkel. Traditionelles Handwerk trifft auf ursprünglichen Geschmack – jeden Tag frisch.;<p>In unserer familiengef&uuml;hrten B&auml;ckerei leben wir echtes B&auml;ckerhandwerk &ndash; ehrlich, nachhaltig und mit Herz. Unsere Brote entstehen in sorgf&auml;ltiger Handarbeit, mit viel Zeit und Liebe zum Detail. Wir verwenden ausschliesslich nat&uuml;rliche Zutaten und bevorzugen Rohstoffe aus der Region, wann immer m&ouml;glich. Besonders stolz sind wir auf unsere Brote aus wertvollem Urdinkel &ndash; einer urspr&uuml;nglichen, n&auml;hrstoffreichen Getreidesorte, die f&uuml;r ihren Geschmack und ihre gute Vertr&auml;glichkeit gesch&auml;tzt wird. Tradition und Qualit&auml;t stehen bei uns im Mittelpunkt &ndash; ganz ohne industrielle Zus&auml;tze, daf&uuml;r mit Verantwortung gegen&uuml;ber Mensch, Natur und unserer Heimat. F&uuml;r uns ist Backen mehr als ein Beruf &ndash; es ist gelebte Leidenschaft, famili&auml;res Miteinander und das t&auml;gliche Streben nach echtem Geschmack.</p>;9.1132313;47.3540722;Dorfstrasse;9621;Neckertal;+41713741180;info@baeckerei-bleiker.ch;https://baeckerei-bleiker-ch;[{'@type': 'ImageObject', 'contentUrl': 'https://ttpimtsoch.sos-ch-dk-2.exoscale-cdn.com/catalog/d/b/e/f/dbef04a0e31ebe86d4e872d1ada89cf3fad01338_Bleiker_Zeichenfl__che_1_Zeichenfl__che_1.png'}];2026-03-02T10:44:22+01:00
2451788a-dcf7-450f-8f01-a75c90ff8636;Klangvolle Gruppenerlebnisse;In der Klangwelt Toggenburg werden Gruppenerlebnisse gefunden und nicht gesucht. Lassen Sie sich inspirieren, buchen Sie ein Erlebnis für Ihre Firma, Ihre Familie oder Ihren Verein und machen Sie eine unvergessliche Erfahrung.;Erlebt die alte Handwerkskunst des Schmiedens und schmiedet eure eigenen Klangschalen, Grillspiesse oder Fonduegabeln. Oder erlebt eine Führung durch die Klangschmiede bei der ihr Spannendes über die Entstehung von Klang und Resonanz erfahrt. Auch ein Einblick in die Alp- und Klangkultur der Churfirstenregion ist möglich bei einem einstündigen Naturjodel-Schnupperkurs. Und wenn ihr lieber musiziert statt singt, dann ist vielleicht eine Stubete das Richtige für euch.

Kombinationen von einzelnen Angeboten sind ebenfalls möglich. Auch Erlebnisse mit Partnern wie dem Baumwipfelpfad Mogelsberg, der ChääsWelt Toggenburg oder Huskystuff bieten wir an. 

Gerne beraten wir Sie ausführlich und begleiten auf dem Weg zu erinnerungswürdigen Momenten im Toggenburg.;9.27897870540619;47.193419883716835;Sonnenhalbstrasse 22;9656;Alt St. Johann;+41 71 998 50 00;info@klangwelt.ch;https://klangwelt.ch/angebote/gruppenangebote;[{'@type': 'ImageObject', 'contentUrl': 'https://ttpimtsoch.sos-ch-dk-2.exoscale-cdn.com/catalog/9/7/f/8/97f8c6af618bea76d600400b31306d3187647448_Voralpenexpress_CF790954.jpg'}];2026-07-27T12:10:44+02:00
245192c3-ec22-43fe-8a5c-a634507e05c3;Bauernhof Bohl;Wir vermieten in unserem Bauernhaus in Stein (Toggenburg) eine charmante 2½‑Zimmer-Ferienwohnung – ideal für Familien bis zu 4 Personen. Die Wohnung ist mit viel Liebe zum Detail eingerichtet und bietet euch alles, was ihr braucht. Inkl. Gästekarte.;<div><p><strong>Ausstattung</strong></p><ul><li>Schlafzimmer mit Doppelbett</li><li>Schlafzimmer mit zwei Einzelbetten (f&uuml;r Erwachsene und Kinder geeignet)</li><li>Badezimmer mit Dusche</li><li>K&uuml;che mit Wohn- &amp; Essbereich und TV</li><li>Spiele f&uuml;r Kinder</li><li>Raclette- und Fonduegeschirr</li><li>Ruhige Lage mit sch&ouml;ner Aussicht</li></ul><p><strong>Aussenbereich</strong></p><ul><li>Gartensitzplatz mit Chemin&eacute;e</li><li>Kleiner Spielplatz</li><li>Spielsachen zur Mitbenutzung</li></ul><p><strong>Bauernhof</strong></p><ul><li>Besonders bei Kindern sehr beliebt</li><li>Milchk&uuml;he, K&auml;lblein, Katzen, Hasen</li><li>Gerne d&uuml;rft ihr bei uns im Stall vorbeischauen</li></ul><p><strong>Lage &amp; Umgebung</strong></p><ul><li>Gratis Aussenparkplatz direkt beim Haus</li><li>Dorf Stein in 2 Minuten zu Fuss erreichbar mit B&auml;ckerei und kleinem 24h-Shop</li><li>Katzensprung zum Fluss Thur (Thurweg und im Sommer wundersch&ouml;n zum Baden)</li><li>Einkaufsm&ouml;glichkeiten (Migros, Coop, Drogerie) in 5 Autominuten</li><li>Wander- und Skigebiet Ch&auml;serrugg mit dem &Ouml;V oder in 7 Autominuten erreichbar</li><li>Wander- und Skigebiet Wildhaus mit dem &Ouml;V oder in 12 Autominuten erreichbar</li><li>Wander- und Skigebiet Wolzenalp mit dem &Ouml;V oder in 10 Autominuten erreichbar</li><li>S&auml;ntis oder Schw&auml;galp in 15 Autominuten</li><li>Verschiedene Wanderungen vor der Haust&uuml;re, z. B. Thurweg, Stockberg, Goggeien, Speer (Europas h&ouml;chster Nagelfluh-Berg) und vieles mehr</li></ul><p><strong>Nahe gelegene St&auml;dte</strong></p><ul><li>St. Gallen: 49 min</li><li>Z&uuml;rich: 1 h 07 min</li><li>Luzern: 1 h 35 min</li><li>Chur: 54 min</li></ul><p><strong>Preis</strong><br>CHF 125.&ndash; pro Nacht, plus CHF 100.&ndash; f&uuml;r die Endreinigung.</p></div>;9.22616215143497;47.19726707848858;Wis 312;9655;Stein SG;+41 71 994 24 82;sitho.bohl@bluewin.ch;[{'@type': 'ImageObject', 'contentUrl': 'https://ttpimtsoch.sos-ch-dk-2.exoscale-cdn.com/catalog/8/f/b/d/8fbd0de7cb5ef73e78cebcbd47ebf7cb45173baf_IMG_2518.JPG'}];2026-08-07T04:01:30+02:00
24e0ccad-d1ea-4658-aafd-0c8d4b4b9c67;Foxtrail Wildhaus;Zwischen den sieben Churfirsten und dem Säntis gibt es im Sommer und im Winter einiges zu entdecken. Viel mehr noch gibt es zu hören, denn hier dreht sich alles um den Klang der Alpkultur. Auch der Fuchs spitzt seine Lauscher, während er seine Spur durch die Berge legt.;Keine Zeit, die atemberaubende Aussicht auf den Säntis und die Churfirsten zu geniessen, denn wer den Foxtrail in Wildhaus unter die Füsse nimmt, muss Augen und Ohren offen halten, um den Gold- und Silberschatz zu finden. Dabei spielt eine seltene Blume eine grosse Rolle.
 
Die Verfolger begeben sich in luftige Höhe, vernehmen den Klang historischer Kommunikationsanlagen und tauchen im Getümmel der Feriengäste unbemerkt in einen engen Kanal ein. Auch Schleckmäuler kommen auf diesem Trail auf ihre Kosten.;9.350459575653078;47.20346689730784;9658;Wildhaus;+41 58 510 74 00;mail@foxtrail.ch;https://foxtrail.ch/produkte/trails/ostschweiz/funi/;[{'@type': 'ImageObject', 'contentUrl': 'https://ttpimtsoch.sos-ch-dk-2.exoscale-cdn.com/catalog/2/c/c/9/2cc9d19ec175d0f3967546ccc057aea80c4cd69e_caw_210720_0069.jpg'}];2025-12-19T15:39:35+01:00
24e4c812-a0ea-4c51-abe8-feb34325a4d5;Bergnest Wildhaus;Bed & Breakfast mit Einzel und Doppelzimmer sowie zwei Ferienwohnungen und "Neststube Bistro im Bergnest";<p><strong>Eure Auszeit in der Wildhauser Bergwelt</strong><br>Unsere rauchfreien 6 Doppelzimmer und 3 Einzelzimmer mit alpinem Charme verfügen über WC, Dusche, Lavabo, TV, WLAN und teilweise über einen Balkon (Strassenseite).<br>Hier geniesst ihr eine entspannte Atmosphäre, atemberaubende Bergpanoramen und ein reichhaltiges regionales Frühstück, das euch perfekt in den Tag starten lässt.<br>Die hervorragende Lage eignet sich bestens für Wanderungen, Skiausflüge und Naturerlebnisse. Die Postauto- und Skibushaltestelle ist 200 m entfernt.<br>Neben den Zimmern bieten wir auch zwei einfache, komplett eingerichtete 3.5- und 5.5-Zimmer-Ferienwohnungen an.</p>;9.3411086;47.2018356;Hauptstrasse 99;9658;Wildhaus;+41766209658;info@bergnest-wildhaus.ch;https://www.bergnest-wildhaus.ch;[{'@type': 'ImageObject', 'contentUrl': 'https://ttpimtsoch.sos-ch-dk-2.exoscale-cdn.com/catalog/9/c/d/7/9cd756d310d43c7708bfcb6ca32d6809ce4daa64_Logo_Bergnest_farbig.jpg'}];2026-08-31T23:09:52+02:00
251f2203-708b-4af8-9495-1a4cf3eca129;Klang Escape Room;Der weltweit erste Escape Room zum Thema Klang;<p>Vor einiger Zeit kam die ortsfremde Lena Jeger ins Toggenburg, um f&uuml;r die Klangwelt kostenlose Klangkurse anzubieten. Im Gegenzug erhielt sie eine Unterkunft in der Klangschmiede. Jetzt ist die Musiklehrerin verschwunden &ndash; und ihr Zimmer ist abgesperrt! Verschafft euch Zugang zum Wohnraum von Lena und findet heraus, warum das Tal gef&auml;hrdet ist! Ultimativer, interaktiver R&auml;tselspass f&uuml;r Gruppen und Familien. Meldet euch bei Interesse &uuml;ber info@klangwelt.ch f&uuml;r einen Besuch an. Bitte gebt uns eure vollst&auml;ndigen Kontaktdaten an (Name, Vorname, Adresse, Telefonnummer, Mailadresse). Vielen Dank.</p><p>&nbsp;</p><p>Auskunft zur Zug&auml;nglichkeit: <a href="https://www.ginto.guide/entries/619d64d8-c3dc-4526-80f8-18c96530e219?lnk_src=business" target="_blank" rel="noopener">ginto</a></p>;9.27897870540619;47.193419883716835;Sonnenhalbstrasse 22;9656;Alt St. Johann;+41 71 998 50 00;info@klangwelt.ch;https://klangwelt.ch/angebote/gruppenangebote/klang-escape-room;[{'@type': 'ImageObject', 'contentUrl': 'https://ttpimtsoch.sos-ch-dk-2.exoscale-cdn.com/catalog/d/0/1/6/d01648f4618b9d10ea6ae8883c3a246be363ce05_Klang_Escape_Room_Klangwelt_Toggenburg.jpg'}];2026-07-27T12:10:44+02:00
2524149c-896d-41c6-9019-d214ba14d869;Bäckerei Konditorei Confiserie Café Ziehler Stein;Bei uns spüren Sie die Liebe zum Handwerk noch – wir vereinen Geschichte mit Innovation und kreieren mit Stolz und Akribie zu höchster Qualität praktisch sämtliche Produkte in unserem Sortiment selbst.

Etwas Toggenburg für alle.;Wir sind ein Familienbetrieb in dritter Generation, legen Wert auf Tradition, Regionalität, Innovation und Menschlichkeit. Wir sind ein bunt durchmischter Haufen, vom Lehrling bis zum längst pensionierten Mitarbeiter, der bestens aufeinander eingespielt ist.

Das Summen unserer Betriebsamkeit zieht Geniesser vom ganzen Tal, sowie weit darüber hinaus, an.

Infrastruktur für Zweiräder:
- E-Bike Ladestation
- Wasserhahn der zur Verfügung steht
- Reifen aufpumpen;9.22725;47.19861;Hauptstrasse 296;9655;Stein;071 994 19 90;info@ziehler.ch;https://ziehler.ch/;[{'@type': 'ImageObject', 'contentUrl': 'https://ttpimtsoch.sos-ch-dk-2.exoscale-cdn.com/catalog/d/2/3/b/d23ba2389d8e5c695f144476002cf81a561b5133_b__ckerei_ziehler_220523_anninamilena001_Kopie.jpg'}];2026-07-11T08:34:52+02:00
25537821-dc60-4980-8c6d-b86da557bbb3;AUTODROMO Toggenburg;vierspurige, 39 Meter lange Autorennbahn.;<div>Rennfeeling f&uuml;r Gross und Klein: Das AUTODROMO Toggenburg ist eine 39 Meter lange, vierspurige Slotcar-Piste mit elektronischer Zeitmessung. Erlebe den Nervenkitzel des Wettkampfs mit deinen Freunden auf der Rennstrecke des AUTODROMO Toggenburg.</div>;9.0811109;47.3447138;Gewerbepark 11;9615;Dietfurt;+41792554074;wisi.buerge@bluewin.ch;https://autodromotoggenburg.ch;[{'@type': 'ImageObject', 'contentUrl': 'https://ttpimtsoch.sos-ch-dk-2.exoscale-cdn.com/catalog/2/8/9/a/289a32d94c1bbc5970536da466b8f95075738fd4_IMG_8243.jpeg'}];2026-01-14T00:30:33+01:00
25f195b1-d6d8-4179-a2db-5bf68ec9fcb6;Herrgottsbeton – Anna Maria Fink;Kunst am Fluss – Feine Linien im Felsbett als Resonanz zum Landschaftsraum. ;<p><span style="font-size: 11.0pt; line-height: 107%; font-family: 'Aptos',sans-serif; mso-ascii-theme-font: minor-latin; mso-fareast-font-family: Aptos; mso-fareast-theme-font: minor-latin; mso-hansi-theme-font: minor-latin; mso-bidi-font-family: 'Times New Roman'; mso-bidi-theme-font: minor-bidi; mso-ansi-language: DE-CH; mso-fareast-language: EN-US; mso-bidi-language: AR-SA;">Am T&uuml;fenbach bei St. Peterzell f&uuml;hrt ein schmaler Pfad &uuml;ber Sand, Fels und Nagelfluh zu einem grossen Findling im Flussbett. Hier macht Anna Maria Fink die Spuren von Zeit und Bewegung sichtbar: feine Markierungen im Sand, Spuren auf Stein und Einschnitte im Gel&auml;nde, die das Zusammenspiel von Wasser, Stein und Gehenden sp&uuml;rbar werden lassen.</span></p>;9.183111;47.313111;Rütteli;9127;St. Peterzell;+41 71 999 99 11;info@toggenburg.swiss;https://thurundneckerweg.ch;[{'@type': 'ImageObject', 'contentUrl': 'https://ttpimtsoch.sos-ch-dk-2.exoscale-cdn.com/catalog/2/2/0/e/220e78998a7e126e9d8bc6814aefa54bcf0b2639_Kunstwerk_R__tteli__St._Peterzell.jpg'}];2026-06-13T23:57:09+02:00
2602b59f-1a90-4a2b-a11a-1667269c44e1;Lars Lusti - Bergführer Aspirant ;Ob Sommer oder Winter, Selun Südwand oder Pulverschneeabfahrt vom Säntis. 
Am wohlsten fühle ich mich an einsamen Felswänden, in unverspurtem Pulverschnee und auf sonnigen Gipfeln, zusammen mit meinen Gästen. 
Ich biete auch über das ganze Jahr hinweg Kurse in Lawinenkunde, Skitechnik, Klettern oder Hochtouren an.  

Egal ob zuhause im Toggenburg oder auf den hohen Bergen der Alpen, bei mir stehts du und das Tun im Moment im Mittelpunkt! Gerne begleite ich dich professionell und sicher auf dem Weg zu deinem ganz persönlichem Bergerlebnis.

Wenn auch du die Berge Kletternd oder im frischen Schnee erleben möchtest, melde dich gerne bei mir.;9.282674789428713;47.19778920665066;Berg 470;9654;Alt St. Johann;077 484 07 51;lars@zuestoll.ch;[{'@type': 'ImageObject', 'contentUrl': 'https://ttpimtsoch.sos-ch-dk-2.exoscale-cdn.com/catalog/8/3/5/e/835ee9efc51c6b51a0ffd7e4fbfe82a8fa79f214_IMG_2379.jpg'}];2026-04-28T19:33:33+02:00
26959043-325b-49ad-8cb1-f8cd56f19993;Säntis Schwebebahn;[{'@type': 'ImageObject', 'contentUrl': 'https://ttpimtsoch.sos-ch-dk-2.exoscale-cdn.com/catalog/6/8/4/c/684c431eff8c906d5b128d66f0d1bb4cb6554fa3_Saentisfahne_210300dpi5___Kopie.jpg'}];2026-07-22T15:24:22+02:00
2cd33359-93fd-4ce0-96ee-ddbff46badf8;Toggenburgshop Neu St. Johann;Einkaufen rund um die Uhr: Toggenburgshop mit regionalen Produkten in Neu St. Johann SG.;Der Toggenburgshop ist dein Selbstbedienungsladen in Neu St. Johann, Ebnat-Kappel und Wattwil. Die Läden stehen dir während 24 Stunden am Tag zur Verfügung. Du erhältst im Toggenburgshop viele Produkte für deinen täglichen Bedarf – natürlich möglichst aus dem Toggenburg.;9.196200370788576;47.228879613753;Alte Webereistrasse 14;9652;Neu St. Johann;+41715605596;info@toggenburgshop.ch;https://www.toggenburgshop.ch/;[{'@type': 'ImageObject', 'contentUrl': 'https://ttpimtsoch.sos-ch-dk-2.exoscale-cdn.com/catalog/e/5/e/8/e5e8137c3892ed6fd329e0d1fffe81a9ed12beed_0R0A8859.jpg'}];2026-07-01T16:38:29+02:00
2db36e8d-5be7-456d-b19e-610133108900;Betriebsbesichtigung Morga AG;Im Fabrikladen der Morga in Ebnat-Kappel liegt Ihnen die Welt der gesunden Ernährung zu Füssen. Begeben Sie sich auf die kulinarische Weltreise, lassen Sie sich inspirieren und beraten.;<p>Im Fabrikladen der Morga in Ebnat-Kappel liegt Ihnen die Welt der gesunden Ern&auml;hrung zu F&uuml;ssen. Begeben Sie sich auf die kulinarische Weltreise, lassen Sie sich inspirieren und beraten. #superfood #powerfood #toggifood <br>Dauer: ca. 90 - 120 Minuten. Durchf&uuml;hrung findet zwischen 09.00 - 12.00 Uhr oder 13.30 - 18.00 Uhr ab mindestens 5 bis maximal 30 Personen statt. <br>Die genaue Zeit f&uuml;r die Durchf&uuml;hrung wird zwischen den Teilnehmern und dem Anbieter vereinbart. <br>Wichtig: Ihre Buchung ist erst definitiv, wenn diese von der Morga best&auml;tigt ist. <br>Die Betriebsbesichtigung kostet pauschal CHF 200.00 (nur direkt buchbar bei der Morga). Ab 20 Personen kostet jede weitere Person CHF 10.00. <br>Treffpunkt: Morga AG, Kappelerstrasse 60, 9642 Ebnat-Kappel</p>;9.11596;47.26966;Kappelerstrasse 60;9642;Ebnat-Kappel;071 992 60 40;info@morga.ch;http://www.morga.ch;[{'@type': 'ImageObject', 'contentUrl': 'https://ttpimtsoch.sos-ch-dk-2.exoscale-cdn.com/catalog/5/1/5/4/5154476ac69c44cba264072b64307344fa4079db_Bild_Morga_AG.jpg'}];2026-07-30T09:46:07+02:00
2e142f54-2010-4386-88ae-38c6d630c690;Alpwirtschaft Leser;Geniessen Sie einige Stunden abseits des Rummels!;Die Alpwirtschaft Leser erreichen Sie zu Fuss oder mit dem Bike. Oben angekommen, werden Sie mit einer einmaligen Aussicht auf den Säntis belohnt. Geöffnet von Juli bis September. 
;9.26127;47.22057;Wies 312;9655;Stein;079 933 07 01;[{'@type': 'ImageObject', 'contentUrl': 'https://ttpimtsoch.sos-ch-dk-2.exoscale-cdn.com/catalog/5/a/5/0/5a50237c64b0d29be6014001ca00c32f938f9df4_TT___Leser_2020.jpg'}];2026-07-14T02:54:03+02:00
2e1de345-60e8-4b51-a947-1471191286c4;Alpwirtschaft Wimpfel;Gerne begrüssen wir Sie in unserer urchigen Alpstube und laden Sie zu gemütlichen Stunden mitten in der Neckertaler Natur ein.;Ganz nach dem Motto: "efach aber herzlich" bieten wir einfache, hausgemachte Speisen an. Beliebt ist unsere Gerstensuppe sowie das Wimpfel- Plättli. Auf Anfrage bekochen wir unsere Gäste gerne mit währschafter Älplerkost.

Bei Heuwetter und Ruhetagen steht Ihnen unsere Selbstbedienung zur Verfügung. Wir danken für Ihr Verständnis.

Anfragen und Reservationen nehmen wir gerne telefonisch entgegen.;9.15290415287018;47.33746976434874;Wimpfel 922;9122;Ebersol;+4171 377 21 10;https://alp-wimpfel.ch/;[{'@type': 'ImageObject', 'contentUrl': 'https://ttpimtsoch.sos-ch-dk-2.exoscale-cdn.com/catalog/4/1/8/1/4181270c7364e3352b50792ca845f4f233e85b09_Alp_Wimpfel_3.PNG'}];2026-01-08T16:08:33+01:00
2e498174-7f81-4cc8-9990-401de20bb40b;Wildmanndli Sport;Sportgeschäft;Sportgeschäft in Nesslau;9.1936544;47.2299486;Toggenburgerstrasse 25;9652;Neu St. Johann;+41762045518;peruschw@gmx.ch;[{'@type': 'ImageObject', 'contentUrl': 'https://ttpimtsoch.sos-ch-dk-2.exoscale-cdn.com/catalog/b/7/a/3/b7a3b2b78753e86812a82ee6f1f3bc494ba01fff_Image__003_.jpeg'}];2025-10-10T16:12:03+02:00
2f5f5cb5-a1fc-45d1-b41d-99f194742d1d;Freestyle in Wildhaus – unsere Funparks;Actionhungrige Familien finden bei uns Funparks mit einfachen Hindernissen und kleinen Sprüngen, ideal für Anfänger und fortgeschrittene Freestyler. Das Angebot an Sprüngen und Rails wird im Laufe des Winters, nach Möglichkeit, kontinuierlich erweitert, sodass Adrenalin, Abwechslung und Spass garantiert sind!

Die Parks sind, sofern es die Schnee- und Wetterbedingungen zulassen, täglich in Betrieb und werden jeden Abend für euch präpariert. Der Schnee- und Pistenbericht informiert stets aktuell über die geöffneten Lines und die berühmte Klangslope!

Wir wünschen euch viel Spass beim Ausprobieren – send it!;9.3457831;47.1875871;Vordere Schwendistrasse 23;9658;Wildhaus;+41 71 998 50 50;info@wildhaus.ch;http://www.wildhaus.ch/;[{'@type': 'ImageObject', 'contentUrl': 'https://ttpimtsoch.sos-ch-dk-2.exoscale-cdn.com/catalog/2/1/f/0/21f011345dcb31b0697e35570544cf3c7eb9f6cc_20250129_120534.jpg'}];2025-12-19T15:39:35+01:00
30b48340-99e7-4e47-85e4-afb593c19a90;Berg & Bett Säntis Lodge;Die Säntis Lodge ist Hotel, Kino, Lounge, Restaurant und Service-Hub für die Ferienhäuser. Sie ist ein vielseitiger Ort, an dem Komfort, Genuss und Erholung auf einzigartige Weise zusammenkommen.;Die teilrenovierte Berg & Bett Säntis Lodge ist Hotel und gleichzeitig auch Angebots- und Service-Hub für die Ferienhäuser mit gemeinsamer Rezeption, Kino, Lounge, grossem Garten sowie einem familienfreundlichen Restaurant. 

Ob Sie sich lieber im gemütlichen Doppel- oder Familienzimmer in die weiche Decke kuscheln oder die Bewegungsfreiheit im eigenen Appartement geniessen, in der Berg & Bett Säntis Lodge finden Sie alles unter einem Dach.;9.313292281436155;47.196329839515;Hauptstrasse 16;9657;Unterwasser;+41 71 999 27 27;info@bergundbett.ch;https://bergundbett.ch/saentis-lodge/;[{'@type': 'ImageObject', 'contentUrl': 'https://ttpimtsoch.sos-ch-dk-2.exoscale-cdn.com/catalog/1/b/3/6/1b365f5e4d62e361854488e96efed569bd235ae3_TT_2023_S__ntisLodge_03.jpg'}];2026-05-06T13:21:24+02:00
30c8c05c-08f4-42f0-9a15-8514c7c3dfe1;Badi Schönenbodensee;Natursee mit Nichtschwimmerbereich, Liegewiese, Umkleidekabinen und Pedalo­vermietung. Zudem stehen ein Kiosk und eine Grillstelle zur Verfügung.;<div><p>Umringt von Bergen und Wiesen, Schilf und Wald liegt der Naturbadesee Sch&ouml;nenbodensee in Wildhaus. Direkt vor der Badi gibt es Parkpl&auml;tze. Mit dem &Ouml;V muss man jedoch einen etwa 30-min&uuml;tigen Fussmarsch auf sich nehmen, um zum See zu gelangen.</p><p>Der See ist mit mehreren Fl&ouml;ssen, einem Steg zum Einstieg in den Schwimmerbereich sowie einem abgegrenzten Nichtschwimmer- und Kinderbereich ausgestattet. Ebenfalls stehen zwei Pedalos zur Miete zur Verf&uuml;gung. Zugang auch f&uuml;r Rollstuhlfahrer/-innen m&ouml;glich. Eine Behinderten-Toilette sowie eine Behinderten-Umkleidekabine (mit Liegebett) sind vorhanden.</p><p><strong>Infos zum Zutritt:</strong><br>Der Zutritt zur Liegewiese ist kostenpflichtig &ndash; unabh&auml;ngig davon, ob eine Nutzung des Badebereichs erfolgt. Ein kostenloser Zugang ist ausschliesslich auf den Bereich des Badibeizlis beschr&auml;nkt.</p><p><strong>Mitnahme von Hunden:</strong><br>Aus R&uuml;cksicht auf alle G&auml;ste sind Hunde ausschliesslich im Eingangsbereich sowie im Badibeizli erlaubt. Auf der Liegewiese und im Badebereich ist das Mitf&uuml;hren von Hunden nicht gestattet.</p></div>;9.3660567;47.2075564;Schönenboden;9658;Wildhaus;+41 78 707 55 69;willkommen@eggewaeldli.ch;https://eggewaeldli.ch/oeffnungszeiten;[{'@type': 'ImageObject', 'contentUrl': 'https://ttpimtsoch.sos-ch-dk-2.exoscale-cdn.com/catalog/b/b/4/7/bb47321cae2a695f018e547cdbed1f552bb34df3_2021_TT_Badi_Sch__nenbodensee_58.jpg'}];2026-06-15T08:51:43+02:00
32bf7c58-540e-4586-b057-028d98d8c47d;Kafi einzigartis...;Gemütlichkeit, Kreativität und Genuss an einem Ort;Eingebettet in eine idyllische Umgebung, direkt am plätschernden Bach und in unmittelbarer Nähe zu beliebten Bike- und Wanderwegen, ist das Kafi einzigartis der perfekte Ort für eine Pause voller Genuss und Inspiration.

Ob ein feines Frühstück (auf Voranmeldung), hausgemachte Desserts oder regionale Spezialitäten – bei uns stehen Gemütlichkeit und Qualität an erster Stelle. Für Kinder gibt es eine liebevoll eingerichtete Spielecke drinnen, einen Spielplatz direkt nebenan und einen Wickeltisch für die Kleinsten.

Tipp für Ausflügler: Kombinieren Sie Ihren Besuch im Kafi mit einem Bummel durch das charmante "kleine Warenhaus" Artis Büro & Freizeit AG. Dort finden Sie auf 120m2 eine sorgfältige Auswahl an Geschenk- und Papeterieartikeln, schöner Mercerie, stilvoller Lingerie und herzigen Kinderkleidern – ein wahres Paradies für kreative Schatzsucherinnen.

Zusätzlich laden unsere Kreativworkshops dazu ein, selbst aktiv zu werden und Neues auszuprobieren – ideal für Gruppen, Familien oder einfach alle, die Lust auf etwas Besonderes haben.

Ob auf dem Familienausflug, der Radtour oder als kreativer Zwischenstopp – das Kafi einzigartis mit der Artis Büro & Freizeit AG ist ein Ausflugsziel, das Herz und Sinne anspricht.;9.0714171;47.3605321;Am Bach 8;9606;Bütschwil;+41 77 261 26 36;info@artisag.ch;https://www.artisag.ch/einzigartis/;[{'@type': 'ImageObject', 'contentUrl': 'https://ttpimtsoch.sos-ch-dk-2.exoscale-cdn.com/catalog/9/4/0/7/94072937cd384745fb62ea5642542bb633afb6c0_Garten_am_Bach.jpg'}];2025-12-19T15:40:51+01:00
35490672-472e-4c13-bde6-afc9b62d0218;barbarakraut - Barbara Aebli;Tauchen Sie ein in die Welt der Kräuter. 
In meinem Bio-Garten wachsen seltene Gemüsesorten bunt durchmischt mit Kräutern und Wildkräutern. Ein kleines grosses Reich, mit dem uns die Natur beschenkt.;Unzählige Pflanzen begleiten uns täglich auf unseren Wegen beim Arbeiten und in der Freizeit.  Ihre Kräfte als Nahrungs- oder Heilmittel schätze ich immer wieder neu und ich spüre die Energie, die sie mir geben. Ich ernte die Wildpflanzen und Kräuter nur an ungedüngten Plätzen. Die meisten Pflanzen kommen zu uns, wachsen vor unserer Haustür, weil wir sie brauchen. Für die Verarbeitung verwende ich frische oder fachgerecht getrocknete Kräuter. Zusammen mit qualitativ hochwertigen Zutaten entstehen schmackhafte Erzeugnisse für die Küche und den Genuss oder natürliche Pflegeprodukte für den ganzen Körper.

Der Walnussbaum, unsere grösste Heilpflanze im Garten, spendet im Sommer wohltuenden Schatten und im Herbst eine Menge Walnüsse, die ich zu verschiedenen Produkten verarbeite und die über meine Webseite bestellt werden können. 
 
Seit September 2013 biete ich in unserem Zuhause - im alten Schulhaus in Ebersol - verschiedene Kurse zum Thema Kräuter an.

Erleben Sie den die Welt der Kräuter in einem Rundgang durch meinen Garten oder in Feld und Flur. Geniessen Sie anschliessend einen kreativen Kräuterapéro. Oder lassen Sie sich an einem Abend im gemütlichen Schulzimmer von meiner Kräuterküche mit einem 5-Gang Menü verwöhnen und lauschen zwischen den Gängen den Zauberklangfolgen vom bekannten Toggenburger Musiker und Komponisten, Peter Roth. Gemeinsam erzählen wir Ihnen über die Verbindung von Pflanzen und Klang. 

Tauchen Sie ein in meine Welt der Kräuter. Ich freue mich über Ihre Kontaktaufnahme.;9.152184883402377;47.349754149999995;Ebersolerstrasse 70;9122;Ebersol;+41 71 374 16 35;aebli@barbarakraut.ch;https://www.barbarakraut.ch;[{'@type': 'ImageObject', 'contentUrl': 'https://ttpimtsoch.sos-ch-dk-2.exoscale-cdn.com/catalog/c/8/8/d/c88d26a3be9306138a1b2164ab2cbd4be600f812_Bild1.jpg'}];2026-05-04T12:02:50+02:00
36034253-37cc-4a0f-882b-8fc90fd6f290;Naturkino Ruine Rüdberg;Holzliegen, die den Körper tragen und den Raum öffnen.;<p>Hergestellt aus heimischem Holz ist dieses Naturkino Teil der Thur- und Neckerweg-Ruheoasen.<br><br>Statt auf eine Leinwand &ouml;ffnet sich der Blick in die Tiefe des Waldes. Das Licht bricht in den Baumkronen, die sich zwischen Himmel und Erde spannen. Ein Rascheln in der N&auml;he, ein Zwitschern in der Ferne, das leise Knacken eines Astes im Hintergrund. Mit den Jahreszeiten ver&auml;ndert sich das Bild. Der Wald kennt Zeiten der Bewegung und des Innehaltens.</p>;9.088722;47.349750;Ruine Rüdberg;9621;Oberhelfenschwil;+41 71 999 99 11;info@toggenburg.swiss;https://thurundneckerweg.ch;[{'@type': 'ImageObject', 'contentUrl': 'https://ttpimtsoch.sos-ch-dk-2.exoscale-cdn.com/catalog/f/f/c/c/ffcc629b9d5628aa23cfc61404149e6e15ba38e7_Naturkino_Ruine_R__dberg__Oberhelfenschwiel.jpg'}];2026-03-16T19:25:18+01:00
3650fd5d-7451-4b07-9b1e-9f0908391298;OSWALD, Bäckerei-Café-Konditorei;Wir, die Bäckerei-Café-Konditorei OSWALD, sind ein Familienbetrieb, der seit über 100 Jahren in der Region etabliert und bekannt ist. Wir verbinden handwerkliches Können mit modernen Abläufen und setzen auf eine sorgfältige Verarbeitung sowie regionale, hochwertige Zutaten.;<p>Unser Sortiment umfasst eine breite Palette an Produkten, darunter verschiedene Sorten Brote und Br&ouml;tchen, regionale Spezialit&auml;ten sowie verschiedenste s&uuml;sse Leckereien. Zus&auml;tzlich laden wir Sie zu entspannten Momenten in unserem Caf&eacute; ein, wo Sie frische Backwaren, Kaffeespezialit&auml;ten und kleine herzhafte Snacks in gem&uuml;tlicher Atmosph&auml;re geniessen k&ouml;nnen.</p>
<p>Das t&auml;glich wechselnde Angebot l&auml;dt Sie dazu ein, die lokale Backkunst zu entdecken &ndash; etwas mitzunehmen oder vor Ort zu konsumieren. Wir legen grossen Wert auf eine kompetente, freundliche Beratung und eine angenehme Atmosph&auml;re in Caf&eacute; und Laden, in der sich Kundinnen und Kunden gut aufgehoben f&uuml;hlen.</p>;9.0687103;47.4102833;Bahnhofstrasse 8;9602;Bazenheid;+41719311081;info@baeckerei-oswald.ch;https://www.baeckerei-oswald.ch;[{'@type': 'ImageObject', 'contentUrl': 'https://ttpimtsoch.sos-ch-dk-2.exoscale-cdn.com/catalog/2/1/6/3/2163214da6039ef36908d6deb178e3809f53157c_P4090004__2.JPG'}];2026-03-02T10:46:51+01:00
38a16017-d23e-425a-bb3d-8f85bbdbf6a2;Grillplatz Laui auf der Wolzenalp, Nesslau;Nahe der Wolzenalp, am Wanderweg in Richtung Nesslau und Ijental, befindet sich eine aussichtsreiche familienfreundliche Infrastruktur zum Bräteln.;Die Feuerstelle nach Schweizer-Familie-Standard ist eine von schweizweit über 500, die sich bestens für die Wanderverpflegung aus dem Rucksack oder für einen Tagesausflug eignet. Sie ist mit zwei Grillrosten, verfügbarem Brennholz, Tischen und Bänken sowie Ruhebänken mit toller Bergsicht eingerichtet. Sie lässt sich in 45 Minuten ab Bergstation Rietbach oder in knapp zwei Stunden ab Bahnhof Nesslau Neu St. Johann erreichen.

Die Grillstelle liegt am Klimaerlebnisweg Toggenburg. Kinderwagentauglich: ja ab Nesslau via Schneit, Holz: ja, Trinkwasser: nein, WC: nein, Kapazität: ca. 20;9.169686;47.217016;Laui;9650;Nesslau;+41 71 999 99 11;info@toggenburg.swiss;https://www.nesslau-tourismus.ch;[{'@type': 'ImageObject', 'contentUrl': 'https://ttpimtsoch.sos-ch-dk-2.exoscale-cdn.com/catalog/6/b/1/5/6b1583fd696b30ca372f8ac5f5514ac037a749b8_Grillplatz_Laui_Nesslau.jpg'}];2026-05-14T23:20:10+02:00
38ab0c41-cc9f-41ab-a474-0f1a6a942114;Wanderleiter-Martin - Wanderleiter mit eidg. FA;Wanderleiter mit eidg. Fachausweis. 
Professionell geführte Schneeschuhtouren und Wanderungen in der Bergwelt des Toggenburgs und der angrenzenden Regionen. Entdecken Sie in kleinen Gruppen die Natur und Kultur meiner Heimat.;Schneeschuhwandern im Toggenburg entschleunigt.
Abseits vom Trubel der Wintersportgebiete ziehen wir unsere Schneeschuhspur über verschneite Alpweiden durch die Bergwelt. 

Unsere Tages- und Abend-Schneeschuhtouren sowie Schneeschuhwochenenden sind auch für Einsteiger*innen geeignet. Feste Durchführungsdaten für Individualreisende gemäss Kalender.

Schneeschuhlaufen als aktive Abwechslung nach einem intensiven Seminartag oder eine Mondschein-Schneeschuhtour für Ihren nächsten Team-Event, wir freuen uns auf Ihre Anfrage für ein individuelles Angebot.

Gerne organisieren und führen wir massgeschneiderte Schneeschuhwanderungen für Einzelpersonen, Gruppen und Firmen durch.;9.338464736938478;47.200949287182745;Kerbelstrasse 18;9470;Buchs SG;+41 79 776 16 50;info@wanderleiter-martin.ch;https://www.wanderleiter-martin.ch;[{'@type': 'ImageObject', 'contentUrl': 'https://ttpimtsoch.sos-ch-dk-2.exoscale-cdn.com/catalog/c/2/e/3/c2e3877a2d9599ee5be06cce5d48c3088afc3bbb_Wanderleiter_Martin_Gabathuler.jpeg'}];2026-04-28T19:33:27+02:00
3a18be77-edde-45b0-a7fc-dfd64d78bc36;Mogelsberg, Baumwipfelpfad;9.14341986179352;47.358107367856924;[{'@type': 'ImageObject', 'contentUrl': 'https://ttpimtsoch.sos-ch-dk-2.exoscale-cdn.com/catalog/e/9/1/f/e91f87a7f88e85e95d5c6c717c25548662e4a162_webcam_baumwipfelpfad_bild.jpg'}];2025-11-21T10:28:20+01:00
3a2f7fee-4676-4e94-8f9b-d60a4e61e7ba;Fondue- und Gesellschaftsfahrten;Mit 2 oder 4 PS übers Land...;Geniessen Sie mit Ihrer Familie, Ihren Freunden, Vereinskollegen, Geschäftspartnern usw. eine gemütliche Kutschenfahrt im Gesellschaftswagen oder im eleganten Glaslandauer.

Die pferdebegeisterte Familie Schönenberger aus Mosnang bietet verschiedene Kutschenfahrten an. Ein besonderes Erlebnis ist die Ausfahrt im gemütlichen Fonduewagen mit einem feinen Käsefondue von der Käserei Kaufmann, Mosnang. Bei schneebedeckten Strassen wird der Wagen durch einen grossen Schlitten ersetzt. 

Die Pferde im Stall Schönenberger werden geritten, gefahren und longiert. Sie nächtigen in grosszügigen Boxen und geniessen ihren täglichen Auslauf auf dem Allwetterplatz oder der Weide. Diese Kombination und Abwechslung macht sie zu äusserst zuverlässigen, ausgeglichenen und motivierten Partnern für den Kutscher und für die Gäste im Strassenverkehr, im Gelände und an diversen Veranstaltungen.;9.04088;47.36303;Unterdorf 10;9607;Mosnang;+41 71 983 26 31;info@kutschenhochzeit.ch;http://www.kutschenhochzeit.ch;[{'@type': 'ImageObject', 'contentUrl': 'https://ttpimtsoch.sos-ch-dk-2.exoscale-cdn.com/catalog/a/5/7/d/a57d86b70a51b6bfd65531e2dbdd03fee6e5ad54_Bild1.jpg'}];2026-04-28T19:33:26+02:00
3dc366fa-f31f-417b-b060-2ffe2839fcdf;Berggasthaus Rotsteinpass;Das auf 2124 m.ü.M. gelegene Berggasthaus liegt auf einem Pass zwischen dem Säntis und Altmann mit gigantischem Blick ins Toggenburg und Appenzellerland. Trittfeste Wanderer und Kletterer finden hier eine atemberaubende Landschaft.;Geniessen Sie ein feines Bergmenü in unserer heimeligen Gaststube oder auf der Terasse mit einer gigantischen Aussicht. Wir bedienen Sie gerne mit einem stärkenden Menu oder einem erfrischenden Getränk.

Zudem verfügt das Berggasthaus über 80 Matratzenlagerplätze, zwei Doppelzimmer und ein Vierbettzimmer, welche mit Frühstück oder als Halbpension gebucht werden können.;9.365072250366213;47.24301295305826;[{'@type': 'ImageObject', 'contentUrl': 'https://ttpimtsoch.sos-ch-dk-2.exoscale-cdn.com/catalog/b/e/2/4/be242415a5caa183533b999729bb6ae816985a34_DSC02762__002_.JPG'}];2026-06-11T12:18:13+02:00
3e3bdd75-7f88-44bb-be5e-faf6ea22b89f;Standseilbahn Unterwasser – Iltios;Die im Winter 2024 / 2025 neu eröffnete Standseilbahn fährt vom Bahnhof Unterwasser zur Mittelstation auf den Iltios.;<p>Im Sommer wie im Winter bringt die traditionelle Standseilbahn die Gäste von Unterwasser auf den Iltios, 1350 m ü. M. Die Bahn ist Kinderwagen- und Rollstuhlgängig. Der Iltios ist Knotenpunkt von verschiedenen Wanderwegen und Pisten. Hier befindet sich ausserdem das Bergrestaurant Iltios mit der eindrücklichen Aussicht auf die Churfirsten und den Alpstein. Ebenfalls auf dem Iltios kann der Gast auf die Luftseilbahn wechseln und bis zum Gipfel aufsteigen.</p><p> </p><p>Auskunft zur Zugänglichkeit: <a href="https://www.ginto.guide/entries/26951e57-9583-4760-bdad-e47b3559f3d7?lnk_src=business" target="_blank" rel="noopener">ginto</a></p>;9.308714;47.194626;Frühweidstrasse 8;9657;Unterwasser;0719986810;info@toggenburgbergbahnen.ch;https://www.chaeserrugg.ch/de;[{'@type': 'ImageObject', 'contentUrl': 'https://ttpimtsoch.sos-ch-dk-2.exoscale-cdn.com/catalog/0/4/1/9/041924a066b08f34104e5823f5cb9f827951f1aa_standseilbahn.jpeg'}];2026-05-13T08:59:49+02:00
3e4532fe-74a7-4529-ba13-e67b1fa66a6e;Schlitteln Iltios;Vom Iltios nach Unterwasser führt die traditionelle Schlittelbahn über Hänge und Weiden an Bauernhöfen vorbei bis ins Tal. ;Die 3.4 km lange Strecke ist für Anfänger und erfahrene Schlittler geeignet, die Einzel oder in der Gruppe zu Tale brausen. Bequeme oder sportliche Schlitten stehen Ihnen bei der Bergstation Iltios zur Miete zur Verfügung. Bahnticket inkl. Schlittenvermietung bei der Talstation Unterwasser erhältlich. Nehmen Sie Ihren Schlitten auf dem Iltios in Empfang und geben Sie ihn bei der Talstation Unterwasser zurück.;9.31254;47.18516;Dorfstrasse 17;9657;Unterwasser;+41 71 998 68 10;info@chaeserrugg.ch;http://www.chäserrugg.ch;[{'@type': 'ImageObject', 'contentUrl': 'https://ttpimtsoch.sos-ch-dk-2.exoscale-cdn.com/catalog/2/0/7/2/2072f2f458b7aa28d4d396852dd5c928232ba41f_TOGGI_schlitteln_RUPA_009.jpg'}];2026-01-13T11:19:21+01:00
3e493c57-f41f-4584-a1bb-3462fd8b424b;topochoreographies - marce norbert hörler;Kunst am Fluss – Zeichen und Texte als Annäherung an Wasser und Bewegung.;<p>Auf dem Weg zum Thurwasserfall begleiten sechs Bronzetafeln den Aufstieg durch das Ch&auml;mmerlitobel. Inspiriert vom Wasserfall greifen sie Bewegungen und nat&uuml;rliche Kreisl&auml;ufe auf. Zeichnungen und Texte im lokalen Dialekt erinnern an Formeln und Rituale und er&ouml;ffnen neue Zug&auml;nge zum Ort. Mit der Zeit ver&auml;ndert sich das Material &ndash; wie das Wasser bleibt auch das Werk in Bewegung.</p>;9.311555555555556;47.2023056;Chämmerlitobel;9657;Unterwasser;+41 71 999 99 11;info@toggenburg.swiss;https://thurundneckerweg.ch;[{'@type': 'ImageObject', 'contentUrl': 'https://ttpimtsoch.sos-ch-dk-2.exoscale-cdn.com/catalog/3/0/4/0/3040a302098ff0e191e74003b040795c22446d2a_STUR3727_klein.jpg'}];2026-05-12T17:49:18+02:00
3e4d00d6-f71b-4061-be84-ba1dd119b913;FoodTrail Toggenburg;Die genussvolle Schnitzeljagd der ChääsWelt Toggenburg verbindet spannende Rätsel mit kulinarischen Köstlichkeiten und lädt dazu ein, die Region mit Genuss zu entdecken.;Auf dem FoodTrail rätseln sich die Teilnehmerinnen und Teilnehmer von Stopp zu Stopp. An jedem Stopp gibt es eine lokale Spezialität zu entdecken und geniessen. Dabei erfahren sie nicht nur die Hintergründe zu den Köstlichkeiten, sondern auch Spannendes über die Ferienregion Toggenburg und ihre Sehenswürdigkeiten - die auf der genussvollen Wanderung natürlich entdeckt werden können. FoodTrails gibt es bereits in vielen Städten und Regionen in der Schweiz – und nun auch im Toggenburg.;9.090626373690473;47.3015527;Ebnaterstrasse 19;9630;Wattwil;+41 71 552 00 09;info@chaeswelt.ch;https://chaeswelt.ch/de/;[{'@type': 'ImageObject', 'contentUrl': 'https://ttpimtsoch.sos-ch-dk-2.exoscale-cdn.com/catalog/e/a/e/8/eae857da24aa0bf6d671a54bc96505681d03cc41_20210808_FoodTrail_154.jpg'}];2026-04-28T19:33:28+02:00
40473de1-aea1-4772-adcc-4ec078b60fdd;Hotel Restaurant Sternen;Lassen Sie sich in unserem familiär geführten, neu renovierten Dreisternhotel verwöhnen.;<p>Das Hotel-Restaurant Sternen liegt Zentral im Dorf Nesslau. In der N&auml;he sind Bahnhof, Post, Einkaufsm&ouml;glichkeiten. Bekannt f&uuml;r diverse Events. (Party-Time, kulinarische Themenabende etc.)</p><p>&nbsp;</p><p>Auskunft zur Zug&auml;nglichkeit:&nbsp;<a href="https://www.ginto.guide/entries/257ffbab-55f8-4aed-a9d0-b831aeb52764?lnk_src=business" target="_blank" rel="noopener">ginto</a></p>;9.1990226;47.2240571;Hauptstrasse 28;9650;Nesslau;+41 71 994 19 13;sternen-nesslau@bluewin.ch;https://www.sternen-nesslau.ch/;[{'@type': 'ImageObject', 'contentUrl': 'https://ttpimtsoch.sos-ch-dk-2.exoscale-cdn.com/catalog/6/6/a/c/66ac3a7e7ace62997586bf4a2ff133661572cae7_2020_Nesslau_3.jpg'}];2026-05-18T14:59:35+02:00
41fa3ffb-4a11-48c1-a448-7207eea8c1a8;Schaukel Vor dem Bach;Grosse Holzschaukel mit Blick auf Thur und Churfirsten.;<p>Aus heimischem Holz gefertigt, liegt diese Ruheoase am Ufer der Thur auf einem ruhigen Abschnitt des Thur- und Neckerwegs.<br><br>Beim Schaukeln hebt sich der Blick &uuml;ber die Thur bis zu den Churfirsten am Horizont. In dieser Perspektive zeigen sie sich frei am hinteren Ende des Tals, ein wahrlich majest&auml;tischer Anblick.</p>;9.183611;47.235278;Vor dem Bach;9650;Nesslau;+41 71 999 99 11;info@toggenburg.swiss;https://thurundneckerweg.ch;[{'@type': 'ImageObject', 'contentUrl': 'https://ttpimtsoch.sos-ch-dk-2.exoscale-cdn.com/catalog/6/1/5/5/61556b4a389993545e420d28574b5e9001f2e8d0_Schaukel_Vor_dem_Bach__Nesslau.jpg'}];2026-03-16T19:26:49+01:00
4297bc41-4245-42ac-ab9d-023c9769f83b;Kutschenfahrten Fässler;Kutschenfahrten im Obertoggenburg;Wir bieten im Sommer Gesellschaftsfahrten und im Winter Schlittenfahrten an.
Auf Wunsch können auch Fonduefahrten organisiert werden. 
Es können Fahrten für kleinere sowie grössere Gruppen durchgeführt werden.;9.1843718290329;47.232970622096424;Bühlerbrücke 455;9650;Nesslau;+41 71 994 34 64;r-faessler@bluewin.ch;[{'@type': 'ImageObject', 'contentUrl': 'https://ttpimtsoch.sos-ch-dk-2.exoscale-cdn.com/catalog/d/f/d/3/dfd3db3d691b50d07079fc5fdeece39e942f570f_IMG_20181028_WA0008.jpg'}];2025-12-19T15:39:35+01:00
43704131-0303-4546-8163-92a3d0912114;Bergrestaurant Wolzenalp;Das Bergrestaurant Wolzenalp Rietbach lädt die Besucherinnen und Besucher mit einer grossen Terrasse und mit Panoramablick auf Churfirsten und Säntis zum Verweilen ein. Kinder können sich auf dem Spielplatz austoben.;<p>Die Men&uuml;karte im Berggasthaus bietet eine ausgewogene regionale K&uuml;che f&uuml;r Gross und Klein: Von den w&auml;hrschaften Ch&auml;sh&ouml;rnli und der Siedwurst &uuml;ber R&ouml;stivarianten bis zum hausgemachten Toggenburger Schlorzifladen. Die Portionen sind grossz&uuml;gig, der Geschmack vorz&uuml;glich und die Preise fair. F&uuml;r Ihre Familienfeier, Ihre Vereins- und Gruppenanl&auml;sse stellen wir gerne ab 18 Personen bzw. 15 Personen Ihr gew&uuml;nschtes Buffet zusammen oder den Grill f&uuml;r die Spiessli bereit. Die Buffetvorschl&auml;ge sind ausschliesslich w&auml;hrend des Sommerhalbjahres von Mai bis Oktober erh&auml;ltlich. Teilen Sie uns Ihre W&uuml;nsche mit - wir werden Sie nach M&ouml;glichkeit erf&uuml;llen. Sehr beliebt bei den G&auml;sten ist der Sonntagsbrunch. Selbstverst&auml;ndlich k&ouml;nnen Sie auch an Wochenenden und w&auml;hrend den Schulferien des Sommerhalbjahres auch werktags und mit kleineren Gruppen auf Voranmeldung bei uns brunchen. Wir servieren Ihnen das Fr&uuml;hst&uuml;ck direkt an den Tisch. Im Winter muss es manchmal schnell gehen, wenn der Hunger unserer Skig&auml;ste gross ist. Unser Wintermen&uuml; unterscheidet sich vom Sommerangebot. Beliebt bei Familien ist die "Familienplatte", die prall gef&uuml;llt ist mit Pommes, Schnitzeln, Chicken Nuggets, Wienerli und Bratwurst.</p><p>&nbsp;</p><p>Auskunft zur Zug&auml;nglichkeit:&nbsp;<a href="https://www.ginto.guide/entries/9d222a5c-bd24-4902-b820-9573f3afcdc8?lnk_src=business" target="_blank" rel="noopener">ginto</a></p>;9.1554536;47.2259306;Allmen 1990;9643;Krummenau;+41 71 994 11 81;restaurant@wolzenalp.ch;http://www.wolzenalp.ch;[{'@type': 'ImageObject', 'contentUrl': 'https://ttpimtsoch.sos-ch-dk-2.exoscale-cdn.com/catalog/5/3/3/3/5333126eb011af64f535dda5e38776c5c0fe57dc_Bergrestaurant_Wolzenalp_Terrasse.jpg'}];2026-05-13T13:33:48+02:00
438a7322-528b-4a99-9dd1-59a895e19a17;Bücherpause;«Eifach mol schnell Ziit vergässe und i die wunderbari Welt iitauche.»;Die «Bücherpause» ist Wellness für die Seele, bietet ein kuscheliges Schlechtwetterprogramm und literarische Gipfelflüge für die ganze Familie. 

Sie ist eine gemütliche kleine Stube mitten in Unterwasser, bis zur Decke gefüllt mit schönen Büchern, hauptsächlich Bilderbüchern. Gross und Klein sind hier willkommen, zusammen oder ganz für sich Bücher-Schätze zu entdecken. 
Ein Büchertauschregal bietet Erwachsenen Nachschub, wenn der Lesestoff ausgegangen ist. 

Die Bücherpause bringt Vertrauen entgegen und schafft Vertrauen. Sie ist Rund um die Uhr geöffnet. Der Schlüssel liegt im Milchkasten.;9.310049053589697;47.1970153;Dorfstrasse 18;9657;Unterwasser;buecherpause@bluewin.ch;https://buecherpause.ch;[{'@type': 'ImageObject', 'contentUrl': 'https://ttpimtsoch.sos-ch-dk-2.exoscale-cdn.com/catalog/d/3/b/f/d3bf741408a0fd7cbdda44fe80814f47b5802d42_b82015f6_bd64_40a9_9a4e_16ffe3a060b5.jpg'}];2025-12-19T15:39:35+01:00
4412d979-a3ac-44b0-b50a-f5dc4120a8e0;Berggasthaus Fuchsacker;Wir liegen auf 1000 m ü.M., gute Zufahrt bis zum Restaurant, sehr ruhig gelegen und mit Panoramasicht Sicht über den ganzen Alpstein.;Herzlich Willkommen im  Berggasthaus Fuchsacker!
Unser Gästehaus liegt am Rand des schönen Appenzeller Landes.
Wir liegen auf 969 m Höhe, von wo Sie einen ergreifenden Blick auf den Alpstein haben. Sie sehen vom Hohen Kasten über den Kronberg bis zum Säntis das ganze Panorama.
In unsrem schönen Gästehaus haben wir Familien- / und Doppelzimmer.
Unser gemütlicher Saal eignet sich perfekt für:
Egal ob Hochzeiten, Geburtstage oder Firmenanlässe. Egal ob Kräuterschweinfilet, Schnitzel Pommes oder Fondue, wir haben die perfekte Location für Sie. Leckeres Essen, guter Wein und das Beste? Ein Blick auf die atemberaubende Bergkulisse! Unser Team wird dafür sorgen, dass Ihre Party unvergesslich wird. Kontaktieren Sie uns heute, um Ihren Anlass bei uns zu planen.;9.2070119;47.361029;Fuchsacker 654;9113;Degersheim;076 297 21 66;fuchsacker@bluewin.ch;http://fuchsacker.ch/;[{'@type': 'ImageObject', 'contentUrl': 'https://ttpimtsoch.sos-ch-dk-2.exoscale-cdn.com/catalog/8/c/b/e/8cbe19708313b1ecd2806fc7daabf564a5e11143_IMG_0887__2.jpg'}];2026-01-05T13:34:52+01:00
469905fa-8539-4b18-b092-714b61a8d415;Café Fortuna;Eingebettet zwischen dem Säntis und den sieben Churfirsten befindet sich das Café Fortuna. Geniessen Sie einen frisch gerösteten Kaffee, knusprige Backwaren oder saisonale Köstlichkeiten aus der Region. ;<p>Wir legen grossen Wert auf guten Kaffee. Bei uns finden Sie eine grosse Auswahl an speziellen Schweizer Getr&auml;nken, wie B&auml;nz-Apfels&auml;fte, Durscher Sirup usw. Wir beziehen unsere Produkte, wenn m&ouml;glich von regionalen Betrieben.</p><p>&nbsp;</p><p>Auskunft zur Zug&auml;nglichkeit:&nbsp;<a href="https://www.ginto.guide/entries/97dd93fa-f3e5-4ff5-9cb8-9f25a066639f?lnk_src=business" target="_blank" rel="noopener">ginto</a></p>;9.308354258537294;47.1968758572793; Dorfstrasse 12;9657;Unterwasser;+41 71 994 91 78;info@cafefortuna.ch;https://www.cafefortuna.ch/;[{'@type': 'ImageObject', 'contentUrl': 'https://ttpimtsoch.sos-ch-dk-2.exoscale-cdn.com/catalog/9/a/1/7/9a173cc2d7f7ba15debce5b8af10a04fcacd641f_Unterwasser_Caf___Fortuna.jpg'}];2026-05-15T08:45:04+02:00
4778c01d-f205-4f60-bd4d-d77e36477246;Toggenburg Distillery;Die Toggenburg Distillery ist die Herstellerin des inzwischen weit über die Grenzen der Churfirsten hinaus bekannten BERMONTIS - Fruchtiger Kräuterlikör sowie dem ersten Bio Knospe zertifizierten Gin der Schweiz, dem TOGGIUS - Bio Dry Gin.;<p>Get&uuml;ftelt, designt und als BERMONTIS GmbH gegr&uuml;ndet im Jahr 2018 stehen wir heute f&uuml;r auserlesenen fl&uuml;ssigen Kr&auml;utergenuss aus dem Toggenburg. Ob in Form von &ldquo;BERMONTIS &ndash; Fruchtiger Kr&auml;uterlik&ouml;r&rdquo;, &ldquo;BERMONTIS &ndash; Kr&auml;uterfondue&rdquo; oder jetzt auch neu mit &ldquo;TOGGIUS &ndash; Bio Dry Gin&rdquo;, stets mit dem Handwerk und der Regionalit&auml;t vor Augen. Produziert im wundersch&ouml;nen Toggenburg, von welchem wir uns auch immer wieder f&uuml;r unsere Produkte inspirieren lassen. Als Toggenburg Distillery GmbH durften wir im Fr&uuml;hling 2023 im gleichen Geb&auml;ude wie die Brauerei St.Johann in Neu St.Johann unsere eigene Distillery und Eventlocation er&ouml;ffnen.</p><p>In unserer Produktion und Eventlocation bieten wir einzigartige Erlebnisse, F&uuml;hrungen und Degustationen sowie auch Gin- &amp;amp; Cocktail-Workshops an. Von einfachen bis exklusiven F&uuml;hrung, mit oder ohne kulinarische Begleitung, wir sind f&uuml;r alle Ideen offen. Packages auf unserer Website.&nbsp;</p><p>Des Weiteren kann unsere Eventtheke auch als Seminarraum f&uuml;r dich und deine Firma gemietet werden.</p>;9.196313023567201;47.22874512549;Alte Webereistrasse 12;9652;Neu St.Johann;+41 79 686 11 28;hallo@toggenburg-distillery.ch;https://www.toggenburg-distillery.ch;[{'@type': 'ImageObject', 'contentUrl': 'https://ttpimtsoch.sos-ch-dk-2.exoscale-cdn.com/catalog/f/1/4/d/f14d2a8aa995c9332f0f32d3f00b8cd433c9f60f_Toggenburg_Distillery_F__hrung__2.jpg'}];2026-01-27T06:52:39+01:00
486573b4-212f-4856-ba61-e1fc0251cea2;Resonanzzentrum Peter Roth;Das Resonanzzentrum Peter Roth, als Holzbau konzipiert, hat zum Ziel, Klanggäste ganzheitlich zu betreuen und ihnen einen Zugang zum Thema «Klang» zu eröffnen. Das Empfangshaus dient als zentraler Anlaufpunkt für kulturelle und touristische Aktivitäten. ;Der Klangdom im dritten Stock des Resonanzzentrums Peter Roth ist das Herzstück des Hauses und der erste öffentlich zugängliche Klangdom in der Schweiz. Als Begegnungs- und Erlebnishaus heisst das Zentrum Besucherinnen und Besucher willkommen und bietet einen interaktiven Zugang zu Klang, Resonanz und Schwingung. Der Klangdom ist ein besonderer Ort für besondere Musik: Er bietet Platz für bis zu 100 Gäste, schafft Begegnungen und ermöglicht die Reflexion der Klangerfahrungen. Ein wichtiger Bestandteil für die erste audiovisuelle Präsentation im Klangdom ist die Dokumentarfilmreihe «Vom Zauberklang der Dinge», die das Werk von Peter Roth und die Musizierenden zeigt, die ihn begleitet haben.;9.329731464385988;47.19039062489649;Vordere Schwendistrasse 60;9658;Wildhaus;+41 71 998 50 00;info@klangwelt.ch;https://klangwelt.ch;[{'@type': 'ImageObject', 'contentUrl': 'https://ttpimtsoch.sos-ch-dk-2.exoscale-cdn.com/catalog/6/2/9/9/6299922ca72c2e6f32c44cf839cb80f1bceacd16_250623_GPU2501_3519_web.jpg'}];2026-07-27T13:21:52+02:00
4d68d365-8807-4108-9653-d051d168e922;Schweizer Langlaufschule Toggenburg;Langlaufunterricht für alle Bedürfnisse von unseren top ausgebildetem Lehrerteam. Entdecken Sie das Geheimnis um über den Schnee zu schweben.;Wir bieten Ihnen Langlaufkurse für Anfänger, Wiedereinsteiger & Fortgeschrittene an. Wir zeichnen uns durch sehr gut ausgebildete & qualifizierte Langlauflehrer*innen aus. Bei uns können Sie Privatstunden, Familien- und Gruppenunterricht sowie Firmenevents buchen.  Ob in Alt St. Johann oder Wildhaus, am Tag oder auf der Nachtloipe bei uns finden Sie ihr massgeschneidertes Angebot.;9.287188947200777;47.1940772731022;Hauptstrasse 40;9656;Alt St. Johann;+41 71 999 17 60;info@loipen-toggenburg.ch;https://www.loipen-toggenburg.ch;[{'@type': 'ImageObject', 'contentUrl': 'https://ttpimtsoch.sos-ch-dk-2.exoscale-cdn.com/catalog/7/e/0/f/7e0f90770fe62a59a2464464fe6de7df7b8c14f6_DSC07371.JPG'}];2025-12-19T15:39:35+01:00
4dcbfcdf-1576-4ac3-82dc-90ea0be3095d;Naturbühne Flöözli;Offene Holzplattform als Aufenthalts- und Begegnungsort.;<p>Aus heimischem Holz gefertigt, liegt diese Plattform entlang des Thur- und Neckerwegs frei im Landschaftsraum. Sie schafft eine klare, einfache Fl&auml;che im Freien &ndash; offen f&uuml;r das, was entstehen will.<br><br>Die B&uuml;hne kann spontan genutzt oder reserviert werden. Ob allein, zu zweit oder in einer kleinen Gruppe &ndash; hier entsteht Raum f&uuml;r Austausch, f&uuml;r Proben oder Trainings, Kurse und Workshops, kleine Vorf&uuml;hrungen oder f&uuml;r Team-Meetings &laquo;mal anders&raquo;. Die Naturb&uuml;hne bietet einen besonderen Rahmen f&uuml;r gemeinsame Momente in neuer Umgebung. Alternativ dient sie als Platz f&uuml;rs Picknick oder den Lunch am Mittag.</p>;9.086500;47.322056;Flöözli;9620;Lichtensteig;+41 71 999 99 11;info@toggenburg.swiss;https://thurundneckerweg.ch;[{'@type': 'ImageObject', 'contentUrl': 'https://ttpimtsoch.sos-ch-dk-2.exoscale-cdn.com/catalog/a/4/5/5/a455f80252894774134399ae3fc65c79009d865e_Naturb__hne_Fl____zli__Lichtensteig.jpg'}];2026-06-12T22:04:59+02:00
4e10470c-b4a6-4ee8-9ae0-b0b3730a6439;Toggenburg Tourismus;Toggenburg Tourismus berät Sie gerne persönlich und unterstützt Sie dabei, Ihren Aufenthalt in der Ferienregion Toggenburg unvergesslich zu gestalten.;<p>Unser Tourist-Info in Wildhaus ist Ihre zentrale Anlaufstelle für alles rund um Ferien, Ausflüge und Erlebnisse in der Ferienregion Toggenburg. Wir unterstützen Sie mit Tipps zu Wanderungen, Veranstaltungen, Familienangeboten, Unterkünften sowie den schönsten Natur- und Kulturerlebnissen. Sie erreichen uns direkt im Tourist-Info, per Telefon, E-Mail oder bequem über unseren Live-Chat. Zudem sind wir auch auf Social Media aktiv und beantworten dort gerne Ihre Fragen. Unser Team freut sich darauf, Sie bei Ihrer Planung zu unterstützen und Ihnen die vielseitige Region näherzubringen. Bis Bald!</p><p>Auskunft zur Zugänglichkeit: <a href="https://www.ginto.guide/entries/b1f59ba3-fabd-412e-90f2-b5e69f03dd6d?lnk_src=business" target="_blank" rel="noopener">ginto</a></p><p> </p>;9.341716;47.201655;Hauptstrasse 104;9658;Wildhaus;+41 71 999 99 11;info@toggenburg.swiss;http://www.toggenburg.swiss;[{'@type': 'ImageObject', 'contentUrl': 'https://ttpimtsoch.sos-ch-dk-2.exoscale-cdn.com/catalog/7/d/a/1/7da19d17384480afb2b065a84bfbfb60609affc7_Tourist_Info_Sommer_2019_3.jpg'}];2026-07-14T00:15:36+02:00
500372ce-6f00-4617-b311-3075d1097d9a;Metzgerei Metzger AG / Ebnat Kappel;Fleisch und Wurstwaren aus eigener Produktion
Toggenburger Spezialtäten Shop;Die Metzgerei Metzger AG…
… ist die Toggenburger Traditionsmetzgerei seit 1932. Über 200 Fleisch- und Wurstprodukte stellen wir selber her. Meist nach altbewährten Rezepten. Fast alles Fleisch stammt von Tieren aus dem Toggenburg. Unsere Lieferanten kennen wir persönlich. Bei Hygiene und Zusatzstoffen orientieren wir uns an modernsten Grundsätzen. Bis bald in unseren zwei besteingerichteten Verkaufsgeschäften im Toggenburg! Oder bei den Verkaufswagen überall im Zürcherland.

Im Unterschied zu Grossverteilern setzt die Metzgerei Metzger AG auf reine Handwerkskunst: Mitarbeitende mit teils jahrzehntelanger Erfahrung kontrollieren die Herstellung von der Fleischgewinnung bis zum Verkauf.

-Znüüni Hit: jeden Tag was von der warmen Theke für CHF 5.00 im Bürli
- Geschenke und Mitbringsel
- Catering; fragen Sie uns an: info@metzger-metzger.ch
- Hausgemachte Fleisch und Wurstspezialitäten
- Toggenburger Fleischspezialitäten; Stockbergspeck, Mostböckli, Birnenmöckli usw.
- extrawuerste.ch
- Fleisch- und Käseplatten für jede Gelegenheit;9.1245813;47.2612118;Ebnaterstrassse 30;9642;Ebnat Kappel;071 994 18 16;info@metzger-metzger.ch;https://metzger-metzger.ch;[{'@type': 'ImageObject', 'contentUrl': 'https://ttpimtsoch.sos-ch-dk-2.exoscale-cdn.com/catalog/a/5/7/8/a578448429330a60648811aefd1b73052caac9b6_IMG_20230208_WA0004.jpg'}];2025-10-10T11:37:47+02:00
52561659-8932-4248-93ac-42a63b50e261;Erlebnishaus Klangschmiede;In der Klangschmiede erleben Sie Klang, Resonanz und Brauchtum hautnah.;<p>In der 2011 er&ouml;ffneten Werkstatt und Gesch&auml;ftsstelle der Klangwelt Toggenburg wird das Kunsthandwerk des Schmiedens von Schellen und anderen Klangk&ouml;rpern gezeigt und vermittelt. Die Klangschmiede ist ein interaktives Erlebnishaus mit verschiedenen Themenr&auml;umen. Tauchen Sie ein in die Themen Weltall, Fauna und Flora, Naturtonmusik und Brauchtum. Und erfahren Sie mehr &uuml;ber Klangph&auml;nomene oder Heilung durch Klang. Ausprobieren und Experimentieren ist ausdr&uuml;cklich erw&uuml;nscht.</p><p>&nbsp;</p><p>Auskunft zur Zug&auml;nglichkeit:&nbsp;<a href="https://www.ginto.guide/entries/b7546341-d476-4086-82d8-2f124487b429?lnk_src=business" target="_blank" rel="noopener">ginto</a></p>;9.27897870540619;47.193419883716835;Sonnenhalbstrasse 22;9656;Alt St. Johann;+41 71 998 50 00;info@klangwelt.ch;http://www.klangwelt.ch;[{'@type': 'ImageObject', 'contentUrl': 'https://ttpimtsoch.sos-ch-dk-2.exoscale-cdn.com/catalog/5/2/b/2/52b2f6391dfec2704b7e3a685cc8c48cabf749ce_Klang_und_Brauchtum_Klangschmiede_Klangwelt_Toggenburg.jpg'}];2026-07-27T12:10:44+02:00
536fc1f7-581c-4072-a766-a1f12ba3f1ae;Eventraum Schüür;Basierend auf dem Monatsprogramm bieten wir in unserem stimmungsvollen Eventraum im Zentrum von Brunnadern Anlässe und Veranstaltungen mit kulinarischem Hintergrund.;<p>Die Sch&uuml;&uuml;r wird gef&uuml;hrt von Menschen mit und ohne Handicap. Unser Anliegen liegt in der integrativen und sinnvollen Besch&auml;ftigung von Menschen mit Beeintr&auml;chtigungen. Dieder Betrieb der Sch&uuml;&uuml;r basiert auf dem Monatsprogramm. Dieses kann ab ca. dem 20. Des Vormonats auf unserer Website herunter geladen werden: www.schuurbrunnadern.ch Wir werden gerne gebucht und sind auch hervorragend geeignet f&uuml;r Gastroanl&auml;sse von Gruppen und Bed&uuml;rfnisse verschiedenster Art, bei der wir gerne f&uuml;r ihr Wohl besorgt sind. Unser atmosph&auml;risch starker Eventraum umfasst mit Gastrobestuhlung min. 60 Pl&auml;tze. Unsere Veranstaltungen haben in der Regel einen kulinarischen Hintergrund. Wir geben aber auch Veranstaltungen Raum die lediglich ein Catering, oder einen Apero inkludieren. Sie k&ouml;nnen bei uns auch ihre eigene Veranstaltung organisieren. Unser Raum kann auch gemietet werden. Die Technik umfasst WLAN und einen Beamer. Geplant ist der Aufbau einer verbesserten Ausstellungsraumtechnik. Mit dem Treppenlift ist ein barrierefreier Zugang m&ouml;glich. Nur bedingt geeignet sind wir f&uuml;r Anl&auml;sse mit mehreren rollstuhlfahrenden Teilnehmern. Parkpl&auml;tze befinden sich in unmittelbarer N&auml;he und der Bahnhof ist in 5 min. erreicht. Unsere Betriebsleiterin Frau Susanne Stalder beantwortet gerne ihre weiteren Fragen: info@schuurbrunnadern.</p><p>&nbsp;</p><p>Auskunft zur Zug&auml;nglichkeit:&nbsp;<a href="https://www.ginto.guide/entries/0922abed-fda6-469f-868f-5b9ad886126d?lnk_src=business" target="_blank" rel="noopener">ginto</a></p>;9.130995869636537;47.33540906495313;Dorfstrasse 20a;9125;Brunnadern;+41 77 261 56 00;info@schuurbrunnadern.ch;https://www.schuurbrunnadern.ch/;[{'@type': 'ImageObject', 'contentUrl': 'https://ttpimtsoch.sos-ch-dk-2.exoscale-cdn.com/catalog/1/3/8/e/138ec4380ae46007911d03953fa76adba92b5df6_Sch____r.jpg'}];2026-04-17T12:09:33+02:00
54376a6d-191c-497f-8166-74ee3e754dba;Ackerhus;Das Ackerhus in Ebnat‑Kappel ist ein lebendiger Ort für Toggenburger Kulturgeschichte, Hausorgeln, Halszithern und historische Möbel – ein Museum und Kulturlokal, das Vergangenheit und Gegenwart verbindet.;<div><p>Im Herzen des Toggenburgs steht das Ackerhus in Ebnat‑Kappel &ndash; ein Ort, der Kulturerbe auf inspirierende Weise bewahrt und lebendig h&auml;lt. Das historische Bauernhaus aus dem 18. Jahrhundert wurde 1952 von Albert Edelmann originalgetreu an seinem heutigen Standort aufgebaut. Damit legte er den Grundstein f&uuml;r das heutige Heimatmuseum und Kulturlokal.</p><p>Das Ackerhus vereint Geschichte und Gegenwart zu einem besonderen Ort: Toggenburger Architektur, liebevoll restaurierte und modern erweiterte R&auml;ume laden zu Sonderausstellungen, Konzerten und privaten Feiern ein. Hier treffen Vergangenheit und Gegenwart aufeinander und schaffen Inhalte, die Herkunft dokumentieren und in der Gegenwart verbinden.</p><p>Ob bei einem spontanen Besuch der Ausstellung oder einer besonderen Veranstaltung &ndash; das Ackerhus bietet Perspektiven, die neugierig machen und Lust auf mehr wecken.</p></div>;9.1224594;47.2673229;Ackerhusweg 20;9642;Ebnat-Kappel;+41797790284;info@ackerhus.ch;http://ackerhus.ch;[{'@type': 'ImageObject', 'contentUrl': 'https://ttpimtsoch.sos-ch-dk-2.exoscale-cdn.com/catalog/f/1/6/a/f16a7cca677f6202a5da7e41c98e4b797724e03b_STB20250826_531__1_.jpg'}];2026-06-08T15:54:07+02:00
582dc67c-de32-40a4-a1e5-4c84a4b9f3cb;Selunbahn;[{'@type': 'ImageObject', 'contentUrl': 'https://ttpimtsoch.sos-ch-dk-2.exoscale-cdn.com/catalog/2/6/d/6/26d63202467876aa00c0e025afb557e4baa4ad11_TT_2025_Selunbahn_143.jpg'}];2026-07-22T15:24:03+02:00
597b5b83-a1f6-4bee-b843-7677fa5ae1d1;Toggenburgshop Ebnat-Kappel;Der Toggenburgshop ist dein Selbstbedienungsladen in Ebnat-Kappel. Der Laden steht dir während 24 Stunden am Tag zur Verfügung. Du erhältst im Toggenburgshop viele Produkte für deinen täglichen Bedarf – natürlich möglichst aus dem Toggenburg.;Der Toggenburgshop ist dein Selbstbedienungsladen in Ebnat-Kappel. Der Laden steht dir während 24 Stunden am Tag zur Verfügung. Du erhältst im Toggenburgshop viele Produkte für deinen täglichen Bedarf – natürlich möglichst aus dem Toggenburg. Die Galerie Elf bietet im gleichen Ladenlokal Dekoration und Kunst an.;9.120744466781618;47.26452400035863;Kapplerstrasse 11;9642;Ebnat-Kappel;info@toggenburgshop.ch;https://www.toggenburgshop.ch;[{'@type': 'ImageObject', 'contentUrl': 'https://ttpimtsoch.sos-ch-dk-2.exoscale-cdn.com/catalog/1/8/b/6/18b62703efee6363920d69e4de628349bd3c0e54_toggenburgshop_ebnat_kappel.jpg'}];2026-07-02T08:00:23+02:00
5b0d24ae-4156-4298-9c74-6f3174daca11;Gleitschirm Tandemflug beim Chäserrugg;Du fliegst mit dem Gleitschirm über die zauberhafte Natur vom Toggenburg mit einer wunderbaren Aussicht auf den Chäserrugg und die Churfirsten. ;Der 15 bis 20-minütige Panoramaflug ist täglich bei gutem Wetter möglich und der 30 bis 45-minütige Thermikflug ist täglich von April bis August möglich. Oder wie wäre es mit unserem DUO-Gleitschirmflug zu zweit parallel an zwei Gleitschirmen? Du hast auch die Möglichkeit, einen halben Tag mit Privatpilot zu buchen mit bis zu 3 Flügen. Wir bieten ebenfalls Gruppenevents und Schnupperkurse für grössere Gruppen oder Firmenausflüge an.

Inkludierte Leistungen: Gesamte Ausrüstung, Pilot, exkl. Bergfahrt
keine Vorkenntnisse erforderlich, ab 8 Jahren;9.312185537778436;47.15518373298394;9657;Unterwasser;+41 71 554 80 70;info@flightbase.ch;https://www.passagierflug.ch/;[{'@type': 'ImageObject', 'contentUrl': 'https://ttpimtsoch.sos-ch-dk-2.exoscale-cdn.com/catalog/3/9/5/1/39519b576dc7a4f3be42f07a88320256b1d0746e_Thermikflug_Ch__erugg.jpg'}];2026-01-14T00:30:45+01:00
5be53563-33a4-49cf-96e5-932fd938386b;Macherzentrum Toggenburg;Im ehemaligen Postgebäude an zentraler Lage in der mini.Stadt Lichtensteig hat sich das Macherzentrum Toggenburg installiert. ;Die Infrastruktur besteht aus einzelnen Arbeitsplätzen, die Coworker*innen nach ihren Bedürfnissen buchen und nutzen. Die Arbeitsplätze werden durch zwei Besprechungsräume, einer Begegnungszone (Event) und der offen verbundenen Kaffee-Küche ergänzt. Diese nutzen sowohl Coworker*innen als auch aussenstehende Firmen, Organisationen und Vereine für interne Anlässe wie Sitzungen oder Workshops, aber auch für Treffen und Präsentationen mit ihren Kundinnen und Kunden. 
;9.0878669;47.3240811;Postgasse 1;9620;Lichtensteig;+41 71 552 22 11;info@macherzentrum.ch;https://www.macherzentrum.ch;[{'@type': 'ImageObject', 'contentUrl': 'https://ttpimtsoch.sos-ch-dk-2.exoscale-cdn.com/catalog/3/1/1/e/311e52d7fbd00a1c6683dbc349e2895df3e25739_macherzentrum_toggenburg_lichtensteig_coworking_space_8.jpg'}];2025-12-19T15:39:36+01:00
5c7c9ff2-e7cf-4ff1-9636-6949411cd788;Über Nachtwächter und Brunnenmeister;Auf diesem Rundgang durch Lichtensteig hören Sie vom spannenden Leben und Wirken der Nachtwächter und Brunnenmeister. ;<p>Im Mittelalter hatten Nachtw&auml;chter (T&uuml;rmer) und Brunnenmeister eine zentrale Bedeutung f&uuml;r das Leben in St&auml;dten und Gemeinden. Ihre Aufgaben trugen ma&szlig;geblich dazu bei, Ordnung, Sicherheit und die Versorgung der Bev&ouml;lkerung zu gew&auml;hrleisten. Diese beiden Berufe waren essenziell f&uuml;r die mittelalterliche, sp&auml;t-mittelalterliche und neuzeitliche Gesellschaft. Sie symbolisieren nicht nur die Organisation des st&auml;dtischen Lebens, sondern auch den fr&uuml;hen Versuch, Gefahren systematisch zu begegnen.</p><p><strong>Ap&eacute;ro<br></strong>Zur stimmigen Abrundung kommt ein feiner Ap&eacute;ro vor oder nach der F&uuml;hrung sehr gut an - unser Spezialangebot f&uuml;r St&auml;dtlif&uuml;hrungsgruppen finden Sie&nbsp; <a href="https://toggenburg.swiss/files/_OpenFrontend/websites/toggenburg.swiss/objects/pdf_download/ap%C3%A9ro_angebote_lichtensteig.pdf" target="_blank" rel="noopener">hier.</a>&nbsp;</p>;9.08723294734955;47.32356333889576;9620;Lichtensteig;[{'@type': 'ImageObject', 'contentUrl': 'https://ttpimtsoch.sos-ch-dk-2.exoscale-cdn.com/catalog/1/3/0/3/1303ce6fa48f539f8187c40d36f8f94be733e1cf_02_Wakkerpreis_2023_Lichtensteig.jpg'}];2026-03-20T16:24:17+01:00
5e9f9531-b062-41aa-b3b3-2250f4492697;Brunnengeschichten;Hören Sie auf diesem Rundgang durch Lichtensteig, wieso der Brunnen weit mehr als nur der Versorgung mit Wasser diente.;<p>So passte der Brunnenh&uuml;ter auf, dass niemand das &laquo;Wasser beschisse und unsauber mache&raquo;. Die Waschweiber sollten ihre Arbeiten im Sudelbrunnen besorgen. Die Metzger waren an den &laquo;Metzgibrunnen&raquo; gewiesen. Bei den Brunnen wurde &laquo;getratscht&raquo; und man traf sich f&uuml;r den Austausch von Neuigkeiten.<br>Die Sorge f&uuml;r ausreichendes und sauberes Wasser geh&ouml;rte zu allen Zeiten zu den elementaren Anliegen. Die &ouml;ffentlichen Brunnen Lichtensteigs waren bis weit ins 19. Jahrhundert hinein die einzige Quelle f&uuml;r den Hausgebrauch und spielten f&uuml;r den t&auml;glichen Wasserbedarf der Bev&ouml;lkerung eine zentrale Rolle. Erst mit dem Bauplan von 1879 und der anschliessenden Realisierung erhielt Lichtensteig und dessen Umgebung eine moderne Wasserversorg mit Reservoir und Leitungsnetz.</p><p><strong>Ap&eacute;ro<br></strong>Zur stimmigen Abrundung kommt ein feiner Ap&eacute;ro vor oder nach der F&uuml;hrung sehr gut an - unser Spezialangebot f&uuml;r St&auml;dtlif&uuml;hrungsgruppen finden Sie&nbsp; <a href="https://toggenburg.swiss/files/_OpenFrontend/websites/toggenburg.swiss/objects/pdf_download/ap%C3%A9ro_angebote_lichtensteig.pdf" target="_blank" rel="noopener">hier.</a>&nbsp;</p>;9.08724367618561;47.32352333434362;9620;Lichtensteig;[{'@type': 'ImageObject', 'contentUrl': 'https://ttpimtsoch.sos-ch-dk-2.exoscale-cdn.com/catalog/4/3/c/4/43c48bf5323f780b77b6e1dab85075d947cf09c0_Brunnen.jpg'}];2026-03-20T16:24:17+01:00
5f539234-8a21-4a79-9cdd-9eaa037c325b;Beat Sport, Wildhaus;Sportgeschäft, Skiverleih, Skiservice;Ihr Fachgeschäft für den Kauf und die Vermietung von Sportartikel. 

Skivermietung während Saison täglich geöffnet;9.3401349;47.2015926;Hauptstrasse 93;9658;Wildhaus;+41 71 571 22 20;wildhaus@beat-sport.ch;https://www.beat-sport.ch/locations/wildhaus;[{'@type': 'ImageObject', 'contentUrl': 'https://ttpimtsoch.sos-ch-dk-2.exoscale-cdn.com/catalog/1/8/0/f/180feb2cc38fd01406d7d2c5c5b3533b653d9dba_Beat_Sport_h.jpg'}];2026-08-04T03:16:45+02:00
61b4fd52-1959-4256-ba60-677c5b00cc35;Krone Mosnang;Die Krone Mosnang ist ein Familienbetrieb mit über 130 jähriger Tradition. In 5. Generation geführt, bieten wir eine regionale, bürgerliche Küche an, welche stets mit Modernem kombiniert wird.;<p>FEIERN Es freut uns sehr, mit dem neuen kroneSAAL viel Platz und moderne Gem&uuml;tlichkeit f&uuml;r gediegene Festlichkeiten im gr&ouml;sseren und kleineren Rahmen anbieten zu d&uuml;rfen. Ob Geburtstagsfest, Ap&eacute;ro, Familienfeier, Vereinstreffen oder Hochzeit - wir verw&ouml;hnen Sie rundum mit unseren saisonalen und regionalen Gerichten. TAGEN Die Krone Mosnang ist der ideale Ort f&uuml;r Tagungen, Seminare, Workshops oder Referate. Mit mehreren R&auml;umen unterschiedlichster Art und der neu erstellten kroneLODGE k&ouml;nnen wir Ihnen alles bieten, was Sie f&uuml;r Ihren Anlass ben&ouml;tigen. SCHLAFEN &Uuml;bernachten Sie in unserem modernen G&auml;stehaus, der kroneLODGE. In 10 gem&uuml;tlichen und stilvollen Zweibettzimmern bieten wir die ideale &Uuml;bernachtungsm&ouml;glichkeit. Tr&auml;umen Sie sch&ouml;n... Infrastruktur Zweir&auml;der: - Ladem&ouml;glichkeiten E-Bikes drinnen und draussen - kroneLODGE bietet abschliessbaren Veloraum mit Strom f&uuml;r Lodge G&auml;ste an.</p><p>&nbsp;</p><p>Auskunft zur Zug&auml;nglichkeit: <a href="https://www.ginto.guide/entries/3a1bf073-af40-4cd2-8f5f-7addd45a9a18?lnk_src=business" target="_blank" rel="noopener">ginto</a></p>;9.041178;47.364081;Unterdorf 20;9607;Mosnang;+41 71 983 28 47;info@kronemosnang.ch;http://www.kronemosnang.ch;[{'@type': 'ImageObject', 'contentUrl': 'https://ttpimtsoch.sos-ch-dk-2.exoscale-cdn.com/catalog/f/8/0/8/f808cbf58a4eee7f89b4e81536251689cbeee525_kroneLODGE_Mosnang_1.jpg'}];2026-06-18T23:28:28+02:00
61fc66c9-2cbc-4974-a7f2-1eec1521d5fe;Hotel Friedegg Gasthaus B&B;Unser über 100-jähriges kleines, feines Gasthaus mitten in Wildhaus an zentraler Lage, bietet stilvollen Charme, authentisch und persönlich.;Treten Sie ein in unser einmaliges Gasthaus, entschleunigen Sie, geniessen und erleben Sie persönlich unsere Leidenschaft für das Authentische und Aufrichtige. Dank der sanften Renovation vermischt sich in der Friedegg heute Altehrwürdiges mit Modernem. Ein feines Frühstück erwartet Sie täglich. Parkplätze, Velo- und Skiraum, schnelles WLAN und zusätzliche Aufenthaltsräume stehen zur Verfügung. Die kleine feine, hauseigene Bibliothek lädt zum Verweilen. Von jedem Zimmer aus haben Sie Aussicht auf die faszinierende Bergwelt des Churfirsten- und Alpsteingebietes. Die Atmosphäre im Hotel ist ungezwungen, stilvoll und persönlich.;9.3399175;47.2007763;Munzenrietstrasse 2;9658;Wildhaus;+41 71 999 13 13;info@gasthaus-friedegg.ch;https://www.gasthaus-friedegg.ch;[{'@type': 'ImageObject', 'contentUrl': 'https://ttpimtsoch.sos-ch-dk-2.exoscale-cdn.com/catalog/c/9/e/6/c9e6d17fdc290b3b3bf87abbde983ab14843a810_IMG_20230621_194925.jpg'}];2026-08-31T23:09:57+02:00
62103a72-114c-4167-b7ec-269fea97609b;Toggenburgshop Unterwasser;Der Toggenburgshop ist dein Selbstbedienungsladen in Unterwasser. Der Laden steht dir während 24 Stunden am Tag zur Verfügung. Du erhältst im Toggenburgshop viele Produkte für deinen täglichen Bedarf – natürlich möglichst aus dem Toggenburg.;9.3109667301178;47.196620053991474;Dorfstrasse 29;9657;Unterwasser;+41 71 560 55 96;info@toggenburgshop.ch;https://www.toggenburgshop.ch/;[{'@type': 'ImageObject', 'contentUrl': 'https://ttpimtsoch.sos-ch-dk-2.exoscale-cdn.com/catalog/0/1/8/f/018f308e76423b615bd051ed96a0d3374de0ba28_toggenburgshop_hoettli_unterwasser.jpg'}];2026-07-02T08:01:08+02:00
6282ff01-9450-4dc6-9aa2-7b57b867cb8c;Bergrestaurant Iltios;Das Bergrestaurant Iltios bietet lokale, saisonale Produkte sowie eine Sonnenterrasse mit Blick auf die Churfirsten und den Alpstein.;<p>In der schönen Bergwelt des Iltios, in der Mitte des Klangweges und direkt an der Skipiste, auf einem sonnigen Plateau, steht das weitaus bekannte Bergrestaurant Iltios. Mit der grosszügigen Terrasse von 300 Plätzen, angrenzend an unseren schönen Kinderspielplatz servieren wir Ihnen urchige Speisen. Im Restaurant verfügen wir über 70 Plätze, davon 30 mit direktem Ausblick auf den Säntis und das Obertoggenburg. Im Panoramasaal stehen Ihnen 100 Plätze mit Rundsicht zur Verfügung. Das Bergrestaurant Iltios ist barrierefrei zugänglich.</p><p> </p><p>Auskunft zur Zugänglichkeit: <a href="https://www.ginto.guide/entries/3f439469-8eb8-4327-a885-78ced67a2a94?lnk_src=business">ginto</a></p>;9.3125392;47.1851567;Frühweidstrasse 8;9657;Unterwasser;+41 71 999 11 55;iltios@chaeserrugg.ch;https://www.chaeserrugg.ch/de;[{'@type': 'ImageObject', 'contentUrl': 'https://ttpimtsoch.sos-ch-dk-2.exoscale-cdn.com/catalog/1/6/e/6/16e602a2dbde5381b9b2b5714f238cab6f0447e8_TT_Station_Iltios_Sommer_2019__2.jpg'}];2026-06-02T01:02:49+02:00
63a1c040-5ca2-4691-8959-4732391badbc;Reitschule für Kinder und Erwachsene / geführte Ausritte im Toggenburg;Ob Reitstunden auf Schulpferden, geführte Ausritte oder Bodenarbeitskurse – bei uns finden Pferdefans jeden Alters ein passendes Angebot.;<p>Auf unserem modernen Sandplatz in Dietfurt SG bieten wir pferdebegeisterten Kindern und Erwachsenen Reitstunden auf gut ausgebildeten Schulpferden an.<br>Zudem k&ouml;nnen auch gef&uuml;hrte Ausritte ins Gel&auml;nde oder Bodenarbeitskurse gebucht werden.</p>
<p>Weitere Informationen zu unseren Angeboten, Preisen und Kursen finden Sie auf unserer Website unter:<br><a href="https://kutschenfahrten-scherrer.ch/Reitschule/">www.kutschenfahrten-scherrer.ch</a>, Rubrik&nbsp;<strong>Reitschule</strong>.</p>;9.0767387;47.3438857;Eichli, 680;9615;Dietfurt;078 823 02 70;ramaechler1@gmail.com;https://www.kutschenfahrten-scherrer.ch;[{'@type': 'ImageObject', 'contentUrl': 'https://ttpimtsoch.sos-ch-dk-2.exoscale-cdn.com/catalog/a/7/9/0/a7906dbbea0c570d696618fede823cc15555fdc5_Gel__nderitt1.jpg'}];2025-12-19T15:40:52+01:00
63cec007-112d-43b5-8313-85a4f385c0e9;Hofladen Adelbach-Hof;Kleiner Selbstbedienungshofladen;Neben unseren selbstgemachten Joghurt und Fleisch unserer Tiere bieten wir auch Pastmilch, Freilandeier und Käse von Partnerbetrieben der Region an. Auf jeden Fall einen Besuch wert, ebenfalls wunderbar mit einem Besuch bei der Kamerasau (www.kamerasau.ch) zu verbinden.;9.1275410068259;47.343055449999994;Adelbach 993;9126;Necker;071 565 73 51;info@adelbach-hof.ch;https://www.adelbach-hof.ch/;[{'@type': 'ImageObject', 'contentUrl': 'https://ttpimtsoch.sos-ch-dk-2.exoscale-cdn.com/catalog/b/7/9/a/b79a866eae7006d805270fab51e4a42ea538a73c_Dojana.jpg'}];2025-10-10T11:24:03+02:00
63f1cef3-073b-4d9e-9557-92f0874b6144;Säntisloipe;9.2339398;47.2440338;[{'@type': 'ImageObject', 'contentUrl': 'https://ttpimtsoch.sos-ch-dk-2.exoscale-cdn.com/catalog/4/1/e/7/41e7b7901bdc7e8f36f3149951ab371c09178042_langlauf.jpg'}];2025-10-22T15:33:38+02:00
6481ce97-e3e9-4368-b50b-459c74592707;Langlauf Panorama-Loipe Scherb/Bendel (Hemberg - Ebnat-Kappel);Ein lehrreiches Vergnügen: Die Panorama-Loipe auf dem Scherb/Bendel zwischen Hemberg und Ebnat-Kappel führt an verschiedenen Aussichtspunkten vorbei.;Beim Langlauf nicht nur etwas für die Fitness tun, sondern gleichzeitig Aussichten geniessen und spannende Hintergrundinformationen erhalten? Das ist auf der rund fünf Kilometer langen Panorama-Loipe im Scherb/Bendel zwischen Hemberg und Ebnat-Kappel möglich. Auf acht Tafeln werden die einmaligen Ausblicke auf die Churfirsten, den Alpstein, das Neckertal, die Chrüzegg, den Stockberg, den Speer und Richtung Zürichsee mit geschichtlichen, geografischen und weiteren Informationen näher erklärt. Zusätzlich sind alle Tafeln mit einem Kindermärchen ergänzt. Das Märchen vom Heinzelmännchen Speerli ist fortlaufend über alle acht Tafeln geschrieben.;9.163026809692385;47.27713230427341;Salomonstempelstrasse;9642;Ebnat-Kappel;+41 77 521 58 04;bert.baumann@bluewin.ch;https://www.loipen-scspeer.ch/panoramaloipe/;[{'@type': 'ImageObject', 'contentUrl': 'https://ttpimtsoch.sos-ch-dk-2.exoscale-cdn.com/catalog/e/4/2/c/e42c4b0d4d03e2deeff73edaa2df7730fa0c1fa7_resized_650x365_origimage_691130.jpg'}];2025-10-10T15:51:49+02:00
65073e3d-6225-4569-b853-60811c612854;Gipfelrestaurant Chäserrugg;Wo der Geschmack auf Fernsicht trifft – kulinarischer Hochgenuss mit Weitblick auf 2262 m ü. M., entworfen von Herzog & de Meuron.;<p>Ein Ort der Ruhe und des Genusses Hoch oben auf dem Chäserrugg, dem östlichsten der sieben Churfirsten, erwartet Sie das Gipfelrestaurant Chäserrugg. Auf 2'262 Metern über Meer bietet es nicht nur kulinarische Höhepunkte, sondern auch einen atemberaubenden Panoramablick über sechs Länder. Ob bei strahlendem Sonnenschein oder mystischem Nebel – hier erleben Sie eindrückliche Momente inmitten der alpinen Landschaft. Architektur im Einklang mit der Natur Das von Herzog & de Meuron entworfene Gipfelgebäude fügt sich harmonisch in die Bergwelt ein. Verwendet wurden unbehandelte Hölzer aus der Schweiz – Fichte und Esche – die der Architektur eine schlichte Eleganz und regionale Authentizität verleihen. Die grosszügigen Fensterfronten eröffnen spektakuläre Ausblicke, während die durchdachte Raumgestaltung sowohl Rückzugsorte als auch gesellige Plätze schafft. Rahmenprogramme für unvergessliche Erlebnisse Die Hochebene Rosenboden lädt zu gemütlichen Wanderungen ein. Der Panoramarundweg bietet faszinierende Ausblicke auf über 500 Berggipfel und den Walensee. Für Interessierte werden Architekturführungen angeboten, die spannende Einblicke in die Entstehung und Gestaltung des Gipfelgebäudes geben. Anreise – bequem und barrierefrei Die Anreise zum Chäserrugg gestaltet sich komfortabel: Von Unterwasser gelangen Sie mit der Standseilbahn nach Iltios und von dort mit der Luftseilbahn direkt zum Gipfel. Beide Bahnen sind rollstuhlgängig, und auch das Gipfelgebäude.</p><p>Auskunft zur Zugänglichkeit: <a href="https://www.ginto.guide/entries/2f369494-dd11-48ba-89d2-437c7260d357?lnk_src=business" target="_blank" rel="noopener">ginto</a></p><p> </p>;9.312517031027447;47.155192816331585;-;9657;Unterwasser;+41 71 998 68 10;info@chaeserrugg.ch;http://www.chaeserrugg.ch/;[{'@type': 'ImageObject', 'contentUrl': 'https://ttpimtsoch.sos-ch-dk-2.exoscale-cdn.com/catalog/f/9/c/7/f9c782007d61e32da1bd1861cc07ce9fd8b75a6c_0000660_chaeserrugg_shooting_am_S_24.jpg'}];2026-05-06T11:33:41+02:00
669cca08-ad58-48de-b9d2-9be537b743e2;Königs Chäsi;Die Königs Chäsi steht für ehrliches Handwerk, regionale Verbundenheit und gelebte Käsekultur im Toggenburg. Als junges, familiär geführtes Unternehmen verbinden wir Tradition mit frischem Unternehmergeist – immer mit dem Fokus auf Qualität und Herkunft.;Die Königs Chäsi steht für ehrliches Handwerk, regionale Verbundenheit und gelebte Käsekultur im Toggenburg. Als junges, familiär geführtes Unternehmen verbinden wir Tradition mit frischem Unternehmergeist – immer mit dem Fokus auf Qualität, Herkunft und Geschmack.

Unsere Käse entstehen an zwei Standorten: In Nesslau produzieren wir sowohl unsere Appenzeller-Produkte als auch unseren charakterstarken Bergkönig. Die Milch dafür stammt von ausgewählten Bauern aus der Region, mit denen wir eng und partnerschaftlich zusammenarbeiten. Sorgfalt, Erfahrung und viel Herzblut prägen jeden einzelnen Produktionsschritt.

Der Bergkönig erhält seinen letzten Schliff in unserem externen Reifelager im Schönenberg. Dort reift er in aller Ruhe unter optimalen Bedingungen heran und entwickelt sein unverwechselbares Aroma – kräftig, ehrlich und mit alpinem Charakter.

Die Königs Chäsi ist mehr als nur eine Käserei: Sie ist ein Ort, an dem Leidenschaft für das Handwerk, regionale Identität und die Liebe zum Produkt spürbar werden. Ein echtes Stück Toggenburg – zum Geniessen, Entdecken und Weitererzählen.;9.199011325836183;47.22515717946661;Hauptstrasse 22;9649;Nesslau;0719941845;administration@koenigs-chaesi.ch;https://www.koenigs-chaesi.ch/;[{'@type': 'ImageObject', 'contentUrl': 'https://ttpimtsoch.sos-ch-dk-2.exoscale-cdn.com/catalog/3/6/9/8/3698815a980e3a98a7783cf5eec44b076332b88c_2S2A9798.jpg'}];2026-03-16T19:15:46+01:00
66e4bbef-a4d0-406f-b2e0-0bdd75b6a305;Wülflingerhaus;Das Wülflingerhaus des Skiclub Wülflingen ist ein einfaches und gemütliches, Haus für Familien und Vereine, geeignet für Ski- und Wanderferien, Geburtstagsfeiern, Familienfeste und Vereinswochenenden.;<div><p>Unser zweckm&auml;ssig eingerichtetes Selbstkocherhaus befindet sich im Ortsteil Rain in Alt St. Johann, zehn Minuten von der Postautostation und dem Dorfladen entfernt. Zur Sellamatt‑Seilbahn sind es 15 Minuten; bei g&uuml;nstiger Schneelage kann man mit den Skiern direkt bis zum Haus abfahren.</p><p>Das Haus bietet insgesamt 31 Schlafpl&auml;tze in f&uuml;nf Zimmern, eingerichtet als Matratzenlager. Schlafsack und Fixleintuch sind mitzubringen.</p><p>Unsere Ski- und Wanderh&uuml;tte liegt im Ortsteil Rain in Alt St. Johann, rund zehn Gehminuten von der Postautostation und dem Dorfladen entfernt. In der &Uuml;bergangszeit und im Winter muss das Haus nach dem Vorheizen durch die H&uuml;ttenwartin mit Holz selbst beheizt werden.</p><p>In 15 Minuten erreichen Sie die Talstation der Sessel-/ und Kabinenbahn Sellamatt, die Sie im Sommer direkt ins Wandergebiet Churfirsten mit seinen gut erreichbaren Gipfeln bringt. Im Winter f&uuml;hrt die Skipiste bis ins Tal und eine Zufahrt direkt zum Haus ist m&ouml;glich. In schneearmen Wintern bringt Sie die Seilbahn direkt hinauf ins Skigebiet Ch&auml;serugg.</p><p>Zur An- und Abreise kann bis zum Haus gefahren werden; zum Parkieren steht unser Parkplatz in Gehdistanz zur Verf&uuml;gung.</p><p>Bitte beachten Sie:<br>&ndash; Unser Haus steht nicht allein. Die Durchf&uuml;hrung von Junggesellenabschieden, exzessiven Feiern oder anderen Veranstaltungen, die zu erheblicher L&auml;rmbel&auml;stigung der Nachbarn f&uuml;hren, ist nicht erlaubt.<br>&ndash; Hausreinigung durch die Mieter.<br>&ndash; Haustiere sind nicht erlaubt.<br>&ndash; Nichtraucherhaus.</p></div>;9.27925;47.19078;Rainstr. 16;9656;Alt St. Johann;vermietung@wuelflingerhaus.ch;https://wuelflingerhaus.ch/;[{'@type': 'ImageObject', 'contentUrl': 'https://ttpimtsoch.sos-ch-dk-2.exoscale-cdn.com/catalog/0/2/2/a/022a6e7a9659fb7352de962f272ab4530d8a7f00_S__dansicht_Sommer.JPG'}];2026-03-31T21:07:21+02:00
67245292-9531-4d34-a310-2cc6cae6a1a2;Hydromyths – Lucie Tuma;Kunst am Fluss – Klangspuren, verweben Gegenwart und Vergangenheit.;<p>Am Zusammenfluss von Thur und Necker in L&uuml;tisburg l&auml;dt Lucie Tuma mit &bdquo;Hydromyths&ldquo; zu einem begehbaren Klangraum ein. Vogelstimmen, Wasserger&auml;usche und eingesprochene Texte erklingen &uuml;ber eine Tonspur, Holzbilder an der historischen Br&uuml;cke erg&auml;nzen den Soundwalk. Naturkl&auml;nge und Erz&auml;hlung treten hier in einen leisen Dialog.</p>;9.083389;47.391944;Letzibrücke;9604;Lütisburg;+41 71 999 99 11;info@toggenburg.swiss;https://thurundneckerweg.ch;[{'@type': 'ImageObject', 'contentUrl': 'https://ttpimtsoch.sos-ch-dk-2.exoscale-cdn.com/catalog/5/1/c/6/51c6d5ab0e866e3ad3d68fbd45949239ab8035de_HST_2969.jpg'}];2026-05-13T18:54:56+02:00
6ae75ef8-3fb9-4950-9e5e-ec879b9039ae;Skillspark;Die Bike Academy Toggenburg Trails bilden einen vielseitigen Bike Skillspark im idyllischen Eggewäldi.;Die Fahrtechnik kann auf Abschnitten unterschiedlicher Schwierigkeit geübt und verbessert werden. Insgesamt stehen rund 3km gekenntzeichnete Übungsabschnitte (blau, rot, schwarz) zur Verfügung. Die Bike Academy Toggenburg bietet Fahrtechnikkurse an, in welchen die sichere Herangehensweise erklärt und geübt wird.;9.342820644378664;47.200203329948586;Munzenriet 12;9658;Wildhaus;0786194990;office@bikeacademy-toggenburg.ch;https://bikeacademy-toggenburg.ch/skillspark;[{'@type': 'ImageObject', 'contentUrl': 'https://ttpimtsoch.sos-ch-dk-2.exoscale-cdn.com/catalog/8/7/3/b/873becd5a617d2c3e34043fb76c94dda70c00f69_Bildschirmfoto_2026_07_14_um_14.27.39.png'}];2026-07-16T15:39:35+02:00
6ce16aef-91ee-4743-ba21-12d9a43c47de;Schaukel Bühl;Schlichte Schaukel aus Holz als Moment der Unbeschwertheit.;<p>Ein Holzbrett, zwei Ketten &ndash; mehr braucht es nicht. Entlang des Thur- und Neckerwegs entsteht so ein einfacher Ort, der an fr&uuml;her erinnert.<br><br>Beim Schaukeln wird das Gef&uuml;hl leichter und Gedanken verlieren an Gewicht. F&uuml;r einen Moment darf alles unkompliziert sein.</p>;9.219389;47.202167;Bühl;9655;Stein;+41 71 999 99 11;info@toggenburg.swiss;https://thurundneckerweg.ch;[{'@type': 'ImageObject', 'contentUrl': 'https://ttpimtsoch.sos-ch-dk-2.exoscale-cdn.com/catalog/1/5/a/0/15a0ba480ac099ac6be560671f599c9604eb23a9_Schaukel_B__hl__Stein.jpeg'}];2026-03-16T19:16:41+01:00
6e59a02f-219c-4c37-9b6b-c8e5bf3c8757;Sternen Ennetbühl;Am Fusse des Säntis liegt das kleine Dorf Ennetbühl. Umgeben von einer malerischen Bergwelt bietet es den optimalen Ort, um dem Alltagsstress zu entkommen. Für Naturliebhaber und Wanderfreunde bietet der Ort im Obertoggenburg eine Vielfalt an Freizeitbeschäftigungen.;Der Sternen befindet sich von Nesslau aus direkt am Dorfanfang von Ennetbühl.

In 4 verschiedenen Doppelzimmern mit Dusche und WC, mit Blick vom Balkon aus in die Berge steht der Erholung nichts mehr im Wege. Ebenfalls gibt es ein Einzelzimmer mit Dusche und WC ausserhalb vom Zimmer. Wer möchte, kann sein Essen in einer einfachen Küche, auch selber kochen.

- Frühstück nach Absprache
- Hunde sind herzlich willkommen

Für eine saisonale und gut bürgerliche Küche empfehlen die Gastgeber das Gasthaus Krone in Ennetbühl. Dies befindet sich zwei Gehminuten von der Unterkunft entfernt.;9.20979;47.24041;Dorf 927;9651;Ennetbühl;071 994 10 14;schlafen@sternen-ennetbuehl.ch;https://sternen-ennetbuehl.ch/;[{'@type': 'ImageObject', 'contentUrl': 'https://ttpimtsoch.sos-ch-dk-2.exoscale-cdn.com/catalog/c/b/2/b/cb2b549c272a7d25883efa57263d6c9d7589ec98_IMG_7738.JPG'}];2025-10-10T16:10:12+02:00
6ef76477-6711-46e3-a956-2761a056ec0b;Obern Stöbli;Lassen Sie sich verwöhnen in unserem Outdoor-Holzpool unter freiem Sternenhimmel.;Mit einem Willkommensgetränk können Sie sich im Pool zurücklehnen und im heissen Quellwasser Körper und Seele baumeln lassen.
Anschliessend besteht die Möglichkeit, sich in unserer Garderobe mit Dusche umzuziehen und frisch zu machen. Mit grossem Badehunger geht es weiter mit einem feinen Abendessen. In unsererm Obern Stöbli werden Sie verwöhnt mit einheimischem Gaumenschmaus und heimeliger Atmosphäre

Sie sind auf der Suche nach einer einfachen, warmherzigen und gastfreundlicher Unterkunft? Dann sind Sie genau richtig bei uns.;9.19431;47.25107;Obern 311;9651;Ennetbühl;+41 79 736 24 89;info@fondue-baden.ch;http://www.fondue-baden.ch;[{'@type': 'ImageObject', 'contentUrl': 'https://ttpimtsoch.sos-ch-dk-2.exoscale-cdn.com/catalog/5/9/8/b/598ba39c31ad84fddef2861ebc7489970575aaba_2018_obere_stuebli_04.jpg'}];2025-10-10T11:06:28+02:00
6f11c76b-f6dd-4b94-9c11-812189705d9d;Schwimmbad Ebnat-Kappel;Herzlich Willkommen beim Schwimmbad Ebnat-Kappel
Im Schwimmabd Ebnat Kappel finden alle Besucher ein passendes Plätzchen zum Verweilen. Die weitläufige Liegewiese mit den schattenspendenden Bäumen bietet viel Platz für gross und klein.;Nutzen Sie im Sommerhalbjahr das 50m-Becken, die Rutschbahn und das 1 und 3 Meter Sprungbrett für einen schönen Badetag. In unser schönen Planschbecken mit Rutschbahn und Attraktionen fühlen sich die Kleinsten sehr wohl. 
Unser Badi-Restaurant verwöhnt die Gäste mit Fitnesstellern,  mit feinen Hamburger mit knackigen Pommes, feinen Eis aus der Region, einem guten Kaffee und viel mehr. 
Umkleidekabnen und Schliessfächer stehen gratis zur Verfügung, wie die warmen Duschen. Für Gross und Klein stehen auch Tischkickertische und Tischtennis zur Verfügung. 
Zugang möglich für RollstuhlfahrerInnen; eine Behinderten-Toilette und Behinderten-Umkleidekabinen! Einstiegshilfe vorhanden.;9.1229262;47.2659037;Badistrasse 4;9642;Ebnat-Kappel;079 314 69 94;schwimmbad@ebnat-kappel.ch;http://www.ebnat-kappel.ch/de/lebensraum/freizeitmain/schwimmbad/;[{'@type': 'ImageObject', 'contentUrl': 'https://ttpimtsoch.sos-ch-dk-2.exoscale-cdn.com/catalog/a/2/9/b/a29bd26c58ed67609f8a32c36b3c912a3be25020_2020_Ebnat_Kappel_08.jpg'}];2026-07-01T18:14:11+02:00
705ba7bc-9080-45fd-b887-337df1196c68;Gasthaus Bad;Idyllisches, altes Gasthaus mit gutbürgerlicher Küche.;In den sanften Hügeln des Toggenburgs, umgeben von majestätischen Bergen und üppigen Wäldern, liegt das Gasthaus Bad Hemberg wie ein verborgener Schatz. Die Geschichte dieses Gasthauses reicht weit zurück, in eine Zeit, als Reisende noch auf Pferden ritten und die Wege durch die Täler von Geschichten über alte Sagen und Legenden erfüllt waren.

Heute erwartet Sie Gastfreundschaft und gutbürgerliches Essen im idyllisch gelegenen Gasthaus Bad Hemberg. Es gibt eine kleine, aber feine Menükarte mit frischen Zutaten aus der Region und einfache, preiswerte Übernachtungsmöglichkeiten.;9.167572623149695;47.2900226;Badstrasse 27;9633;Hemberg;+4177 415 92 03;tschumperrita@gmail.com;https://www.gasthausbad-hemberg.ch/;[{'@type': 'ImageObject', 'contentUrl': 'https://ttpimtsoch.sos-ch-dk-2.exoscale-cdn.com/catalog/6/2/c/b/62cb494f0ccb74048abfcc471531dc4e776f04e0_IMG_2024_06_04_12_16_32_355.jpg'}];2026-05-14T17:18:44+02:00
70ac280f-a9d1-4809-960f-b0438de93f1c;Grillstelle und Badestelle Mündung Thur und Necker;Ein lauschiges Badeplätzchen, bei Einheimischen äusserst beliebt, verbirgt sich in der Schlucht bei Lütisburg, wo Thur und Necker zusammenfliessen.;Den Ausflug an den wunderschönen, ruhig gelegenen Badeplatz muss man sich verdienen. Ein kleiner Fussmarsch ist unumgänglich, wer das Flussufer erreichen will. Von der Hauptstrasse, die Lütisburg und Ganterschwil verbindet, führen gekieste Strässchen hinunter zum Fluss. Besser gesagt: zu den Flüssen. Denn hier mündet der wilde Necker in die breite Thur. An deren Ufer gibt es etliche Plätze zum Verweilen, zum Bräteln. Wenn die Flüsse nicht viel Wasser führen, ist das Bett breit und einfach zugänglich. 
Auf dem Weg zum Fluss liegt die historische Holzbrücke Letzibrücke. Hier befinden sich eine Grillstelle und Mülleimer, oft wird im Sommer ein mobiles Toilettenhäuschen aufgestellt. Infotafeln geben Auskunft über das Naturschutzgebiet. Respekt und Rücksichtnahme auf die schöne Natur sind eine Selbstverständlichkeit.;9.08172;47.39095;9604;Lütisburg;+41 71 999 99 11;info@toggenburg.swiss;https://toggenburg.swiss;[{'@type': 'ImageObject', 'contentUrl': 'https://ttpimtsoch.sos-ch-dk-2.exoscale-cdn.com/catalog/4/d/9/b/4d9ba8bab50fa30816286112369e31e891c2f162_Bilder_Eisenring_165.jpg'}];2026-02-26T13:41:30+01:00
716cd749-becf-413b-8cd1-8ba0abe54e70;Sitzbank Flooz;Schlichtes Holzbänkli als ruhiger Aufenthaltsort.;<p class="MsoNormal" style="margin-bottom: 0cm; line-height: normal;">Dieses B&auml;nkli ist Teil der Ruheoasen entlang des Thur- und Neckerwegs, gefertigt aus heimischem Holz und bewusst reduziert gestaltet.<br><br>Es bietet einen einfachen, klar gestalteten Ort zum Sitzen, Verweilen und Innehalten. Der Blick richtet sich in die Landschaft &ndash; auf Wasser, Wiesen oder Berge, je nach Standort neu, stets mit Bedacht gew&auml;hlt.</p>;9.079417;47.313361;Wilerstrasse;9630;Wattwil;+41 71 999 99 11;info@toggenburg.swiss;https://thurundneckerweg.ch;[{'@type': 'ImageObject', 'contentUrl': 'https://ttpimtsoch.sos-ch-dk-2.exoscale-cdn.com/catalog/3/3/7/2/3372176910170ac9ce44780ebdd6315b68ea31b6_Sitzbank_Wilerstrasse__Wattwil.jpeg'}];2026-03-16T19:17:45+01:00
72359753-e0d5-4c4f-a6f5-58ee34ca4881;Schaukel Kühboden;Grosse Holzschaukel mit Blick auf Thur und Churfirsten.;<p>Gefertigt aus heimischem Holz liegt diese Ruheoase am Ursprung der S&auml;ntisthur auf einem zaubervollen Abschnitt des Thur- und Neckerwegs.<br><br>Beim Schaukeln ver&auml;ndert sich die Perspektive &ndash; sanfte Bewegung verbindet Leichtigkeit mit Weitblick. Die noch junge Thur fliesst hier talw&auml;rts, gegen&uuml;ber erheben sich die sieben Churfirsten eindr&uuml;cklich.</p>;9.315083;47.209556;Kühboden;9657;Unterwasser;+41 71 999 99 11;info@toggenburg.swiss;https://thurundneckerweg.ch;[{'@type': 'ImageObject', 'contentUrl': 'https://ttpimtsoch.sos-ch-dk-2.exoscale-cdn.com/catalog/c/9/1/d/c91d93588b18a147030de44ea4b4f61296a7ead3_Schaukel_B__chel__Unterwasser.jpg'}];2026-03-16T19:19:46+01:00
728ceaa5-d12a-43b7-a36d-411c159a7bed;Besuch bei der Kamerasau;Der Adelbach-Hof im schönen Neckertal ist das zu Hause von einem besonderen Schwein. Und zwar zeigt es euch live seinen ganzen Tagesablauf.;Wenn es sich im Dreck wälzt, das Futter freudestrahlend frisst oder mit seinen Kolleginnen im Stall ein Nickerchen macht. Die Kamerasau filmt und streamt live auf die Webseite www.kamerasau.ch. Hier sehen alle, wie die 20 Freiland-Schweine ihr Leben geniessen. 

Natürlich steht auch der Hof offen, wer sich vor Ort die Schweine betrachten möchte und ist jederzeit herzlich Willkommen. Taucht in das Leben unserer Schweine ein und geniesst auf dem Glasboden-Stall gemütlich einen Kaffee, währenddem die Tiere beobachtet werden können. 

Auf Wunsch planen wir gerne eine Führung durch unseren ganzen Hof. Erleben Sie wie wir arbeiten und was wir für Produkte herstellen. In unserem Hofladen kann die Einkaufstasche mit verschiedenen Köstlichkeiten gefüllt werden. 

;9.1275410068259;47.343055449999994;Adelbach 993;9126;Necker;+41 71 565 73 51;info@adelbach-hof.ch;https://www.adelbach-hof.ch/;[{'@type': 'ImageObject', 'contentUrl': 'https://ttpimtsoch.sos-ch-dk-2.exoscale-cdn.com/catalog/6/7/c/b/67cbd35dfdc35b8477142118b8c20a8fb8a3b908_DJI_0455.JPG'}];2026-03-16T19:20:17+01:00
72d7a02c-1690-4dad-87b9-d029ced5ee85;Café Central;In unserem Café treffen sich Tradition und Weltoffenheit in einer gemütlichen Atmosphäre. Bei uns geniessen Sie eine Auswahl aus Grosis Küche, regionalen Spezialitäten und mediterranen Köstlichkeiten.;Wir sind ein willkommenes Ausflugsziel und ein Treffpunkt für Wanderer, Velo- und Töfffahrer sowie Familien im sonnenverwöhnten Kirchberg. Wir fertigen die ortsbekannten Desserts und Birchermüsli nach traditionellen Rezepten selbst. Das Café Central ist ein Ort der persönlichen Begegnungen, des Austauschs und der Geselligkeit. Bei uns geniessen Sie eine entspannte Zeit bei Znüni, Mittagessen, Kaffee &amp; Kuchen, einem süssen oder salzigen Zvieri. Auch unser Brunch und unsere Anlässe sind einen Besuch wert.;9.039407547862178;47.4111488;Tellstrasse 2;9533;Kirchberg;+41 71 931 11 76;info@central-kirchberg.ch;https://central-kirchberg.ch;[{'@type': 'ImageObject', 'contentUrl': 'https://ttpimtsoch.sos-ch-dk-2.exoscale-cdn.com/catalog/b/c/0/2/bc02c02eeae1404858997cb5a4184901a68895ac_Cafe_Central_5.jpg'}];2026-03-31T11:08:48+02:00
72ed6fb8-7040-4105-af68-95fe4f179c85;Buurebeizli Dergeten;Das Buurebeizli Dergeten mit besonderem Charme ist Ausgangspunkt für schönste Wanderungen im Speer-Goggeien Gebiet.;<p>Die K&auml;sekn&ouml;pfli und der selbstgemachte Eistee von Familie Stauffacher haben sich herumgesprochen. Einheimische wie ausw&auml;rtige Besucher finden sich im &laquo;Buurebeizli Dergeten&raquo; zu einem guten Essen ein. Die Gastwirtschaft ist rustikal mit Spielplatz und Buurehof zum Aluege. Buchbar: Ganzj&auml;hrig per Telefon oder Mail, Personen: Innen 40 / Aussen 50</p><p>&nbsp;</p><p>Auskunft zur Zug&auml;nglichkeit: <a href="https://www.ginto.guide/entries/a190756a-143d-48c4-a940-8dbf4a97b916?lnk_src=business" target="_blank" rel="noopener">ginto</a></p>;9.1897258;47.1932008;Dergeten-Laad;9650;Nesslau;+41 71 994 15 67;info@buurebeizli-dergeten.ch;http://www.buurebeizli-dergeten.ch;[{'@type': 'ImageObject', 'contentUrl': 'https://ttpimtsoch.sos-ch-dk-2.exoscale-cdn.com/catalog/6/4/e/5/64e5dd8fdba942983ff0e32bdfbdc97b71fd1fb7_DJI_0041.JPG'}];2026-07-14T00:10:07+02:00
73fe0eb3-fefe-4765-ab9d-03737908bb47;Klangkurse;Tauchen Sie ein in die Klänge der Tradition, ins Heim- und Fernweh, in eine beeindruckende Lautsphäre zwischen den Churfirsten und dem Alpstein. Bekannte Musikpersönlichkeiten und hochkarätige Kursleitende bieten ein breites Angebot an Wissensvermittlung und Kulturerlebnis.;Die Klangwelt Toggenburg, angesiedelt zwischen Alt St. Johann und dem Schwendisee, veranstaltet ihre Kurse nun hauptsächlich im neuen Klanghaus und in der Klangschmiede. Jährlich gibt es über 90 Kurse, die entlang der Themenbereiche «Jodeln», «Handwerk & Brauchtum», «Instrumental», «Universum Stimme», «Schwingung & Resonanz» und «Klangökologie» angeboten werden. Eine Besonderheit sind die neu eingeführten Thementage, die tiefere Einblicke in diverse Klangwelten, Kulturen und Musikstile ermöglichen. Das vielseitige Angebot umfasst Workshops, Konzerte, Vorträge, Diskussionsrunden und interaktive Elemente.;9.2789903;47.1934306;Sonnenhalbstrasse 22;9656;Alt St. Johann;+41 71 998 50 00;info@klangwelt.ch;https://klangwelt.ch/angebote/kalender#kurse;[{'@type': 'ImageObject', 'contentUrl': 'https://ttpimtsoch.sos-ch-dk-2.exoscale-cdn.com/catalog/3/d/f/6/3df6912e1ff9f47a1ed1d191eb807c0ad2992341_Bu__chel_und_wandern_03__2.JPG'}];2026-07-27T12:10:44+02:00
7624847b-b5ed-4a65-8205-2c38a3b5abad;Alpaka Appenzell;Die neue Welt entdecken. Lassen Sie die lieblichen, gemütlichen Tiere auf sich wirken und sich von ihrem Naturell anstecken. Sofort fallen einem die grossen Augen, ihr teddybärähnliches Aussehen und ihr tiefes, sanftes Summen auf, mit dem sie untereinander kommunizieren.;Der Betrieb liegt auf 1000 m.ü.M, am Jakobsweg auf dem Hügel Arnig und umfasst 18 ha plus 6 ha Wald.

Auf unserem Hof sind viele Tiere zuhause. Neben der 60-köpfigen Alpaka-Familie, die seit 2004 bei uns ihr Zuhause gefunden hat gehören Mutterschweine, Mastschweine, Bienen, Katzen, ein Hund und 21 Brown Swiss Kühe zu unserem Milchwirtschaftsbetrieb. 

Seit 2015 verkaufen wir all unsere hochstehenden Alpaka Produkte in unserem eigenen Hofladen Alparama. Verschaffen Sie sich bei einem Besuch selbst einen Einblick in unser grosses Sortiment. 

In einer Betriebsführung geben wir gerne Einblick in unseren Alltag. Die Tiere kennenlernen, den Kuhglocken lauschen und dem Summer der Alpakas zuhören, währendem wir einen Apéro servieren. 

Neu erstellen wir mit unserem Tiermist Terra-Preta Nährhumus und produzieren unsere eigene Pflanzenkohle. Auf Wunsch erläutern wir den Herstellungsvorgang während dem Sie mit genauem Auge die Abläufe verfolgen können.

Unser Alpaka Hof gibt viele Eindrücke in unser Wirken. Wir freuen uns über Ihren Besuch. 

Apéro ab 6 Personen:
1) Alparama Apero: Alpaka-Fleisch, Schweine-Fleisch, Käseplatte, Mineral und Orangensaft: CHF 25 / Person  ( Kinder: CHF 1.50 pro Alter des Kindes)
2) Arnig Apero: Schweine-Fleisch (Ohne Alpaka-Fleisch), Käseplatte, Mineral und Orangensaft: CHF 18 / Person (Kinder: CHF 1.00 pro Alter des Kindes)
*** Wein und Bier: Separat 
 
​
Hofführung mit Vortrag Pauschal (bis 20 Personen, ab 20 Personen auf Anfrage):
a) Ganze Hofbesichtigung: Alpakas, Schweine, Kühe, Terra-Preta Nährhumus, Pflanzenkohle = CHF 250.-
b) Tier Besichtigung: Alpakas, Schweine, Kühe = CHF 200.-
c) Alpaka Besichtigung: nur Alpakas mit Hand Fütterung = CHF 150.-;9.213699102401735;47.33557855044936;Hinterarnig 250;9105;Schönengrund;+41 71 361 13 78;info@alpaka-appenzell.ch;http://www.alpaka-appenzell.ch/;[{'@type': 'ImageObject', 'contentUrl': 'https://ttpimtsoch.sos-ch-dk-2.exoscale-cdn.com/catalog/2/9/5/9/29597bc2db547baf7e01f996a495373f0f39ed83_TOGGI_Tiere_mai16_RUPA_718.jpg'}];2026-01-14T00:30:48+01:00
789bcf9e-8ce7-431f-8a44-f256e9901464;Holderschüür;Die Holderschüür ist Ihr Eventlokal im unteren Toggenburg.;Egal ob Firmenanlass, Geburtstagsfest oder Hochzeit, die Familie Oswald organisiert Ihr Fest! Mit ihrer gastronomischen Erfahrung können Sie sich zurücklehnen und müssen nur die Einladungen verschicken.

Neben Eventgastronomie bieten Romy und Beni Oswald Ihnen zudem ein lustiges Rahmenprogramm, bei welchem Sie und Ihre Gäste eine Farmolympiade geniessen. Bei diesem Teamanlass, entsteht eine super Stimmung, die mit einer originellen Rangverkündigung endet.

Entdecken Sie auch die verschiedenen Holunderspezialitäten, welche der "Schüür" ihren Namen verliehen haben. Diese können im Laden vor Ort oder zum Beispiel am Weihnachtsmarkt im November gekauft werden.
;9.008113145828249;47.41003995141986;Sackgrütli;9533;Kirchberg;+41 71 931 45 07;beni.oswald@bluewin.ch;https://www.holderschuer.ch/;[{'@type': 'ImageObject', 'contentUrl': 'https://ttpimtsoch.sos-ch-dk-2.exoscale-cdn.com/catalog/f/3/3/2/f3322d04890bd4a7c799465a90883eea4eab6c64_Holderschuer.jpg'}];2025-12-19T15:40:52+01:00
7b00a0d7-9699-4d89-aa29-4dfa3ed8cd5a;Kinderführung: Besuch im "Städtlizoo" ;In Lichtensteig gibt es viel Tierisches zu entdecken. Gehen Sie auf dieser Familienführung zusammen mit dem Städtliguide auf Spurensuche.;<p>Auf dem kurzweiligen Spaziergang durch die Gassen der Altstadt werden immer wieder Tiere entdeckt. Der St&auml;dtliguide weiss, wo sie sich verstecken und kann einiges &uuml;ber die gefundenen Tiere berichten.&nbsp;</p><p><strong>Ap&eacute;ro<br></strong>Zur stimmigen Abrundung kommt ein feiner Ap&eacute;ro vor oder nach der F&uuml;hrung sehr gut an - unser Spezialangebot f&uuml;r St&auml;dtlif&uuml;hrungsgruppen finden Sie&nbsp; <a href="https://toggenburg.swiss/files/_OpenFrontend/websites/toggenburg.swiss/objects/pdf_download/ap%C3%A9ro_angebote_lichtensteig.pdf" target="_blank" rel="noopener">hier.</a>&nbsp;</p>;9.08722758293152;47.323479692979454;9620;Lichtensteig;[{'@type': 'ImageObject', 'contentUrl': 'https://ttpimtsoch.sos-ch-dk-2.exoscale-cdn.com/catalog/d/3/f/8/d3f8d62d71b15b89a243cb9c94341c4a691550bf_Sascha_Erni___Lo__wen_1.jpeg'}];2026-03-20T16:24:17+01:00
7b96fe53-944c-4fb2-a879-b3fc1f441800;Toggenburger Kräuterfrauen;An einem Sonnenhang auf 850 m.ü.M. bauen wir von Hand Kräuter in Bio-Qualität an, die wir zu aromatischen Tee- und Küchenkräutermischungen verarbeiten. Entdecken Sie unser vielfältiges Angebot an getrockneten Kräutern im Online-Shop oder besuchen Sie im Sommer unseren Hof.;Tauchen Sie in die Welt der Kräuterfrauen ein und erfahren Sie auf einem Erlebnis-Rundgang selbst die Arbeit mit den farbintensiven und duftenden Kräutern. Nach Lust und Laune dürfen Sie Kräuter von unserem Acker ernten und mit unseren Tipps eine eigene Teemischung zusammenstellen, die wir anschliessend für Sie trocknen. Auf unserer Website finden Sie noch weitere Angebote für Ihren Ausflug zu uns.;9.16558835;47.25783525;Hof-Wintersberg 2373;9642;Ebnat-Kappel;+41719939667;info@kraeuterfrauen.com;https://kraeuterfrauen.com;[{'@type': 'ImageObject', 'contentUrl': 'https://ttpimtsoch.sos-ch-dk-2.exoscale-cdn.com/catalog/9/b/8/e/9b8eb344cf666b5f6035ef0b5270e9d7834694b0_IMG_0242__2.jpg'}];2025-10-10T12:39:01+02:00
7beba2ea-e0c2-4dcb-b5a9-81c21e7584d4;Hotel Hirschen Wildhaus;Das 4-Stern-Hotel Hirschen Wildhaus gibt es bereits seit 1871 und es liegt direkt am Dorfplatz. Nebst drei Restaurants verfügt es auch über 8 Seminarräume, einer Bar und einer schönen Wellness-Attika.;<p>Der Hirschen Wildhaus blickt auf eine lange Geschichte als Familienbetrieb zur&uuml;ck. Heute wird das Hotel von Gesch&auml;ftsf&uuml;hrer Patrick Alpiger gef&uuml;hrt.&nbsp;</p>
<p>Das Hotel bietet insgesamt 69 Zimmer: 49 davon im Haupthaus, 10 weitere im Guest-House-Village und 9 im neu er&ouml;ffneten Bellevue (seit 1. Juli 2025). Die Zimmer &uuml;berzeugen durch modernen Komfort und einen sch&ouml;nen Ausblick &ndash; entweder in die Toggenburger Bergwelt oder in den hoteleigenen Park. <br>Weiter umfasst das Raumangebot 9 grossz&uuml;gige und helle Seminar-, Tagungs- &amp; Bankettr&auml;ume f&uuml;r bis zu 120 Personen. Gruppenr&auml;ume sowie ein Platz im schattigen Hotelgarten stehen f&uuml;r Teamarbeit und Sitzungen ebenfalls zur Verf&uuml;gung.</p>
<p>Ob Ferien oder Businessaufenthalt: Der Hirschen ist f&uuml;r beides bestens geeignet.<br>Der Wellnessbereich sorgt f&uuml;r wohltuende Entspannung nach einem aktiven Tag, und das Fr&uuml;hst&uuml;ck bietet eine reichhaltige Auswahl f&uuml;r einen genussvollen Start in den Tag.<br>Kulinarisch l&auml;dt die Hirschen Stube zu regionaler K&uuml;che mit hochwertigen Zutaten und einer grossen Weinauswahl ein. Direkt daneben erg&auml;nzt das Event- &amp; Fondue-Chalet Max das gastronomische Angebot mit sieben verschiedenen Ch&auml;s-Fondues &ndash; ge&ouml;ffnet jeweils in der Wintersaison.<br>Die All Bourbon &amp; Blues Bar &laquo;Chr&uuml;ter &amp; Choller&raquo; &uuml;berzeugt mit einer grossen Auswahl an Chr&uuml;ter, Single Malt Whiskeys und anderen Drinks. Eine Kegelbahn, Dart, ein Billardtisch, eine Smoking Lounge und ein Fussballkasten machen die Bar zum lebendigen Treffpunkt.</p>
<p>Das Hotel ist bequem mit dem Auto oder dem &ouml;ffentlichen Verkehr erreichbar &ndash; die Postauto-Haltestelle liegt direkt vor dem Haus. Ausreichend Parkpl&auml;tze stehen zur Verf&uuml;gung.</p>;9.34974;47.203388;Dorf 1 A;9658;Wildhaus;+41 71 998 54 54;info@hirschen-wildhaus.ch;http://www.hirschen-wildhaus.ch/;[{'@type': 'ImageObject', 'contentUrl': 'https://ttpimtsoch.sos-ch-dk-2.exoscale-cdn.com/catalog/2/7/8/8/2788c1666a643847e0be60285272e75b2997201e_Hirschen_Aussenansicht_Sommer.JPG'}];2026-01-11T04:34:21+01:00
7c8f4276-6a14-4c75-9cf5-54eac46c3e15;Kinderbaustelle Wattwil;Die Offene Kinderbaustelle Wattwil schafft im Zentrum von Wattwil einen Platz, auf dem Kinder frei nach ihren Ideen und Wünschen hoch und tief bauen dürfen.;Das Projekt Offene Kinderbaustelle Wattwil schafft im Zentrum von Wattwil einen Platz, auf dem Kinder hoch und tief bauen dürfen.

Auf der Kinderbaustelle in Wattwil werden die Kinder unterstützt und begleitet durch kompetente Betreuungspersonen. In dem dafür vorgesehenen Areal können sie mit unterschiedlichsten Baumaterialien frei nach ihren Ideen und Wünschen, ihrem Wissen und Können, bauen und gestalten. Dabei lernen Kinder im Freien sich handwerklich und kreativ zu betätigen, alleine oder gemeinsam, beziehen ihre Umwelt in ihr Handeln mit ein und fördern dabei ihre taktilen- sozialen- und motorischen Fähigkeiten. 

Willkommen sind alle Kinder bis zum 12. Lebensjahr. Das Angebot ist für alle Besucherinnen und Besucher gratis und neben den betreuten Öffnungszeiten steht die Kinderbaustelle allen Schulklassen aus der Unter- und Mittelstufe, den Kindertagestätten, der Heilpädagogischen Schule, allen Jugendvereinen aus Wattwil und der Region und weiteren Interessierten aus dem Bereich der Kinderbetreuung für allfällige Projekte und Anlässe zur Verfügung.;9.09904128761418;47.2892278;Churfirstenstrasse;9630;Wattwil;+41 71 987 55 99;jugendarbeit@wattwil.ch;http://www.kinderbaustelle-wattwil.ch;[{'@type': 'ImageObject', 'contentUrl': 'https://ttpimtsoch.sos-ch-dk-2.exoscale-cdn.com/catalog/7/2/0/c/720cbd0f0150a71230e21b63b962b17106711568_Kinderbaustelle_Gel__nde.JPG'}];2025-12-19T15:40:52+01:00
7cc542dc-c9e9-497c-856d-75406356a970;Wolzenalp;<p>G&auml;stescreens</p>;[{'@type': 'ImageObject', 'contentUrl': 'https://ttpimtsoch.sos-ch-dk-2.exoscale-cdn.com/catalog/6/9/2/e/692e69f99ee14aa760f5d2845375f6764e1b54b4_Winterwanderweg_Wolzenalp_Nesslau_Sesselbahn.jpg'}];2026-08-20T14:31:00+02:00
7e77fc5b-c5a8-4254-91e5-23f131c601a0;Restaurant Krone Ennetbühl;Unser Restaurant, im kleinen Dorf Ennetbühl am Fusse des Säntis, bietet eine gemütliche und heimelige Atmosphäre für jeden Anlass. Wir bedienen Sie gerne mit einer gutbürgerlichen Schweizerküche. ;<p>Bei uns k&ouml;nnen Sie ein preiswertes Mittagsmenu, etwas aus der Speisekarte, einen feinen Coupe oder den wohlverdienten Feierabend geniessen. Wir pflegen gerne den Kontakt mit unseren G&auml;sten, denn Ihr Wohl ist uns wichtig. Mit unseren verschiedenen R&auml;umlichkeiten haben wir f&uuml;r jeden Anlass das richtige Angebot. Daf&uuml;r stellen wir Ihnen gerne passende Menuvorschl&auml;ge zusammen, bei welchen wir immer grossen Wert auf Qu&auml;lit&auml;t und Regionalit&auml;t legen.&nbsp;</p><p>Wir freuen uns &uuml;ber Ihren Besuch!</p>;9.21149;47.24076;Dorf 903;9651;Ennetbühl;071 994 19 93;koertle@bluewin.ch;http://www.krone-ennetbuehl.ch/;[{'@type': 'ImageObject', 'contentUrl': 'https://ttpimtsoch.sos-ch-dk-2.exoscale-cdn.com/catalog/2/2/3/3/22336121356a66b737b41bcaeddc8741eaa5482f_00_Restaurant_Krone__2.jpg'}];2026-08-08T18:31:14+02:00
7f101480-6382-4a08-8952-2a8ecef23dbf;Sesselbahn Krummenau – Wolzenalp;Lehnen Sie sich zurück. Mit der Sesselbahn gelangen Sie bequem auf die Wolzenalp. ;Von Krummenau aus können Sie sich mit der Sesselbahn Krummenau-Wolzenalp zum Rietbach hinauf fahren lassen und dabei das Tal der Thur aus luftiger Höhe betrachten.
Nach einer schönen Wanderung, einer Rast bei einer Feuerstelle oder auf der Sonnnenterrasse des Restaurant Wolzenalp, haben Sie sicher wieder Energie getankt für den Abstieg ins Tal.
Keine Behinderten-Toilette; nur bedingt geeignet für RollstuhlfahrerInnen.;9.168820381164553;47.24394410701422;9643;Krummenau;+41 71 994 11 61;info@wolzenalp.ch;https://wolzenalp.ch;[{'@type': 'ImageObject', 'contentUrl': 'https://ttpimtsoch.sos-ch-dk-2.exoscale-cdn.com/catalog/8/7/a/0/87a09bed94042ab1343e9e70d07817bdc60183d9_Sessel_Mami_und_Tochter_s.jpg'}];2026-07-08T09:18:53+02:00
838c65b3-d7a8-4e03-a783-4009445ffe18;Kino Säntis Lodge;In unserem hauseigenen Kino sorgen wir täglich gleich zweimal für Ihre Unterhaltung! Freuen Sie sich auf abwechslungsreiche Filmvorführungen, gemütliche Atmosphäre und unvergessliche Momente bei jedem Besuch.;Das Kino Säntis Lodge bietet zweimal täglich verschiedene Filmvorführungen an. Die Vorstellungen finden jeweils um 16:30 Uhr und um 20 Uhr* statt und sind kostenlos. 
Das Kino kann ausserdem ebenfalls für individuelle Anlässe, wie zum Beispiel Geburtstagspartys mit einem Wunschfilm und Pizzaplausch, benutzt werden. Familienfreundlich und gemütlich in Filme eintauchen geht nirgends besser als hier. 

Wir freuen uns auf Ihren Besuch!

*Bitte beachten Sie, dass der Zugang zum Film ab 20 Uhr nur auf Voranmeldung möglich ist.<;9.3133166;47.1963286;Hauptstrasse 16;9657;Unterwasser;+41719992727;info@bergundbett.ch;https://bergundbett.ch/kinoprogramm/;[{'@type': 'ImageObject', 'contentUrl': 'https://ttpimtsoch.sos-ch-dk-2.exoscale-cdn.com/catalog/6/5/0/e/650e6ab8fce3560f1545a6f858051312fbfff8c4_62_Kino_S__ntisLodge.jpg'}];2026-05-06T13:12:56+02:00
85870804-f0a7-44ed-aa4f-2cb4fcb34197;Velo-Metzg GmbH;...wenn&#039;s ums Bike geht: Wir kümmern uns um Ihre Anliegen, beraten Sie gerne über ein neues Bike oder bringen Ihr eigenes Bike mit einem Service wieder in Schuss. Oder möchten Sie gerne ein E-Bike mieten?;Benötigen Sie einen neuen Velohelm oder haben Sie noch gar keinen? Wir haben auch eine tolle Auswahl an Velobekleidung und vieles mehr für&#039;s und rund um&#039;s Bike.

Infrastruktur für Zweiräder:
- Mietstation
- Servicestation/Shop;9.309736;47.197296;Dorfstrasse 23;9657;Unterwasser;+41 71 999 94 90;info@velometzg.ch;https://www.velometzg.ch;[{'@type': 'ImageObject', 'contentUrl': 'https://ttpimtsoch.sos-ch-dk-2.exoscale-cdn.com/catalog/c/3/4/a/c34a1ee249e1453b9cd48d9fdc8e2a6edf6d20b2_Velo_Metzg_Aussenansicht_1.JPG'}];2026-01-13T14:20:35+01:00
85a94fa1-4cba-498e-a6f6-27c45f91af61;Hotel Rössli Tufertschwil;Beim Reisen entdeckt man die Welt - Im Rössli das Toggenburg. 
Bei uns vereint sich Aktuelles mit Verwurzeltem. 
Modern das Hotel und die Seminarräume, traditonsreich der Landgasthof.;Der malerische Weiler Tufertschwil liegt in der beschaulichen Welt des unteren Toggenburg. Helle, modern eingerichtete Räume bieten genügend Platz für Anlässe und Seminare. Das ganze Hotel ist barrierefrei zugänglich und die Parkplätze sind kostenfrei.
Von unserem Restaurant haben Sie einen wunderbaren Blick in die Toggenburger Bergwelt mit den Churfirsten und dem Säntis. In unserer idyllischen Gartenterrasse geniessen Sie einen erfrischenden Aperitif oder ein kühles St. Galler Bier, während Sie ihre Kinder, auf dem einzigartigen und grossen Spielplatz beobachten können. 
Die Erholung vom Alltag finden Sie in einem unserer absolut ruhigen Hotelzimmer mit Blick in die Natur.

Unsere traditionelle Schweizer Küche bietet für jeden Geschmackstyp das passende Menü. Regionale und marktfrische Produkte werden mit viel Leidenschaft von unserem eingespielten Küchenteam zubereitet.
Der Familienbetrieb setzt sich aus unkomplizierten und aufgestellten Menschen mit Begeisterung für ihren Beruf zusammen.
Wir servieren Lebensfreude und freuen uns auf Ihren Besuch!;9.0971459;47.3933526;Tufertschwil 20;9604;Lütisburg;+41 71 932 01 00;kontakt@roessli-tufertschwil.ch;http://www.roessli-tufertschwil.ch/;[{'@type': 'ImageObject', 'contentUrl': 'https://ttpimtsoch.sos-ch-dk-2.exoscale-cdn.com/catalog/a/1/c/2/a1c2ec7185fab105d9f468e22a90c67f013b7f3e_R__ssli_Tufertschwil_Drohne__4_.jpg'}];2026-01-13T14:11:51+01:00
89aed585-1b17-4d4a-96b0-e003bc3d2949;Die Grafen von Toggenburg und ihre neue Burg ob der Wasserfluh;Geführte Wanderung von der Wasserfluh zur Burgruine der Neu-Toggenburg oberhalb der Mini.Stadt Lichtensteig.;<p>Auf der Wanderung von der Wasserfluh zur Burgruine der Neu-Toggenburg erz&auml;hlt der Guide die spannende Geschichte der Grafen von Toggenburg und f&uuml;hrt Sie in die geheimnisvollen Hintergr&uuml;nde und Herausforderungen beim Bau der Burg ein.</p><p>Treffpunkt: Passh&ouml;he Wasserfluh</p><p><strong>Ap&eacute;ro<br></strong>Zur stimmigen Abrundung kommt ein feiner Ap&eacute;ro vor oder nach der F&uuml;hrung sehr gut an - unser Spezialangebot f&uuml;r St&auml;dtlif&uuml;hrungsgruppen finden Sie&nbsp; <a href="https://toggenburg.swiss/files/_OpenFrontend/websites/toggenburg.swiss/objects/pdf_download/ap%C3%A9ro_angebote_lichtensteig.pdf" target="_blank" rel="noopener">hier.</a>&nbsp;</p>;9.1131384;47.3255794;9620;Lichtensteig;[{'@type': 'ImageObject', 'contentUrl': 'https://ttpimtsoch.sos-ch-dk-2.exoscale-cdn.com/catalog/2/1/a/5/21a5eba724dcbf87cedd221a7a39ad6dc3ad629c_Neutoggenburg.webp'}];2026-03-20T16:24:17+01:00
8a6ff308-01eb-40b8-8ebb-a6d04f7cd8fe;Frauenfelderhaus;Das Frauenfelderhaus liegt 1160 müM. auf einer Geländekante oberhalb von Wildhaus SG gegenüber des Säntis.;Es bietet Platz für bis zu 45 Personen und weist einen hohen Ausbaustandard auf. Es eignet sich als Lagerhaus im Sommer wie im Winter für Schulklassen, Vereine und andere interessierte Gruppen.
;9.330574926155503;47.19243335;Oberdorfstrasse 2;9658;Wildhaus;+41 71 999 21 33;priska.wenk@gmx.ch;https://www.frauenfelderhaus.ch/;[{'@type': 'ImageObject', 'contentUrl': 'https://ttpimtsoch.sos-ch-dk-2.exoscale-cdn.com/catalog/f/7/0/3/f70380d46517eba9aca6a4fc8559cf224fd4820d_Ansicht_S__d1.JPG'}];2025-12-19T15:39:39+01:00
8b381667-e759-4f2f-8b6e-287f239a572d;Naturbühne Holzegg;Offene Holzplattform als Aufenthalts- und Begegnungsort.;<p>Aus heimischem Holz gefertigt, liegt diese Plattform entlang des Thur- und Neckerwegs frei im Landschaftsraum. Sie schafft eine klare, einfache Fl&auml;che im Freien &ndash; offen f&uuml;r das, was entstehen will.<br><br>Die B&uuml;hne kann spontan genutzt oder reserviert werden. Ob allein, zu zweit oder in einer kleinen Gruppe &ndash; hier entsteht Raum f&uuml;r Austausch, f&uuml;r Proben oder Trainings, Kurse und Workshops, kleine Vorf&uuml;hrungen oder f&uuml;r Team-Meetings &laquo;mal anders&raquo;. Die Naturb&uuml;hne bietet einen besonderen Rahmen f&uuml;r gemeinsame Momente in neuer Umgebung. Alternativ dient sie als Platz f&uuml;rs Picknick oder den Lunch am Mittag.</p>;9.185694;47.226778;Holzegg;9650;Nesslau;+41 71 999 99 11;info@toggenburg.swiss;https://thurundneckerweg.ch;[{'@type': 'ImageObject', 'contentUrl': 'https://ttpimtsoch.sos-ch-dk-2.exoscale-cdn.com/catalog/7/a/0/6/7a0697bd96e92750eb54ce8af2e3e8a0e5243b1e_Naturb__hne_Holzegg__Nesslau.jpeg'}];2026-02-26T11:09:51+01:00
8b6c874b-d5a6-4ef0-80bd-6cb4a55530bb;Bäckerei und Café - Ziehlers Wöschhüsli in Nesslau;Ein Raum zwischen Kirche und Gemeindehaus im Herzen von Nesslau, oberhalb von unserem Wöschhüsli Café. Dort finden Sie Privatsphäre, feinster Genuss durch unsere Ziehler Köstlichkeiten, top Service und ein liebevoll eingerichtetes Ambiente. Zum Mieten exklusiv für Sie.;Direkt an der Hauptstrasse von Nesslau, im Herzen des Dorfes. Zwischen Kirche und der Gemeinde, befindet sich unser neu eröffnetes Wöschhüsli. Ein Ort mit bestem Kaffee, feinsten Köstlichkeiten von unserem Hauptstandort Ziehler in Stein SG und einer gemütlich einladenden Atmosphäre, lädt herzlichst zum Verweilen ein. Mieten Sie unseren separaten Raum, oberhalb von unserem Café. Das Sie mitten drin in unserem wunderschönen Toggenburg sind und trotzdem ihren eigenen Raum haben. Ob für einen Hochzeitsapéro, als Sitzungsraum, Geburtstagsfestli oder Puzzleplausch. Unser liebevoll eingerichtetes Ambiente passt sich hervorragend ihren Ideen an! Wir freuen uns über jede Anfrage die Ihnen in den Sinn kommt.;9.199530094066013;47.22480575;Hauptstrasse 35;9650;Nesslau;071 994 19 90;info@ziehler.ch;https://ziehler.ch/;[{'@type': 'ImageObject', 'contentUrl': 'https://ttpimtsoch.sos-ch-dk-2.exoscale-cdn.com/catalog/f/3/2/1/f321708bff3a34455df3852bd318418e7bf52c49_11___bildgut_ziehler08345_LQ__2.jpg'}];2026-07-26T14:27:46+02:00
8cfa26a1-3265-4df1-8f9c-c9bd201d77f4;Hotel Sonne;Hotel mit geräumigen, heimeligen Zimmern und Ferienwohnungen. Das Restaurant mit 80 Plätzen, ist ausgezeichnet mit dem Culinarium-Gütesiegel. Kleiner Wellnessbereich mit Schwimmbecken.;Das Bijou-Hotel im Dorfzentrum von Wildhaus verfügt über 26 heimelig eingerichtete Zimmer mit jeglichem Komfort. Die Mahlzeiten werden im gut bürgerlichen Hotel Restaurant mit Sonnenterrasse serviert. Die gemütlichen Zimmer sind alle mit hellem Föhrenholz ausgekleidet und mit viel Liebe zum Detail eingerichtet. Die etwas kleineren Nordzimmer sind ruhig und zur Bergseite gelegen. Die Südzimmer mit Balkon bieten Ausblicke auf den Schafberg und die Churfirsten-Kette.;9.3513193;47.2036413;Dorf 9;9658;Wildhaus;+41 71 999 23 33;info@sonne-wildhaus.ch;https://www.sonne-wildhaus.ch/;[{'@type': 'ImageObject', 'contentUrl': 'https://ttpimtsoch.sos-ch-dk-2.exoscale-cdn.com/catalog/9/1/f/1/91f179cb939d29d529c16ed4a40711439785feea_Aussenansicht_Sonne_Sommer.png'}];2026-09-01T00:17:34+02:00
8d4b7081-e500-457f-bff2-5a23cfb3e982;In der Fonduekutsche;Gourmetfahrt mit zwei PS. Man nehme hierfür eine Pferdekutsche, ein rassiges Fondue, lüpfige Ländlermusik und eine sympathische Bauernfamilie aus dem Toggenburg.;<p>W&auml;hrend Sie von Sandro Scherrer gem&uuml;tlich im geheizten und &uuml;berdachten Wagen durchs Toggenburg kutschiert werden, geniessen Sie ein rassiges Fondue &agrave; la Ida &ndash; ein Geheimrezept der B&auml;uerin. Die vorbeiziehende Landschaft schm&uuml;ckt die grossen Panoramafenster und l&uuml;pfige L&auml;ndlermusik sorgt f&uuml;r gute Stimmung. Eine gesellige Fahrt mit einer guten Prise figugegl. Denn, Fondue isch guet und git e gueti Luune.</p><p>&nbsp;<br>Familie Scherrer bietet &uuml;brigens noch weitere Kutschenfahrten an. Informieren Sie sich zum Beispiel &uuml;ber die Grillfahrten von Mai bis September. Dauer: 1:45 Stunden Durchf&uuml;hrung: T&auml;glich zwischen 09.00 - 20.00 Uhr (Abfahrtszeiten) ab mindestens 6 bis maximal 50 Personen. Die genaue Zeit f&uuml;r die Durchf&uuml;hrung wird zwischen den Teilnehmern und dem Anbieter vereinbart. Preis: - CHF 48.&ndash; f&uuml;r Erwachsene inkl. Fondue und alkoholfreie Getr&auml;nke* - CHF 10.&ndash; bis CHF 39.&ndash; f&uuml;r Kinder (je nach Alter) inkl. Fondue und alkoholfreie Getr&auml;nke* * Tee, Punsch und Kaffee sind inbegriffen. Mineralwasser, Bier, Wein, Kirsch und Appenzeller sind zus&auml;tzlich zu bezahlen.</p><p>&nbsp;<br>Treffpunkt: Bahnhof B&uuml;tschwil</p>;9.07472;47.35955;Eichli 680;9615;Dietfurt;071 983 18 24;kutschenfahrten-scherrer@bluewin.ch;http://www.kutschenfahrten-scherrer.ch;[{'@type': 'ImageObject', 'contentUrl': 'https://ttpimtsoch.sos-ch-dk-2.exoscale-cdn.com/catalog/6/8/8/0/688022064cb93c88e754c2cb89146b8078b27b4f_Sandro_und_Ida_Scherrer_600x450.jpg'}];2026-07-17T09:40:06+02:00
8d5d52e5-061c-4896-818a-3bfe66987fa9;Gästehaus "Landhaus an der Thur";Charmantes, komfortables Haus, mitten im Dorf, abseits vom Durchgangsverkehr, an der ruhig fliessenden Thur gelegen.;<div>Das schmucke Haus befindet sich mitten im Dorf Alt St. Johann, an ruhiger Lage an der Thur. Zwei Gehminuten von der Bushaltestelle, dem Supermarkt, zwei Restaurants und den Bergbahnen entfernt. Bis zur &laquo;Klangschmiede&raquo; sind es gerade einmal f&uuml;nf Gehminuten. Sieben gem&uuml;tliche Zimmer, alle mit Bad oder Dusche/WC/F&ouml;n, TV und WIFI, teilweise mit Balkon, bieten Gew&auml;hr f&uuml;r einen angenehmen Aufenthalt. Eine Kaffee-Ecke mit kostenlosem Kaffee und Tee sowie einem K&uuml;hlschrank f&uuml;r pers&ouml;nliche Frischprodukte befindet sich im ersten Stock. Es sind gen&uuml;gend kostenlose Parkpl&auml;tze vorhanden.</div>;9.284196063152864;47.19413284962057;Dörflistrasse 1;9656;Alt St. Johann;+41 71 999 10 50;info@landhausanerthur.ch;http://www.landhausanderthur.ch;[{'@type': 'ImageObject', 'contentUrl': 'https://ttpimtsoch.sos-ch-dk-2.exoscale-cdn.com/catalog/5/8/b/f/58bf5a8e28d535f9d3ff5a7f9e7be90868b120dd_IMG_5515.JPG'}];2026-05-14T22:01:34+02:00
8e1a4395-a956-4d2e-946f-ce50642e49fb;Käse Restaurant Berghof;Ausflugsrestaurant mit Platz für 80 Personen, gemütliche Gartenwirtschaft und grosser Kinderspielplatz. Schüür für Events, Übernachtungsmöglichkeiten in urchigen Mehrbettzimmern, Einkaufen im Berghof Laden.;Unsere Küche ist bekannt für gutbürgerliches Essen mit verschiedenen Käsespezialitäten und anderen leckeren Mahlzeiten. In der Bio-Käserei produzieren wir verschiedene Bio-Käsespezialitäten und bieten diese zum Kauf im Restaurantladen an. In der urchigen Berghof-Degu-Schüür ist Platz für 80 Personen. Sie ist mit modernster Infrastruktur eingerichtet und bietet Platz für jeden Anlass. Kommen Sie zu uns, wir haben immer etwas passendes für Sie. Es freut sich Melchior und Vreni mit Karin Schoch und das Berghofteam.;9.0918189;47.3663522;Aewil 487;9608;Ganterschwil;+41 71 983 15 72;info@berghof-ag.ch;http://www.berghof-ag.ch;[{'@type': 'ImageObject', 'contentUrl': 'https://ttpimtsoch.sos-ch-dk-2.exoscale-cdn.com/catalog/3/0/6/e/306e93c08ad78c14b848094efb321f0283c62a89_wohnmobilstellplatz_restaurant_k__serei_berghof_413551.jpg'}];2026-07-31T16:55:13+02:00
8f5e1f94-1e42-48f2-a918-5e4dc03daa14;Der private Extrawurst-Kurs;Planen Sie einen unvergesslichen Firmen- oder Vereinsevent? ;<p>Dann ist ein Extrawurst-Kurs beim Toggenburger Metzgermeister Philipp Metzger ideal. In zwei Stunden stellen Sie und Ihre Gäste zwei, drei Extrawürste her. Den Termin und die Gruppengrösse wählen Sie frei. Metzgermeister Philipp Metzger unterstützt Sie bei der Planung. Auf Wunsch grillieren Sie anschliessend auf der Metzgerei-Terrasse.</p>;Hauptstrasse 11;9650;Nesslau; +41 71 994 18 16;info@extrawuerste.ch;https://www.extrawuerste.ch/kursangebot;[{'@type': 'ImageObject', 'contentUrl': 'https://ttpimtsoch.sos-ch-dk-2.exoscale-cdn.com/catalog/0/e/3/6/0e3651829109c4947f817efa226ecd7eebd2d037_Metzger_Metzger_Foto4.jpeg'}];2026-04-28T19:33:18+02:00
912219d6-de6e-4d31-a017-26e9d5898dfa;Keramik - Malatelier CreaBa;Keramik malen für jedermann in der Ostschweiz (Kirchberg / St. Gallen)  – in gemütlichem Atelier, mit fachkundiger Anleitung und vielfältigen kreativen Angeboten.;<div>Beim Keramikmalen gestaltest du ganz pers&ouml;nliche Lieblingsst&uuml;cke &ndash; ob Tasse, Teller, Schale oder Vase. Du suchst dir einfach ein Rohkeramikst&uuml;ck aus und bemalst es mit speziellen Farben nach Lust und Laune. Muster, Schriftz&uuml;ge, Motive &ndash; alles ist erlaubt! Keine Sorge: Du brauchst keine Vorkenntnisse. Wir zeigen dir Schritt f&uuml;r Schritt, wie&rsquo;s geht, und stehen dir mit Tipps und Ideen zur Seite. Nach dem Malen wird dein Kunstwerk glasiert und im Brennofen gebrannt &ndash; wenige Tage sp&auml;ter kannst du es abholen oder dir zuschicken lassen. Ob als Geschenk, Erinnerungsst&uuml;ck oder einfach f&uuml;r dich selbst: Keramikmalen ist entspannend, kreativ &ndash; und macht richtig Spass! Der Preis ist abh&auml;ngig vom gew&auml;hlten Gegenstand (ab 15&ndash;65 CHF); dabei sind Ateliernutzung, Material, Farben, Glasieren und Brennen inklusive. F&uuml;r weitere kreative Angebote (Teamanlass, Geburtstag oder Firmenanlass) besuche unsere Homepage: www.creaBa.ch</div>;9.0390653;47.4089413;Gähwilerstrasse 23;9533;Kirchberg;+41782607150;info@creaba.ch;https://creaba.ch;[{'@type': 'ImageObject', 'contentUrl': 'https://ttpimtsoch.sos-ch-dk-2.exoscale-cdn.com/catalog/8/e/7/d/8e7db416c595084fea068664b5770a2138809f6a_IMG_8639__2.jpeg'}];2026-01-06T16:41:19+01:00
917ebc5d-1429-4ce7-a5bb-77e0492b2555;Klangsein: Wohltuende und regenerierende Entspannung durch Klang.;Die Klangmassage mit Peter Hess®-Therapie Klangschalen
kann je nach Bedürfnis gestaltet werden. ;<p>Die Klangschalenmassage zeichnet sich durch obertonreiche Kl&auml;nge und feine Vibrationen aus, welche unser Nervensystem beruhigen. Die Klangschalen werden sowohl auf, als auch um den bekleideten K&ouml;rper positioniert und mit einem Filzschl&auml;gel sanft zum Klingen gebracht. Die harmonischen, obertonreichen Kl&auml;nge der verschiedenen Schalen erm&ouml;glichen Tiefenentspannung. Die feinen Vibrationen der Schalen bringen die Fl&uuml;ssigkeit im K&ouml;rper zum Schwingen und breiten sich im K&ouml;rper aus, vergleichbar mit den konzentrischen Wellen, die entstehen, wenn ein Stein ins Wasser f&auml;llt. Muskul&auml;re Verspannungen werden sanft gel&ouml;st, Faszien gelockert sowie Durchblutung und Lymphfluss angeregt. Die tiefe Entspannung beeinflusst Atmung, Herzkreislaufsystem, Stoffwechsel und Verdauungssystem positiv. Die Regenerationsf&auml;higkeit des K&ouml;rpers wird so gef&ouml;rdert. Das urspr&uuml;ngliche Vertrauen sowie die K&ouml;rper- und Selbstwahrnehmung werden gest&auml;rkt. Ein Gef&uuml;hl von Entspannung und Leichtigkeit wird erfahrbar &ndash; Wellness f&uuml;r K&ouml;rper, Seele und Geist.</p>;9.30894;47.20253;Nesselhalden 755;9657;Unterwasser;078 767 50 95;info@klangsein.ch;https://klangsein.ch;[{'@type': 'ImageObject', 'contentUrl': 'https://ttpimtsoch.sos-ch-dk-2.exoscale-cdn.com/catalog/7/9/9/1/7991e99eafa34c871e58fe1ce0f4e91d8a6f9d58_Klangsein_Klangschale_First_Churfirsten_Obertoggenburg.JPG'}];2026-02-03T10:40:42+01:00
91e8e76f-99f2-4aef-b317-cd893b674c60;Skiclubhütte Altschen;Die Skiclubhütte präsentiert sich als charmantes Bergrestaurant. Sie bietet Platz für bis zu 40 Personen und lädt mit ihrer gemütlichen Sonnenterrasse zum Verweilen und Geniessen ein, ergänzt durch einen liebevoll gestalteten Spielplatz für die kleinen Gäste.;<div><p>Vom Arvenb&uuml;el aus erreichst du die Skiclubh&uuml;tte Altschen auf einem rund 30‑min&uuml;tigen, gut begehbaren Wanderweg in Richtung Vordere H&ouml;hi. Der Weg f&uuml;hrt durch eine abwechslungsreiche Landschaft mit offenen Wiesen und immer wieder sch&ouml;nen Ausblicken auf die umliegende Bergwelt. Besonders an klaren Tagen lohnt es sich, einen Moment innezuhalten und die Ruhe sowie die frische Bergluft zu geniessen.</p><p>Die Skiclubh&uuml;tte Altschen selbst liegt idyllisch eingebettet inmitten der Natur und l&auml;dt zum Verweilen ein &ndash; ob als Zwischenstopp f&uuml;r eine kleine St&auml;rkung oder als Ziel einer gem&uuml;tlichen Wanderung. Die H&uuml;tte bietet eine angenehme Atmosph&auml;re f&uuml;r Erholungssuchende, Familien und Sportbegeisterte gleichermassen.</p><p>Von hier aus er&ouml;ffnen sich zahlreiche weitere Wanderm&ouml;glichkeiten in verschiedene Richtungen. Ambitionierte Wanderer k&ouml;nnen ihre Tour ausdehnen und die umliegenden Gipfel oder H&ouml;henwege erkunden, w&auml;hrend Genusswanderer die sanfteren Routen bevorzugen k&ouml;nnen.</p><p>Ebenfalls ist die H&uuml;tte ein beliebter Stopp f&uuml;r die Velotour ins Toggenburg. Viele Biker sch&auml;tzen die Strecke wegen ihrer abwechslungsreichen Abschnitte und der herrlichen Aussicht. Die Kombination aus sportlicher Aktivit&auml;t und landschaftlicher Sch&ouml;nheit macht diesen Ort zu einem attraktiven Ziel f&uuml;r Naturliebhaber.</p></div>;9.1859442;47.1601472;Vorderhöhistrasse;8873;Amden;079 500 19 65;rebekka@scamden.ch;https://www.amden-weesen.ch/gastronomie/skiclubhuette-altschen-9e612aa0c8;[{'@type': 'ImageObject', 'contentUrl': 'https://ttpimtsoch.sos-ch-dk-2.exoscale-cdn.com/catalog/e/c/c/e/ecce4f148270431e48b1700282f70a8ae1ecae82_amden_restaurant.jpg'}];2026-04-22T14:30:52+02:00
921bb32a-8ac5-46df-8420-b9f06efe647e;Auf Frauenspuren im Toggenburg;Wie haben Frauen früher im Toggenburg gelebt? Und was haben Sie bewirkt? Auf diesem Rundgang durch Lichtensteig erzählt Ihnen die Städtliführer:in von starken Frauen aus dem Toggenburg. ;<p>Eine Zeitreise durch die Geschichte von Frauen aus dem Toggenburg zeigt, welche beeindruckende Spuren sie hinterlassen haben. Trotz grossen Herausforderungen, begrenzten Ressourcen und gesellschaftlichen Einschr&auml;nkungen waren sie mutige Wegbereiterinnen: Mit bewundernswerter Kreativit&auml;t und Entschlossenheit pr&auml;gten sie den Alltag.&nbsp;<br>In vielen F&auml;llen &uuml;bten die Frauen auch einen starken Einfluss auf die kulturelle Identit&auml;t der Region aus. Sie pflegten Traditionen, bewahrten das kulturelle Erbe und trugen dazu bei, dass die Geschichte und die Werte der Gemeinschaft weitergegeben wurden.&nbsp;<br>Der/die St&auml;dtliguide erz&auml;hlt auf dieser Themenf&uuml;hrung durch die Gassen von Lichtensteig von Frauen zwischen dem 17. bis anfangs des 20. Jahrhunderts.</p><p><strong>Ap&eacute;ro<br></strong>Zur stimmigen Abrundung kommt ein feiner Ap&eacute;ro vor oder nach der F&uuml;hrung sehr gut an - unser Spezialangebot f&uuml;r St&auml;dtlif&uuml;hrungsgruppen finden Sie&nbsp; <a href="https://toggenburg.swiss/files/_OpenFrontend/websites/toggenburg.swiss/objects/pdf_download/ap%C3%A9ro_angebote_lichtensteig.pdf" target="_blank" rel="noopener">hier.</a>&nbsp;</p>;9.087211489677431;47.323541518234684;9620;Lichtensteig;[{'@type': 'ImageObject', 'contentUrl': 'https://ttpimtsoch.sos-ch-dk-2.exoscale-cdn.com/catalog/1/9/2/b/192b9243c6d51886129bf43f8e563e41afa767f7_Bild_Frauen_im_Toggenburg.jpg'}];2026-03-20T16:24:17+01:00
94080953-9f21-4280-a2e2-29e8f640e7ce;Gasthaus Hulftegg;Ausflugsziel Hulftegg mit einem Rundweg und Indoor Hüpfburg für Kinder. Ganzjährig offen.;<p>Ab Hotel Wanderparadies zu den 7 Bergbeizli, Hulftegg Rundweg auch im Winter unterhalten. Panorama-Terrasse mit Blick ins Toggenburg bis zum Bodensee. Velo und Motorradtreff. Zentral f&uuml;r Ausfl&uuml;ge Z&uuml;rich - Ostschweiz. Sonntags Brunch. Ideal auch f&uuml;r Tagesseminare. Menus f&uuml;r Gruppen (Cars, Vereine etc.)</p><p>&nbsp;</p><p><span data-teams="true">Auskunft zur Zug&auml;nglichkeit: <a href="https://www.ginto.guide/entries/E9861A3E-A151-4CDD-BB63-CB4F956CFF4E?lnk_src=business" target="_blank" rel="noopener">ginto</a></span></p>;8.9672148;47.3633029;Hulftegg 907;9613;Mühlrüti;+41 71 983 33 66;info@hulftegg.ch;http://www.hulftegg.ch/;[{'@type': 'ImageObject', 'contentUrl': 'https://ttpimtsoch.sos-ch-dk-2.exoscale-cdn.com/catalog/e/3/a/0/e3a0909413632d44ca0c4ced2a6831459b4acc5e_Hulftegg7.jpg'}];2026-06-02T01:56:04+02:00
95bed004-bd21-413c-aa09-075846e31fc5;Sitzbank Iltishag;Schlichtes Holzbänkli als ruhiger Aufenthaltsort.;<p>Dieses B&auml;nkli ist Teil der Ruheoasen entlang des Thur- und Neckerwegs, gefertigt aus heimischem Holz und bewusst reduziert gestaltet.<br><br>Es bietet einen einfachen, klar gestalteten Ort zum Sitzen, Verweilen und Innehalten. Der Blick richtet sich in die Landschaft &ndash; auf Wasser, Wiesen oder Berge, je nach Standort neu, stets mit Bedacht gew&auml;hlt.</p>;9.237111;47.191333;Iltishag;9656;Starkenbach;+41 71 999 99 11;info@toggenburg.swiss;https://thurundneckerweg.ch;[{'@type': 'ImageObject', 'contentUrl': 'https://ttpimtsoch.sos-ch-dk-2.exoscale-cdn.com/catalog/7/7/2/8/77288f4bdfc7a847ac9989be8698a9a5b2a9e83b_Sitzbank_Iltishag__Starkenbach.jpg'}];2026-03-16T19:10:17+01:00
95fdee83-2c45-4a1e-b0a5-cbff71179b80;Hof Entenbach;Auf dem Bio-Betrieb der Familie Widmer leben Mutterkühe, Hühner und diverse Kleintiere.
;Im 24h Selbstbedienungshoflädeli findest du saisonale Produkte vom Hof: Eier, Äpfel, selbstgepresster Most, diverse Sirupe und vieles mehr. 

Auf Anfrage bietet der Hof Entenbach auch Fleisch-Mischpakete vom Beef oder Schwein an.

Nebst Lebensmittel werdet ihr auch fündig, wenn ihr auf der Suche nach kleinen Geschenken sind. So gibt es hier zum Beispiel Scherenschnittkappen, Stirnbänder und weitere selbstgenähte Unikate.
;8.984662592411043;47.3719585767651;Entenbach 3;9613;Mühlrüti;https://www.hofentenbach.ch/;[{'@type': 'ImageObject', 'contentUrl': 'https://ttpimtsoch.sos-ch-dk-2.exoscale-cdn.com/catalog/b/7/6/8/b768b5b49b4aed3880aaa1f7c63f3cbe20f0525d_IMG_20220914_WA0021.jpg', 'caption': {'de': 'Hoflädeli Entenbach'}}];2026-05-15T23:57:42+02:00
962497e4-503f-4272-8e19-dfbc26dae064;Gruppenhaus Hänis;Modernes Skihaus auf der Wolzenalp (33 Betten);Erleben Sie unvergessliche Tage in unserem modernen Skihaus auf der wunderschönen Wolzenalp im Toggenburg. Ob exklusiv für Ihre Gruppe oder bettenweise – unser Haus bietet den perfekten Rückzugsort für Skifahrer, Wanderer und Naturliebhaber. Weitere Informationen finden Sie auf unserer Homepage (Skiclub Schaffhausen). 

Unser Hüttenwart freut sich auf Ihre Anfrage.

Viele Grüsse, Skiclub Schaffhausen;9.156240820884706;47.22270154234824;Allmen 1990;9650;Krummenau;+41787121624;huettenwart@skiclubsh.ch;https://www.skiclubsh.ch/;[{'@type': 'ImageObject', 'contentUrl': 'https://ttpimtsoch.sos-ch-dk-2.exoscale-cdn.com/catalog/6/4/8/3/648388af3d216d16f513a70c5357e79e33630045_1e1f8d13_671d_4611_9e8b_c1781fd409af.jpeg'}];2025-10-10T14:45:28+02:00
973c36ba-5db8-4271-854f-00ec2a4e5cb2;Alphaus Alp Böden;Die Voralp „Bödä“ bietet Platz für 8 Personen. Küche mit kaltem Wasser, Stube, 2 Schlafräume, WC, Solardusche, Erdkeller und Grillstelle. Heizen und Kochen mit Holz.;<p><span data-olk-copy-source="MessageBody">Die Hütte verfügt über eine Küche mit kaltem Wasser, eine gemütliche Stube, zwei Schlafräume, ein WC, eine Solardusche, einen Erdkeller sowie eine Grillstelle. Geheizt und gekocht wird mit Holz. Bei schneefreier Lage ist die Hütte bequem mit dem Auto erreichbar. Die Preise betragen 30 CHF pro Person und Nacht ab 18 Jahren sowie 15 CHF pro Kind und Nacht bis 18 Jahren, Kinder bis 6 Jahre sind gratis. Zusätzlich wird eine Depotgebühr von 50 CHF erhoben, welche für ein allfällig notwendiges Putzen verwendet wird.</span></p>;9.1376531124115;47.23572636918493;Alp Böden;9642;Ebnat-Kappel;+41 79 482 18 53;brunnerfrueh@gmail.com;[{'@type': 'ImageObject', 'contentUrl': 'https://ttpimtsoch.sos-ch-dk-2.exoscale-cdn.com/catalog/6/1/7/0/6170d985172176b525f622bde1d887546ebfc07d_Alphaus_Alp_B__den_Krummenau.jpg'}];2026-08-03T09:15:41+02:00
9876a553-9f64-4354-a43e-f529efa836c9;Bödelilädeli;Unser Hoflädeli Bödelilädeli steht in Unterwasser an der Dorfstrasse 6.;Hier verkaufen wir unsere Milch in einem Milchautomat. Ein Gefäss zum Abfüllen bitte selber mitbringen. Weiter im Angebot haben wir: Eier, Jogurt, verschiedene Käse, Butter, Toggenburger Glace, Mehl, jeden Samstag Zöpfe, Birnenbrot, diverese Gonfi, Kräutersalz und Sirup je nach Saison. Ein Besuch lohnt sich bestimmt!
Zahlung bar oder per Twint möglich.;9.307746769231155;47.197282714546;Dorfstrasse 6;9657;Unterwasser;+41791753306;kontakt@bödelilädeli.ch;https://www.bödelilädeli.ch;[{'@type': 'ImageObject', 'contentUrl': 'https://ttpimtsoch.sos-ch-dk-2.exoscale-cdn.com/catalog/8/9/8/7/8987719e3f7e6f46565cae7790a284d40f8e265c_La__deli__2.jpeg'}];2025-12-19T15:39:39+01:00
987aeef1-6fce-4f6a-9186-bdb97dac0656;Berggasthaus Stöfeli;Das traditionelle Berggasthaus Stöfeli  liegt auf 1662 m ü. M. und beherbergt Gruppen bis 60 Personen.;Sich mitten im Chäserrugg-Gebiet zurückziehen, den Sonnenuntergang aus der Stube geniessen, den Tag bei einem Fondue ausklingen lassen und tief schlafen in gepflegten Zimmern mit gemütlicher Atmosphäre. Im Winter ist es mit den Ski oder der Gondelbahn und im Sommer zu Fuss oder mit der Luftseilbahn zu erreichen.;9.312350700000025;47.1715985;Talstation Chäserrugg;9657;Unterwasser;+41 71 998 68 10;stoefeli@toggenburgbergbahnen.ch;http://www.chaeserrugg.ch/;[{'@type': 'ImageObject', 'contentUrl': 'https://ttpimtsoch.sos-ch-dk-2.exoscale-cdn.com/catalog/7/3/d/e/73de34c2c14682eae4883b16c5e7d434749b11ff_TT_Berggasthaus_Stoefeli_Smmer_2019_3.jpg'}];2026-05-06T14:37:35+02:00
98d7c75b-07dd-426d-b061-72924b108a07;Bike Academy Toggenburg;TRAINIERE DEINE SKILLS. SPIELEND BIKEN LERNEN. Du willst (e-) mountainbiken, bist aber unerfahren auf steilen Anstiegen und Abfahrten? Du bist es nicht gewohnt, auf unterschiedlichem Terrain zu biken?
Dann komm' zu uns.;Du willst (e-) mountainbiken, bist aber unerfahren auf steilen Anstiegen und Abfahrten? Du bist es nicht gewohnt, auf unterschiedlichem Terrain zu biken?
Dann komm' zu uns - so werden deine Mountainbike-Erlebnisse Spass machen ... mit Sicherheit! Kids lernen bei uns spielend biken: der Spass ist garantiert.
Die Bike Academy Toggenburg ist bis Oktober täglich geöffnet - sende uns jetzt deine Reservationsanfrage.;9.343051314353945;47.200574813648;Munzenriet 12;9658;Wildhaus;+41786194990;office@bikeacademy-toggenburg.ch;http://www.bikeacademytoggenburg.ch/;[{'@type': 'ImageObject', 'contentUrl': 'https://ttpimtsoch.sos-ch-dk-2.exoscale-cdn.com/catalog/6/9/4/c/694ccd13a85e1d4a5238fd4d7069da037f8317ff_Bildschirmfoto_2026_07_14_um_11.22.32.png'}];2026-07-16T13:32:23+02:00
99f548b2-cf39-4cc6-9f83-65f2775078a6;Schaukeln Barenegg;Schlichte Schaukeln aus Holz als Moment der Unbeschwertheit.;<p>Ein Holzbrett, zwei Ketten &ndash; mehr braucht es nicht. Entlang des Thur- und Neckerwegs entsteht so ein einfacher Ort, der an fr&uuml;her erinnert.<br><br>Beim Schaukeln wird das Gef&uuml;hl leichter und Gedanken verlieren an Gewicht. F&uuml;r einen Moment darf alles unkompliziert sein.</p>;9.188500;47.298500;Barenegg;9633;Hemberg;+41 71 999 99 11;info@toggenburg.swiss;https://thurundneckerweg.ch;[{'@type': 'ImageObject', 'contentUrl': 'https://ttpimtsoch.sos-ch-dk-2.exoscale-cdn.com/catalog/b/f/7/8/bf78e28069be551cdf9ec694ae597e9ae038099d_Schaukeln_Barenegg__Neckertal.jpg'}];2026-03-16T19:11:29+01:00
9be96916-483a-4e55-9a0b-93862787dd62;Eulenglück;Glück kann so nah sein - Eulen und deren Lebensraum kennenlernen

Wir sind Familie Claudia, Uwe und Justine Hagen und möchten Euch die Welt der Eulen zeigen mit den Waldohreulen Luna, Frodo und den Steinkäuzen Maja und Fienchen. ;<p>Wir bieten folgende Erlebnisse mit unseren Eulen an:<br><br><strong>Erlebnisspaziergang mit Eulen</strong><br>Wir gehen mit Ihnen durch die Landschaft und zeigen Ihnen den Lebensraum der Eulen. Alternativrouten f&uuml;r Personen mit Handicap sind m&ouml;glich.<br><br><strong>Relaxprogramm mit Eulen</strong><br>Ausspannen und den Alltag vergessen?<br>Lassen Sie sich von unseren Eulen dabei helfen.<br>Bei einem Getr&auml;nk und einer Eule auf der Hand einfach den Augenblick geniessen!<br><br><strong>Naturfotoshooting mit Eulen<br></strong>Brauchen Sie f&uuml;r Ihren Fotokurs ein besonderes Motiv?<br>M&ouml;chten Sie eine Eule in der Natur fotografieren?</p>;9.206514736418168;47.196959808576;Stocken 409;9655;Stein;076 705 92 30;info@eulenglueck.ch;https://www.eulenglueck.ch/;[{'@type': 'ImageObject', 'contentUrl': 'https://ttpimtsoch.sos-ch-dk-2.exoscale-cdn.com/catalog/3/e/0/0/3e00a2ff80b128dc44cacb57143634d1e228a9f6_IMG_20210911_WA0043.jpg'}];2026-01-28T09:00:14+01:00
9c35b1c0-5e3f-47c6-ace4-78262e14f513;Ferienheim Bodenweidli;Das heimelige Toggenburger Holzhaus verfügt über 56 Betten auf 18 Zimmer verteilt, teils mit Dusche/WC.;Ideal für Schulklassen, Geburtstagsfest, Hochzeit, Lehrlingslager etc. Nebst gratis Internetanschluss stehen Ihnen ebenfalls Beamer, Leinwand, Musikanlage, ein hauseigener Fussballplatz, Volleyballfeld, Ping-Pong Tisch, Töggelikasten und eine Feuerstelle zur Verfügung. An einer Privatstrasse sind Sie frei vom Verkehr, jedoch sind es nur 100 Meter bis zur Skibushaltestelle.
Neu können wir zudem einen top modern eingerichteteten Seminarraum anbieten.;9.358319100000015;47.2079208;Bodenweidli;9658;Wildhaus;+41 71 999 13 55;lagerhaus@bodenweidli.ch;https://www.bodenweidli.ch;[{'@type': 'ImageObject', 'contentUrl': 'https://ttpimtsoch.sos-ch-dk-2.exoscale-cdn.com/catalog/7/b/9/6/7b9643d86117731d4fa235edd0793eb92d959ea6_DSC_0398.JPG'}];2026-08-14T21:11:57+02:00
9deab758-e1a5-4e1e-b692-4161a9fecf9f;Bibliothek und Ludothek Nesslau;Die Bibliothek Ludothek verleiht Bücher, Spiele, DVD's und verschiedene nützliche Gegenstände in der "Bibliothek der Dinge";<p><strong>Entdecken Sie in der Bibliothek alles, was das Leserherz begehrt!</strong><br>Vom Krimi bis zum Liebesroman, vom Pappbilderbuch bis zum Sachbuch &ndash; hier finden Sie das passende Buch f&uuml;r die ganze Familie!</p>
<p><strong>Nach einem Besuch in der Ludothek hat Langeweile bei Regenwetter keine Chance!</strong><br>Bei uns finden Sie ein grosses Sortiment an Gesellschaftsspielen, verschiedenen Spielsachen, H&ouml;rb&uuml;chern inkl. Tonies, Outdoorspielen und vielem mehr...</p>
<p><strong>Fehlt etwas in der Ferienwohnung, z. B. ein Pizzaofen?</strong><br>Vielleicht finden Sie es in unserer Bibliothek der Dinge. Wir bieten die M&ouml;glichkeit von Einzelausleihen ohne Abo.</p>
<p><strong>Parkplatz, Treppenlift und Behindertentoilette sind vorhanden.</strong></p>;9.199032783508303;47.228938230627655;Büelen 2100;9650;Nesslau;+41774349224;biblioludo@nesslau.ch;https://www.bibliothek-nesslau.ch/;[{'@type': 'ImageObject', 'contentUrl': 'https://ttpimtsoch.sos-ch-dk-2.exoscale-cdn.com/catalog/c/4/0/c/c40c2b6cfb898a7487a728e31437729eb012a47d_IMG_20241207_084540_resized_20241207_094511701.jpg'}];2025-10-28T13:19:51+01:00
9e3b4a74-0859-4f56-8fa8-1adfec43d0cc;Chatzegrabe-Tours - Wanderleiter SBV;Professionell geführte Wander-, Berg- und Schneeschuhtouren im Toggenburg, in der Ostschweiz und in anderen Gegenden der Schweiz. Als Einzelperson oder Gruppe die herrliche Bergwelt erleben.;<p>Möchtest du
- dich in der Bergwelt vom Alltag erholen?
- eine atemberaubende Landschaft erkunden?
- eine Spur durch den Schnee abseits des Rummels ziehen?
- den Sonnenaufgang auf einem Berggipfel erleben?
- dem leuchtenden Mond in einer verschneiten Landschaft begegnen?
- die Bergwelt geniessen und dabei sicher unterwegs sein?
- unterwegs Spannendes und Wissenswertes über die Region und den Lebensraum erfahren?
- mit deinem Team, Gruppe oder Klasse einen unvergesslichen Tag draussen in der Natur verbringen?
- oder gar die Nacht zum Tag werden lassen?

Benno Schwizer, Wanderleiter SBV und SAC-Tourenleiter ermöglicht dir, diese Wünsche zu erfüllen.
Im Tourenprogramm findest du verschiedene Angebote - im Winter wie im Sommer, für Einsteiger/innen und Geübte.

Oder lass dir eine massgeschneiderte Tour anbieten für Einzelpersonen, Gruppen oder Teams.
Ich freue mich auf deine Anfrage und mit dir/euch «zäme underwägs» zu sein.</p>;9.1694948;47.2487748;Brunnenstrasse 2;9643;Krummenau;+41 79 231 39 79;hallo@chatzegrabe-tours.ch;https://chatzegrabe-tours.ch;[{'@type': 'ImageObject', 'contentUrl': 'https://ttpimtsoch.sos-ch-dk-2.exoscale-cdn.com/catalog/e/2/9/3/e2936d8e46fc0cc9012d863bb6aa5c498306bbee_DSC02708.JPG'}];2026-04-28T19:33:20+02:00
9ec08e9f-723a-4120-822f-f5962dffc39a;Velo Köbi Nesslau;Du willst dich bewegen an der frischen Luft und unsere beeindruckende Bergwelt geniessen? Bestimmt haben wir das passende Mountainbike oder E-Bike für Dich.
Wir freuen uns über deinen Besuch und beraten dich gerne.;- Verkauf von Bikes und E-Bikes, Zubehör und Bekleidung
- Service und Reparatur aller Marken (bei E-Bikes, sofern technisch möglich)
- Vermietung von E-Bikes;9.20292;47.22287;Hauptstrasse 49;9650;Nesslau;071 994 13 85;info@velokoebi.ch;https://www.velokoebi.ch/;[{'@type': 'ImageObject', 'contentUrl': 'https://ttpimtsoch.sos-ch-dk-2.exoscale-cdn.com/catalog/d/c/1/4/dc14500cc5f82cbea114b4ab69f3969ee4473bd9_IMG_20220308_135825.jpg'}];2026-08-04T15:25:52+02:00
9ee0fb06-52e4-4bc0-9e41-8add7aa3d6d2;Birdie Golf Toggenburg;Die erste Indoor Golf Anlage im Toggenburg. Einzigartige Golf-Lounge im Loft «zur alten Weberei» in Neu St. Johann für Gäste und Club-Mitglieder.;Es stehen Ihnen folgende Möglichkeiten zur Verfügung:

- Golf-Simulator im Self-Service für eine faszinierende virtuelle Golfrunde – realistisch, interaktiv und mit beeindruckendem 3D-Effekt.
- Attraktives Putting-Green.
- Gemütliche Lounge für gesellige Momente.
- Attraktiv für Firmen, Tourismusgäste, Familien und Freunde bis maximal 12 Personen.;9.1957731;47.2289055;Alte Webereistrasse 2;9652;Neu St. Johann;079 818 98 61;info@birdiegolf-toggenburg.ch;https://birdiegolf-toggenburg.ch/;[{'@type': 'ImageObject', 'contentUrl': 'https://ttpimtsoch.sos-ch-dk-2.exoscale-cdn.com/catalog/1/6/5/3/1653b1e7e1b726b193c3a94408eaea447c7f2e38_Birdie_Golf_Toggenburg_11__2.jpg'}];2026-08-19T14:44:33+02:00
9ff3677e-a890-472d-b62c-cc9aeecae4ac;Gruppenhaus TV Schaffhausen;Das gemütlich ausgestattete Selbstversorger-Gruppenhaus in Unterwasser/Wildhaus bietet Platz für max. 58 Personen, liegt direkt an der Skipiste und im Wandergebiet. Es eignet sich ideal für Schullager, Vereine und grosse Familien.;Das Ski- und Ferienhaus des TV Schaffhausen (1’150 m.ü.M.) in Unterwasser ist ein gemütliches und schön gelegenes Lagerhaus und bietet sowohl Gruppen und Schulklassen als auch grossen Familien Unterkunft. Die maximale Kapazität liegt bei 58 Personen. Wir empfehlen auf Grund der Platzverhältnisse in den allgemeinen Räumen sowie den sanitäten Anlagen, das Haus mit nicht mehr als 40 Personen zu belegen.

Das Haus ist im Sommer und im Winter mit dem Auto von Unterwasser (steile Zufahrt) oder einfacher von Wildhaus her erreichbar. Kostenfreie Parkplätze befinden sich unmittelbar vor dem Haus. Mit dem Reisecar ist die Zufahrt über Wildhaus möglich. Im Winter führt die Ski-Piste direkt am Haus vorbei.

Im Sommer und im Herbst ist das Haus ein idealer Ausgangspunkt für Wanderungen zu den Churfirsten. 300 m vom Haus entfernt befindet sich der Schwendisee, der zum Baden einlädt. Zum Haus gehören zudem eine Grillstelle und eine grosszügige Spielwiese.

Das Haus ist ein Selbstversorgerhaus. In der nahen Umgebung finden Sie zudem zwei öffentliche Restaurants (Gade & Alpenrose).;9.32665495;47.19093905;Hintere Schwendistrasse 56;9657;Unterwasser;+41 71 999 27 27;info@bergundbett.ch;https://bergundbett.ch/gruppenhaeuser/;[{'@type': 'ImageObject', 'contentUrl': 'https://ttpimtsoch.sos-ch-dk-2.exoscale-cdn.com/catalog/a/0/1/8/a018c55d745b27c6aa94a3ae3c5b674e8ec6ed16_TV_Schaffhausen_mit_Saentis_1_jpg__2.jpg'}];2026-05-06T13:34:16+02:00
a0d2c242-070e-4e2f-836b-4feb51c63968;Toggenburg-Guides;Geführte Outdoor-Erlebnisse mit einheimischen Guides;Willkommen bei unserer Gemeinschaft von Bergführern und Wanderleitern im Toggenburg.
Bei uns findest du Touren und Erlebnisse, die von erfahrenen Profis geplant und begleitet werden.
Gemeinsam entdecken wir die Schönheit der Berge - ob sanft oder anspruchsvoll.
Wir nehmen dich mit hinaus in die Natur: sicher, authentisch und genau so, wie es zu dir passt.;9.25304174423218;47.185727089944905;Hof-Starkenbach;9656 ;Alt St. Johann;info@toggenburg-guides.ch;https://www.toggenburg-guides.ch;[{'@type': 'ImageObject', 'contentUrl': 'https://ttpimtsoch.sos-ch-dk-2.exoscale-cdn.com/catalog/4/7/8/3/47832aab2c2b561185152a45c93b99259953dc69_01_Logo_Toggenburg_Guides600.png'}];2026-04-27T14:48:29+02:00
a164c80a-4d11-45cd-b0fb-37c47a7aa070;Silvan Ebneter - Bergführer;Egal ob Anfänger oder erfahren: Ich biete Skitouren, Hochtouren, Kletter- und Eisklettertouren sowie Kurse in Lawinenkunde, Skitechnik und Klettern an. Im malerischen Toggenburg wird dein Abenteuer Wirklichkeit – sei bereit für einzigartige Naturerlebnisse!;Abenteuer beginnen mit der Idee, werden beim Planen geformt, realisiert auf einer Tour und zu Hause als Geschichte weitererzählt.

Egal, ob du gerade erst mit dem Bergsport beginnst oder bereits Erfahrung mitbringst – bei mir bist du genau richtig! Ob in der Gruppe bei einer fundierten Ausbildung oder auf einer anspruchsvollen Klettertour: Ich sorge dafür, dass dein Abenteuer Wirklichkeit wird.

Das malerische Toggenburg bietet uns die perfekte Kulisse, um unvergessliche Touren zu erleben und gemeinsam die Berge zu genießen.

Mein Angebot:
•	Skitouren
•	Hochtouren
•	Eisklettern
•	Klettertouren
•	Ausbildung:
o	Lawinenkurs
o	Skitechnikkurs
o	Kletterkurs

Bereit für neue Herausforderungen und Naturerlebnisse? Ich freue mich auf dich!;9.141916900000004;47.254443699999996;Brandholz 2790;9642;Ebnat-Kappel;+41 79 379 46 63;info@alpendohle.ch;https://alpendohle.ch/;[{'@type': 'ImageObject', 'contentUrl': 'https://ttpimtsoch.sos-ch-dk-2.exoscale-cdn.com/catalog/8/e/d/d/8edd3d748831d6cec052cb951e2283875f3ed0b3_IMG_20231014_WA0012.jpg'}];2026-04-28T19:33:21+02:00
a180b3f3-57d5-4d95-bbdb-5f9d5d769c37;24h köstliche Vielfalt;Köstlichkeiten aus dem Toggenburg rund um die Uhr einkaufen in Lichtensteig
Über 50 regionale Spezialitäten und 120 verschiedene Biere;Hereinspaziert in die Welt des Genusses! Unter den historischen Arkaden im Zentrum Lichtensteigs kannst du rund um die Uhr Spezialitäten aus dem Toggenburg sowie Bier-Vielfalt aus aller Welt kaufen. Entdecke die kulinarischen Schätze aus dem Toggenburg und nimm die Spezialitäten gleich mit nach Hause. Herzlich Willkommen!;9.08765;47.32278;Hauptgasse 27;9620;Lichtensteig;+41 71 552 06 08;info@minibierladen.ch;https://www.9620.ch/;[{'@type': 'ImageObject', 'contentUrl': 'https://ttpimtsoch.sos-ch-dk-2.exoscale-cdn.com/catalog/c/b/a/a/cbaa17c07eb727a0e2f93d49fd6c23842da8eca6_IMG20211220141456__1_.jpg'}];2026-06-30T13:25:29+02:00
a2e7f4e1-4e7f-4e64-bd10-593343538a3a;Haus am Rain Ski- und Ferienhaus;Gemütliches Gruppenhaus im Toggenburg in Alt St. Johann mit 28 Betten und Studios, Aufenthaltsräumen, Spielraum, Gastro­küche und Kleinküche. Nahe beim Dorf, bei Pisten, Seilbahn und Wanderwegen. Parkplätze direkt vor dem Haus.;<div><p>Willkommen in unserem charmanten Gruppenhaus mit sieben einladenden Zimmern. Jedes Zimmer bietet Platz f&uuml;r bis zu vier Personen und verf&uuml;gt &uuml;ber ein eigenes Badezimmer.</p><p>Das Haus bietet grossz&uuml;gige Aufenthaltsr&auml;ume, die zum geselligen Beisammensein einladen, sowie eine voll ausgestattete Gastrok&uuml;che, die kulinarische Erlebnisse f&uuml;r gr&ouml;ssere Gruppen erm&ouml;glicht. F&uuml;r kleinere Gruppen steht zudem eine separate, gem&uuml;tliche K&uuml;che zur Verf&uuml;gung.</p><p>Die weitl&auml;ufige Terrasse mit Grill l&auml;dt zu unvergesslichen Grillabenden unter freiem Himmel ein &ndash; begleitet von einer atemberaubenden Aussicht auf die majest&auml;tischen Berge S&auml;ntis und Schafberg.</p><p>Dank der ruhigen und dennoch zentralen Lage, nur f&uuml;nf Minuten von den &ouml;ffentlichen Verkehrsmitteln und den Bergbahnen entfernt, ist das Haus der ideale Ausgangspunkt f&uuml;r Skifahrer, Wanderer und Biker.</p><p>Hier finden Sie den perfekten Ort, um zur Ruhe zu kommen, die Natur zu geniessen und neue Abenteuer zu erleben.</p></div>;9.282629550000003;47.190927599999995;Tobelstrasse 16;9656;Alt St. Johann;+41787457930;kaethivetsch@bluewin.ch;https://hausamrain.ch;[{'@type': 'ImageObject', 'contentUrl': 'https://ttpimtsoch.sos-ch-dk-2.exoscale-cdn.com/catalog/2/3/5/4/23548e4a0f2abdf9b5d81305cea250849e9d8600_2.jpg'}];2026-06-03T16:23:39+02:00
a6313581-97ae-4113-9d58-1ce5ed83ca05;Projekteinblick Mini.Stadt Lichtensteig;Bei dieser Führung erhalten Sie exklusive Einblicke in eines der Projekte, die dazu beigetragen haben, dass Lichtensteig 2023 den Wakkerpreis gewonnen hat. ;<p>Die Mini.Stadt Lichtensteig ist stark vom Strukturwandel gepr&auml;gt. Konstant ist: Lichtensteiger:innen packen an. Gemeinsam haben sie eine Strategie entwickelt und verschiedene Projekte vorangetrieben und umgesetzt. Dies hat die Jury des renommierten Wakkerpreises dazu bewogen, den Preis im Jahr 2023 an Lichtensteig zu vergeben.&nbsp;</p><p><br>Folgende Projekte bieten Ihnen einen exklusiven Einblick:</p><ul><li><strong>Macherzentrum Toggenburg</strong> (<a href="https://www.macherzentrum.ch" target="_blank" rel="noopener">www.macherzentrum.ch</a>)<br>Engagierte Macher:innen nutzten die ehemalige Post in Lichtensteig nach deren Schliessung in einen Coworkingspace um. Damit wollten sie den Leerstand als Chance wahrnehmen und einen Mehrwert f&uuml;r die Region schaffen. Heute hat sich der Coworkingspace im Toggenburg etabliert und lockt Gr&uuml;nder:innen, digitale Nomadinnen und Nomaden sowie weitere Macher:innen an. Das Macherzentrum bietet ein inspirierendes Umfeld inmitten des wundersch&ouml;nen St&auml;dtli Lichtensteigs. Der Postschalter, die Schliessf&auml;cher und andere &laquo;&Uuml;berbleibsel&raquo; der Post blieben erhalten und verleihen einen einzigartigen Charme &ndash; schauen Sie selbst!</li><li><strong>Zukunft.Bahnhof</strong> (<a href="https://www.zukunftbahnhof.ch/" target="_blank" rel="noopener">www.zukunftbahnhof.ch</a>)&nbsp;<br>Auf dem Areal rund um die Bahnhalle, wo das bekannte Ch&ouml;ssi Theater beheimatet ist, entsteht ein Konzept f&uuml;r eine enkeltaugliche Arealentwicklung. Die denkmalgesch&uuml;tzte Bahnhalle soll saniert werden und neue Bauten entstehen, die eine vielf&auml;ltige Mischnutzung des Areals mit einer Kombination aus Wohnen, Arbeiten und Kultur bieten werden. Mithilfe von sozialer und technischer Innovation soll ein lebendiger Begegnungs- und Wohnort entstehen.<br><br></li><li><strong>Stadtufer</strong> (<a href="https://www.stadtufer.ch/" target="_blank" rel="noopener">www.stadtufer.ch</a>)<br>Der Niedergang der Textilindustrie hat die Region stark getroffen. Wir nutzen die Chance, mit dem Stadtufer eine Geschichte der feinf&uuml;hligen &ouml;kologischen und sozialen Wiederbelebung der ehemaligen Spinnerei zu erz&auml;hlen, welche das Bild des St&auml;dtchens historisch gepr&auml;gt hat. Mit partizipativen Planungsmethoden entwickelt sich das Areal Stadtufer aus dem Bestand heraus zu einem zukunftsweisenden Ort der Begegnung. F&uuml;r das grosse Engagement wurde die Genossenschaft 2022 mit dem Anerkennungspreis der Schweizer Vereinigung f&uuml;r Standortmarketing SVSM ausgezeichnet.<br><br></li><li><strong>Rathaus f&uuml;r Kultur</strong> (<a href="https://rathausfuerkultur.ch/" target="_blank" rel="noopener">www.rathausfuerkultur.ch</a>)<br>Das Rathaus f&uuml;r Kultur ist seit 2019 ein Knotenpunkt f&uuml;r kulturelles Schaffen. Der Verein gestaltet die Zukunft der Region aktiv mit, vernetzt Kunst- und Kulturschaffende mit der Bev&ouml;lkerung und entwickelt neue Ideen und Projekte. Im umgenutzten ehemaligen Stadtverwaltungsgeb&auml;ude befinden sich die Dogo Residenz f&uuml;r Neue Kunst, zahlreiche Ateliers, mietbare Event, Probe- und Ausstellungsr&auml;umlichkeiten sowie ein gastronomischer Betrieb mit Aussenbereich. Das Haus ist &ouml;ffentlich zug&auml;nglich und wird vielf&auml;ltig genutzt. Regelm&auml;ssig wird ein diverses Kulturprogramm geboten mit Konzerten, Parties, Ausstellungen, Talks und mehr.</li></ul><p><strong>Ap&eacute;ro</strong><br>Zur stimmigen Abrundung kommt ein feiner Ap&eacute;ro im Anschluss an die F&uuml;hrung immer gut an.&nbsp;<a href="https://toggenburg.swiss/files/_OpenFrontend/websites/toggenburg.swiss/objects/pdf_download/ap%C3%A9ro_angebote_lichtensteig.pdf" target="_blank" rel="noopener">Hier </a>finden Sie die Spezialangebote unserer Partnerbetriebe.<br>Wir w&uuml;rden uns sehr freuen, eines dieser Angebote f&uuml;r Sie zu organisieren.</p><p>&nbsp;<br>Weitere Informationen zum Wakkerpreise 2023 finden Sie unter <a href="https://wakkerpreis2023.ch/" target="_blank" rel="noopener">www.wakkerpreis2023.ch</a></p>;9.0874862;47.3231436;9620;Lichtensteig;[{'@type': 'ImageObject', 'contentUrl': 'https://ttpimtsoch.sos-ch-dk-2.exoscale-cdn.com/catalog/1/3/0/4/1304eee490a9fa7f46287f0e30e9298dac852609_05_Wakkerpreis_2023_Lichtensteig.jpg'}];2026-03-20T16:24:17+01:00
a6cec57e-b0a5-4904-8050-9022589d6ded;Wanderma.ch - Wanderleiter SWW;Wanderleiter (SWW) für professionell geführte Wanderungen, Natur-, und Kulturbeobachtungen, Schneeschuhtouren oder sonstige Natur- und Bergerlebnisse im Toggenburg und Alpstein.;<div id="comp-lwwafj34" class="Z_l5lU ku3DBC zQ9jDz qvSjx3 Vq6kJx comp-lwwafj34 wixui-rich-text" data-testid="richTextElement"></div><div id="comp-lwwafj341" class="Z_l5lU MMl86N zQ9jDz qvSjx3 Vq6kJx comp-lwwafj341 wixui-rich-text" data-testid="richTextElement"></div><div id="comp-lwwafj342" class="Z_l5lU ku3DBC zQ9jDz qvSjx3 Vq6kJx comp-lwwafj342 wixui-rich-text" data-testid="richTextElement"><p class="font_7 wixui-rich-text__text">Nat&uuml;rlich unterwegs im Toggenburg und Alpstein.&nbsp;</p><p class="font_7 wixui-rich-text__text">Willkommen in der faszinierenden Bergwelt zwischen S&auml;ntis und Churfirsten</p><p class="font_8 wixui-rich-text__text">Die Natur hier &ndash; mit ihren wilden W&auml;ldern, bl&uuml;henden Wiesen und schroffen Gipfeln &ndash; begeistert mich jeden Tag aufs Neue. Diese besondere Region ist mein Zuhause, mein Kraftort &ndash; und ich kenne sie wie meine Westentasche.</p><p class="font_8 wixui-rich-text__text">Ob gem&uuml;tliche Wanderung, faszinierende Schneeschuhtour, spannende Exkursion oder inspirierender Teamausflug: Ich nehme dich, deine Gruppe und Freunde mit zu meinen Lieblingspl&auml;tzen &ndash; abseits des Trubels, mitten ins echte toggenburger Berg- &amp; Naturerlebnis.</p><p class="font_8 wixui-rich-text__text">Seit April 2025 bin ich ausgebildeter Wanderleiter bei den Schweizer Wanderwegen. Mit viel Herzblut begleite ich Gruppen, Teams und Naturbegeisterte durch eindrucksvolle und entspannende Landschaften.&nbsp;</p></div>;9.376864299999998;47.206800900000005;Seewiesstrasse 6;9658;Wildhaus;+41798216959;marco@wanderma.ch;https://www.wanderma.ch;[{'@type': 'ImageObject', 'contentUrl': 'https://ttpimtsoch.sos-ch-dk-2.exoscale-cdn.com/catalog/2/3/f/c/23fc9926dbfb8eb54642882cb2f29044c7ac9f60_Wanderma_Portrait_25.jpg'}];2026-04-28T19:33:11+02:00
a721ed0c-9cc2-41c6-b754-8f06221874e1;Propstei Alt St. Johann;Wir vermieten verschiedenste Räume in dem ehemaligen Kloster St. Johann. Besonders geeignet für Hochzeiten, Familienfeste oder Veranstaltungen in kleinerem Rahmen, wie Seminaren, bis hin zu grösseren Versammlungen.;Verschieden grosse Räumlichkeiten bieten Ihnen die Möglichkeit, die ideale Grösse für Ihren Event auszuwählen. Ob für eine Präsentation mit Beamer, eine Vorstellung mit Bühne oder einfach den Geburtstag feiern. Wir stellen allen benötigten Materialien zur Verfügung. Von Geschirr bis hin zu Kaffeetassen ist für alles gesorgt, damit Sie unvergessliche Momente, ungestört, erleben können.

Kapazität:
Paul Müller Saal: 80 Personen
Johannes Saal: 190 Personen
Sitzungszimmer: 12 Personen
klostergarten: 200 Personen
Milo & Thüring - Keller: 30 Personen
Abt Konrad: 100 Personen

;9.28526043891907;47.194374928696426;Dorf 404;9656;Alt St. Johann;info@sanktjohann.ch;https://www.sanktjohann.ch/;[{'@type': 'ImageObject', 'contentUrl': 'https://ttpimtsoch.sos-ch-dk-2.exoscale-cdn.com/catalog/c/7/0/a/c70acfe830c6786379e87585479b1c53c646e08b__01__Aussenaufnahme_.jpg'}];2025-12-19T15:39:40+01:00
a75f7b42-e360-49a6-ba8d-3a802da03072;Gasthof Ochsen;Wir sind ein à la Carte Restaurant mit Hotelzimmern im Zentrum von Stein.
Wir verfügen ebenfalls über eine Gruppenunterkunft für bis 100 Personen und Säle für verschiedene Anlässe für bis zu 100 Personen.;Der perfekte Ausgangspunkt um das Obertoggenburg zu erkunden. 
Wir befinden uns genau im Zentrum zwischen Säntis, Churfirsten, Gamplüt, Wolzenalp und Speer. Egal wo Sie Ihre Wanderung oder Biketour hinführt, bei uns sind Sie am richtigen Ausgangspunkt.

Eine besondere Perle ist der Gasthof Ochsen für Fischer: Als Partner des FV-Obertoggenburg dürfen wir unseren Hotelgästen Patente für die Thur und ihre Nebenbäche für die Fischerei auf Bachforellen ausstellen.

In unserem Restaurant finden Sie ein vielfältiges und regionales Angebot, welches sich stets nach der aktuellen Saison richtet.;9.2267025;47.1986052;Dorf 306;9655;Stein;+41 71 994 19 62;info@stein-ochsen.ch;https://stein-ochsen.ch;[{'@type': 'ImageObject', 'contentUrl': 'https://ttpimtsoch.sos-ch-dk-2.exoscale-cdn.com/catalog/c/4/0/9/c409d9975d54870eec78c953466b5ad0527d20bf_AussenRegen.jpeg'}];2026-08-08T04:02:10+02:00
a7669609-b863-4c5b-9c02-e2855b9ce7eb;Metzgerei Metzger AG / Extrawürste.ch;Die Metzgerei Metzger AG…
Traditionelle Toggenburger Spezialitäten Haus
Hausgemachte Fleisch und Wustwaren
Catering/Partyservice;… ist die Toggenburger Traditionsmetzgerei seit 1932. Über 200 Fleisch- und Wurstprodukte stellen wir selber her. Meist nach altbewährten Rezepten. Fast alles Fleisch stammt von Tieren aus dem Toggenburg. Unsere Lieferanten kennen wir persönlich. Bei Hygiene und Zusatzstoffen orientieren wir uns an modernsten Grundsätzen. Bis bald in unseren zwei besteingerichteten Verkaufsgeschäften im Toggenburg! Oder bei den Verkaufswagen überall im Zürcherland.

Im Unterschied zu Grossverteilern setzt die Metzgerei Metzger AG auf reine Handwerkskunst: Mitarbeitende mit teils jahrzehntelanger Erfahrung kontrollieren die Herstellung von der Fleischgewinnung bis zum Verkauf.

-Znüüni Hit: jeden Tag was von der warmen Theke für CHF 5.00 im Bürli
- Geschenke und Mitbringsel
- Catering; fragen Sie uns an: info@metzger-metzger.ch
- Hausgemachte Fleisch und Wurstspezialitäten
- Toggenburger Fleischspezialitäten; Stockbergspeck, Mostböckli, Birnenmöckli usw.
- extrawuerste.ch
- Fleisch- und Käseplatten für jede Gelegenheit;9.1985037;47.2278863;Hauptstrasse 11;9650;Nesslau;+41 71 994 18 16;info@metzger-metzger.ch;https://www.metzger-metzger.ch/;[{'@type': 'ImageObject', 'contentUrl': 'https://ttpimtsoch.sos-ch-dk-2.exoscale-cdn.com/catalog/e/a/1/0/ea1089b4a971157f6aee97315ac71fccd446b98b_20230209_164427.jpg'}];2025-10-10T11:45:47+02:00
a7c02bf1-0e4d-4d47-aa78-cc197eea4ec4;Yoga in der Trefferei in Unterwasser;Erlebe eine wohltuende Yoga-Praxis in der Trefferei – für alle Levels geeignet.

- Sanfte Flows zur Kräftigung & Dehnung
- Entspannung & Achtsamkeit in gemütlicher Atmosphäre
- Zeit für dich – zum Ankommen & Loslassen

Komm vorbei und gönn dir eine Auszeit! ✨;<p>Yoga bietet dir eine wertvolle Auszeit, in der wohltuende Bewegungen deinen K&ouml;rper und Geist st&auml;rken. Es f&ouml;rdert deine Kraft, Flexibilit&auml;t und verbindet Atmung mit Bewegung f&uuml;r ein harmonisches Wohlbefinden.</p>
<p>&nbsp;</p>
<p><a href="https://www.eversports.ch/scl/gesundheitszeit-gmbh" target="_blank" rel="noopener">Buche hier dein Yoga-Erlebnis</a></p>;9.307404756407534;47.19817667222202;Rotenbrunnenstrasse 2;9657;Unterwasser;+41792565621;billie_stump@hotmail.ch;https://www.gesundheitszeit.com;[{'@type': 'ImageObject', 'contentUrl': 'https://ttpimtsoch.sos-ch-dk-2.exoscale-cdn.com/catalog/9/8/7/e/987e319b0fe667fe8055a1acae4ed5f5ee75f8bf_IMG_20250228_WA0054.jpg'}];2025-12-19T15:39:40+01:00
a8d72dd2-b86c-4b33-bc49-0b2ab54cb75d;Historische Führung durch die Mini.Stadt Lichtensteig;Erfahren Sie einiges über die Geschichte Lichtensteigs und entdecken Sie während der Führung die schönsten Ecken und schmalsten Gassen der Mini.Stadt im Toggenburg, welche mit dem Wakkerpreis ausgezeichnet wurde.;<p>Erleben Sie das St&auml;dtli von einer nicht ganz allt&auml;glichen Seite. Bei der begleiteten F&uuml;hrung erfahren Sie so einiges &uuml;ber die Geschichte Lichtensteigs und sehen die sch&ouml;nsten Ecken und schmalsten Gassen der Mini.Stadt im Toggenburg.&nbsp;Das historische Marktst&auml;dtchen Lichtensteig ist auf 640 m &uuml;.M. hoch &uuml;ber der Thur gelegen. Der vorbildlich erhaltene und restaurierte Altstadtkern mit seinen schmalen Kopfsteinpflaster-Gassen, hohen Arkaden und romantischen Brunnen will entdeckt werden. Die Bem&uuml;hungen der Gemeinde Lichtensteig rund um die Stadtentwicklung wurden mit dem Wakkerpreis 2023 ausgezeichnet.&nbsp;</p><p><strong>Ap&eacute;ro<br></strong>Zur stimmigen Abrundung kommt ein feiner Ap&eacute;ro vor oder nach der F&uuml;hrung sehr gut an - unser Spezialangebot f&uuml;r St&auml;dtlif&uuml;hrungsgruppen finden Sie&nbsp; <a href="https://toggenburg.swiss/files/_OpenFrontend/websites/toggenburg.swiss/objects/pdf_download/ap%C3%A9ro_angebote_lichtensteig.pdf" target="_blank" rel="noopener">hier.</a>&nbsp;</p><p>&nbsp;</p>;9.087796211242678;47.32375601594768;9620;Lichtensteig;[{'@type': 'ImageObject', 'contentUrl': 'https://ttpimtsoch.sos-ch-dk-2.exoscale-cdn.com/catalog/b/b/8/2/bb82bb7c447f94cd9b79ab83830b46ca0a46b383_Altstadt_Bezirksgeba__ude.jpeg'}];2026-05-04T12:02:41+02:00
aa45e1bd-a179-4584-b7b9-2fb7b296ab3a;Bergwirtschaft Köbelisberg;Der «Köbelisberg» ist im Winter und Sommer ein Ausflug wert. Die Wirtschaft auf dem Köbelisberg ist ein häufig gewähltes Wanderziel.;Nach ca. 45 Gehminuten erreicht man die Bergwirtschaft Köbelisberg. Ab Parkplatz Burg (nähe Wasserfluh). Entschädigt für den einfachen Aufstieg wird man mit einem wunderschönen Panorama. Im Winter darf man sich den Fondue- oder Raclettplausch vor einer rasanten Schlittelfahrt nicht entgehen lassen. Im Sommer werden Sie mit einem Köbeli-Teller verwöhnt. Unser neues Massenlager bietet Platz für 10 Personen. Geniessen Sie ein feines Essen und staunen über das Sternenpanorama. Am nächsten Morgen sind Sie als Erster auf dem Berg und haben vielleicht noch die Gelegenheit scheues Wild zu beobachten und dann ein reichhaltiges Frühstück zu geniessen.;9.1094641;47.3139253;Köbelisberg;9620;Lichtensteig;+41 79 479 95 57;team@koebelisberg.com;https://koebelisberg.com/;[{'@type': 'ImageObject', 'contentUrl': 'https://ttpimtsoch.sos-ch-dk-2.exoscale-cdn.com/catalog/4/d/a/6/4da644b151104cde48b85eb26ca06ca85e673b72_K__belisberg07_Juni2018_TT.jpg'}];2026-07-15T08:42:37+02:00
abe52916-cfb2-4264-9e1e-57eb7a584b04;Hasenbüel - Ferien auf dem Bauernhof;Geniessen Sie wundervolle Ferien auf dem Bauernhof Hasenbüel im Dicken. Erleben Sie unseren Betrieb, unsere Tiere und eine unglaublich tolle Aussicht. ;Oberhalb des Dorfes Dicken im Neckertal liegt unser Hof mit herrlicher Aussicht in die Bergwelt. Wir betreiben Milchwirtschaft und Schweinezucht. Nebenbei haben wir noch einen Hofladen mit Konfitüren, Sirup, Eingemachtes und Geschenksartikel. 

Um sich vom Alltag zu erholen, geniessen Sie die Ruhe bei uns. Idealer Ausgangspunkt für Ausflüge ins Toggenburg und ins Appenzellerland. 

Unsere 5-Zimmer-Wohnung befindet sich im 3. Stock mit eigenem Eingang; Küche mit Esszimmer, Wohnzimmer, 2 Doppelzimmer, Dusche/WC. Eine Etage höher: ein Doppelzimmer. Raumhöhe 1,85 m. 

Herzlich willkommen - bei uns im Hasenbüel.;9.187876661075947;47.33900375;Hasenbüel 728;9115;Dicken;+41 71 377 13 25;tamara@hasenbuel.ch;https://www.hasenbuel.ch;[{'@type': 'ImageObject', 'contentUrl': 'https://ttpimtsoch.sos-ch-dk-2.exoscale-cdn.com/catalog/e/3/b/d/e3bdc30ea2b0ecc0ca3a0bc1d3f2063d25c3b8ed_Hasenb__el.jpg', 'caption': {'de': 'Unser Hof'}}];2026-07-22T16:07:17+02:00
adc910c1-ecda-47ff-b7ed-8eb8b36f0641;Hotel Sternen;Inmitten der malerischen Landschaft des Toggenburgs ist unser traditionelles Hotel der zentrale Ausgangspunkt für Wander- und Erlebnisferien und bietet für jedes Bedürfnis das passende Programm.;<p>Willkommen im Hotel Sternen im idyllischen Toggenburg &ndash; zentral gelegen und doch mitten in der Natur. Nur einen Katzensprung von Z&uuml;rich und St. Gallen entfernt, erwartet Sie bei uns ein Ort zum Durchatmen und Geniessen. Mit 51 charmanten Zimmern, zwei Restaurants, einer grossz&uuml;gigen Lobby mit Bar sowie hellen Seminar- und Bankettr&auml;umen ist der Sternen der ideale R&uuml;ckzugsort f&uuml;r Sportler, Familien, Seminarteilnehmer und alle, die eine kleine Auszeit suchen. Unsere einladende Lobby ist Treffpunkt und Wohlf&uuml;hlort zugleich: Spielzimmer, Billard, Tischfussball, B&uuml;cher, Spiele und gem&uuml;tliche Sitzecken laden ein, gemeinsam Zeit zu verbringen oder den Tag entspannt ausklingen zu lassen. Direkt vor der Haust&uuml;r warten Bergbahnen, das beheizte Freibad sowie Tennis- und Squashpl&auml;tze &ndash; und nat&uuml;rlich die unverf&auml;lschte Natur des Toggenburgs.</p><p>&nbsp;</p><p><span data-teams="true">Auskunft zur Zug&auml;nglichkeit: <a href="https://www.ginto.guide/entries/42DCE771-99C3-4A2D-B7E6-1AAE765FFFF8?lnk_src=business">ginto</a></span></p>;9.311336874961855;47.197075839004675;Dorfstrasse 29;9657;Unterwasser;+41 71 998 62 62;info@sternen.biz;http://www.sternen.biz;[{'@type': 'ImageObject', 'contentUrl': 'https://ttpimtsoch.sos-ch-dk-2.exoscale-cdn.com/catalog/d/d/3/4/dd34fbfc1b95c668440985aef7db287b5fb9a6c6_Hotel_Sternen_Aussenansicht__16___2.jpg'}];2026-08-26T11:31:45+02:00
ae0b3c2d-c8dc-4ff4-b37e-7af3f086a690;Ferien auf dem Bauernhof Halden;Eine heimelige 3-Zimmerwohnung mit einer wunderschönen Aussicht in die Berge.;In der Wohnung gibt es Platz für 7 Personen. Nebst der Küche, Wohnzimmer und Badezimmer sind 2 Doppelzimmer sowie ein Schlafzimmer mit zwei Einzelbetten vorhanden.;9.29376;47.2022;Halden 598;9657;Unterwasser;+41 71 999 18 07;schwizera@gmail.com;https://115817000000.holidaybooking.ch/ferienwohnung/446033/halden-598-unterwasser-toggenburg-ostschweiz-schweiz/#bewertung;[{'@type': 'ImageObject', 'contentUrl': 'https://ttpimtsoch.sos-ch-dk-2.exoscale-cdn.com/catalog/5/9/7/c/597cd612ba47e7200af4c52bc4dab533c7522f95_IMG_20240929_WA0004.jpg'}];2025-12-19T15:39:40+01:00
af3fc721-2443-4370-abf9-fc8225e140c0;Berg & Bett;Berg & Bett heisst Sie mit offenen Armen willkommen und lädt Sie ein, entspannte Tage in gemütlicher Atmosphäre sowie unvergessliche Erlebnisse inmitten wunderschöner Natur zu geniessen.;Wir stehen für exklusive Ferienobjekte und ein rundum begeisterndes Ferienerlebnis, gebündelt an zentraler Stelle in der Säntis Lodge, mitten in der malerischen Ferienregion Toggenburg. Was unsere Angebote versprechen, das halten sie auch. Damit Sie mehr kostbare Zeit für sich haben und für das, was wesentlich ist.

Seien Sie unser Gast. In der Säntis Lodge (ehemaliges Hotel Säntis) bündeln wir das gesamte Angebot an Gästebetreuung - von der Ankunft bis zur Ihrer Abreise und allen Höhepunkten, die Sie dazwischen erleben. Oder geniessen Sie Ihren Urlaub in einer Ferienwohnung oder in einem Ferienhaus. Ob es der Wohnkomfort ist, der sonnenverwöhnte Balkon mit Aussicht, der rustikale Charme oder das Plus an Wellness-Möglichkeit - wir bereiten Ihr zeitweiliges Daheim für Sie vor. Treten Sie ein in Ihr Wunschobjekt.;9.313160777091982;47.19638775140969;Hauptstrasse 16;9657;Unterwasser;+41 71 999 27 27;info@bergundbett.ch;https://bergundbett.ch/de/;[{'@type': 'ImageObject', 'contentUrl': 'https://ttpimtsoch.sos-ch-dk-2.exoscale-cdn.com/catalog/7/5/e/1/75e1ad743d20d37b529d9959395aa43842c3587f_LL_01271.jpg'}];2026-05-13T12:56:43+02:00
b02d6372-dd9b-4716-9ab3-89a4ba560d51;Brauerei St. Johann;Wir sind eine Kleinbrauerei in Neu St. Johann und brauen diverse Biersorten. ;Die Brauerei St. Johann steht seit 2012 für Bierkultur im Toggenburg. Handwerklich gebraute Spezialbiere höchster Qualität für den Genuss Zuhause, im Restaurant oder in der Brauereibar & im Biergarten erfreuen sich grosser Beliebtheit. Rund 1100 Bierliebhaberinnen & -liebhaber sind begeisterte Mitbesitzer der Brauerei St. Johann

Wollen Sie wissen, wie im Toggenburg Bier gebraut wird? An der Brauereiführung erfahren Sie, wie aus Wasser, Malz, Hopfen und Hefe Bier entsteht und werfen einen Blick in den Braukeller. Führung durch die Brauerei inklusive Lagerkellerdegustation.

;9.1966349;47.228962;Toggenburgerstrasse 3;9652;Neu St. Johann;+41 71 994 19 32;info@brauereistjohann.ch;https://www.brauereistjohann.ch/;[{'@type': 'ImageObject', 'contentUrl': 'https://ttpimtsoch.sos-ch-dk-2.exoscale-cdn.com/catalog/d/3/1/9/d319e19bc11fca1ca23cbc256d405aedcd2535a6_IMG_0859.jpg'}];2026-07-25T12:52:03+02:00
b04f6d0c-8bca-4312-99e8-3a6bac9931aa;Gasthaus Schönenboden;Ein Gasthaus mit viel Charme und Geschichte, eingebettet zwischen dem Schönenbodensee und den Churfirsten - Der Ort für Naturliebhaber!;<p>Freuen Sie sich auf eine Auszeit in der ruhigen Wildhauser Natur. Abschalten und auftanken. Neben den gem&uuml;tlichen Zimmern erwarten Sie einladende Aufenthaltsr&auml;ume zum Verweilen sowie eine Terrasse mit traumhaftem Panoramablick. Eine traditionelle indische Massage rundet Ihren Entspannungsurlaub perfekt ab. <br>Wichtige Facts: Gratis WLAN von (6-23 Uhr) und Parkplatz, Gedeckter Sandkasten f&uuml;r Kinder im Garten, Grillstelle, Gemeinschaftsk&uuml;che, Bibliothek. Skibushaltestelle vor der Haust&uuml;r.</p>;9.369074106216432;47.205196359419475;Schönenbodenstrasse 82;9658;Wildhaus;071 999 21 33;info@schoenenboden.ch;https://www.schoenenboden.ch;[{'@type': 'ImageObject', 'contentUrl': 'https://ttpimtsoch.sos-ch-dk-2.exoscale-cdn.com/catalog/6/7/5/9/67599619e19e5008845965e2b6d196a62dd51a37_Haus_su__d_ost_Kopie_3.jpg'}];2026-09-04T09:59:41+02:00
b12d54a6-ca18-4d07-9c34-2fb1ec9c3442;MAJO - Pop-up-Restaurant;MAJO ist ein Pop-up-Restaurant im Herzen von Lichtensteig – und eine Einladung zu bewusstem Genuss. Von Oktober 2025 bis April 2026 bieten die Brüder Maurus und Jonas Huber in der Rathaus Stube kulinarische Erlebnisse und lustvolle Gerichte mit regionalen und biologischen Zutaten;Im MAJO wird Slow-Food-Philosophie gelebt – beim spontanen Snack, beim raffinierten Vier-Gang-Menü. MAJO ist ein Ort der Begegnung, an dem die Tische für Gemeinschaft, Genuss und Geschichten gedeckt werden. Ein Ort, an dem Nachhaltigkeit mit kulinarischem Vergnügen Hand in Hand geht.;9.087048104755034;47.32344085;Hauptgasse 12;9620;Lichtensteig;+41 78 204 50 50;info@majo.menu;https://majo.menu/;[{'@type': 'ImageObject', 'contentUrl': 'https://ttpimtsoch.sos-ch-dk-2.exoscale-cdn.com/catalog/5/9/d/6/59d686b235b51444a4eb3f43955358702a4baf7c__DSF4913.jpg'}];2025-12-19T15:40:55+01:00
b14180aa-3ee7-4f7e-aba9-bfe401c7afd8;Naturjodelerlebnis;Wir bieten Ihnen spontane Kulturmomente. Mit unserer Unterstützung werden Sie innert 60 – 90 Minuten die bodenständige Begleitung eines echten Naturjodels bilden. Sie merken wie wichtig Teamgeist und Zusammenhalt in einem Jodelchor sind und erleben amüsante Momente mit ungeahnten musikalischen Erfahrungen.;Befällt Sie gar der Mut, selbst einen Naturjodel zum Besten zu geben, sind Sie bei uns gut aufgehoben. Mit anderen Jodelfrischlingen zusammen verbreiten Sie Heimatklänge! Und Sie werden es nicht lassen können, das Talerschwingen und Scheläschötten selbst zu praktizieren. Marlene und Ruedi Roth führen Sie mit bereicherndem Stolz in ihre Leidenschaft: Echten Älplergesang, der mit seinen tiefen Wurzeln bleibende Heimatfreude hinterlässt.

Inkludierte Leistungen: 
-Vortrag über die Herkunft und Praktizierung von Naturjodel und Zäuerli
-Vorstellung der Tracht
-Bildung eines Begleitchors zu einem Naturjodel
-Talerschwingen und Scheläschötten
-Amüsantes Erlebnis zur Teambildung

Gruppenpreis: 
400 - 600 Fr. , je nach Dauer des Teamevents
;9.192632295830059;47.293090649999996;Bareneggstrasse 15;9633;Hemberg;+41 79 741 51 69;rb.roth@bluewin.ch;https://www.ruedi-roth.ch/index.php/nj-erlebnis;[{'@type': 'ImageObject', 'contentUrl': 'https://ttpimtsoch.sos-ch-dk-2.exoscale-cdn.com/catalog/e/2/d/3/e2d37515eba731a4e11aeb7b0de34e42b806f8b9_Naturjodel.JPG'}];2026-05-04T12:02:42+02:00
b154f25c-24b9-4515-bfc3-c1a825df8a08;Bankk Music-Bar;Wir sind eine Bar, in der Sie bei einem Drink entspannen und dabei coole Musik geniessen können.;Monika Preisig hat als gelernte Hotelfachfrau bereits über 30 Jahre Erfahrung in den Bereichen Gastronomie, Hotellerie, Barbetrieb und zuvorkommende Bewirtung von freundlichen Gästen.
In der Bankk Music-Bar können sie in lockerer Umgebung bei guter Musik, entweder Live oder ab Konserve, den Abend geniessen und mit Freunden plaudern. 

Die Bankk Music-Bar befindet sich in Wildhaus mit vielen Freizeitangeboten wie wandern im Sommer und Skifahren im Winter.;9.34428781270981;47.202193969809755;Hauptstrasse 114;9658;Wildhaus;+41762000579;info@bankk.ch;https://www.bankk.ch;[{'@type': 'ImageObject', 'contentUrl': 'https://ttpimtsoch.sos-ch-dk-2.exoscale-cdn.com/catalog/8/5/1/f/851f24063e5a6fe1053557bd4454fab8034074a5_Bankk.png'}];2025-12-19T15:39:40+01:00
b403847c-62dc-4cf6-8223-ecdc66969cc9;Tennis- und Eventhalle;Die gesamte Anlage mit 2000m2 eignet sich sehr gut für Versammlungen, Tagungen, Ausstellungen, Festivals, Partys, Kino, andere Sportanlässe und noch vieles mehr. Grundsätzlich kann die Tennis- und Eventhalle in der Sommersaison von Mai bis September gemietet werden.;9.310344457626345;47.196251736793684;Hauptstrasse 14;9657;Unterwasser;071 999 30 30; info@tennishalle.ch;https://www.tennishalle.ch;[{'@type': 'ImageObject', 'contentUrl': 'https://ttpimtsoch.sos-ch-dk-2.exoscale-cdn.com/catalog/7/6/e/f/76ef451ec7a5421958e98d0b14ea62756df87a7a_Boulderbox_230.jpg'}];2026-01-13T14:05:13+01:00
b5e72065-c202-4039-91dd-1606604d2898;24 Stunden Shop Wildhaus by Metzger Metzger;24 Stunden Rund um die Uhr Einkaufen. Leckere Toggenburger Spezialitäten;Der 24-Stunden-Delikatessen-Shop der Metzgerei Metzger AG hat immer leckere Spezialitäten aus der Region für sie bereit.
Direkt an der Hauptstrasse in Wildhaus (ehemals Foto Forrer). Da gibt’s Leckerbissen der Metzgerei Metzger und Toggenburger Spezialitäten von der Bauernfrau bis zum Käser. Frisch- und Trockenfleisch, Käse, Milch, Jogurt aus der Region, Geschenksartikel, gedörrtes Obst direkt vom Bauer, Brot und süsse vom Beck und allerlei gutes aus der Region für Proviant auf die Schneeschuhtour, auf den Grill und Herd in der Ferienwohnung oder einfach für zuhause.
Bezahlung erfolgt ganz unkompliziert mit Bargeld oder per TWINT. Eine Innovation der Metzgerei Metzger AG.;9.350298643112184;47.20319972965781;Hauptstrasse 10;9658;Wildhaus;0719941816;info@metzger-metzger.ch;https://www.metzger-metzger.ch;[{'@type': 'ImageObject', 'contentUrl': 'https://ttpimtsoch.sos-ch-dk-2.exoscale-cdn.com/catalog/6/0/e/1/60e1ade86f70b07e3edf984ce98f5a4ac10696bd_1000005805.jpg'}];2026-07-02T07:58:43+02:00
b7252647-4a70-4f27-ac86-f0030f540d32;Hotel Restaurant  Rössli;Der Traditionelle Familienbetrieb begrüsst Sie unmittelbar neben den Bahnanlagen von der Alt St. Johann - Alp Sellamatt Bahn. Das Hotel Rössli ist im Dorfkern zentral gelegen. Parkplätze sind ausreichend vorhanden und die Postautohaltestelle befindet sich in 100m Entfernung.;<p>Die Zimmer sind im modernen Stil eingerichtet und die Familien und Comfort-Zimmer verf&uuml;gen &uuml;ber eine Smart-Home-Steuerung. Sie verf&uuml;gen &uuml;ber qualitativ hochstehende und gepflegte Inneneinrichtung mit einem Sitzbereich. Die Zimmer sind alle mit IP-TV, eigenem Bad und Swiss Made Kosmetikartikel ausgestattet. Wir bieten kostenloses WLAN und der Personen Lift bringt Sie bequem in alle Etagen. Im eigenen Restaurant verw&ouml;hnen wir Sie mit ausgesuchten, regionalen und saisonalen Spezialit&auml;ten.</p><p>&nbsp;</p><p>Auskunft zur Zug&auml;nglichkeit:&nbsp;<a href="https://www.ginto.guide/entries/15620305-1440-4cc4-b086-e093ed212bbb?lnk_src=business" target="_blank" rel="noopener">ginto</a></p>;9.284566;47.193733;Dorfstrasse 6;9656;Alt St. Johann;+41 71 999 24 60;info@roessli-toggenburg.ch;http://www.roessli-toggenburg.ch/;[{'@type': 'ImageObject', 'contentUrl': 'https://ttpimtsoch.sos-ch-dk-2.exoscale-cdn.com/catalog/9/0/3/b/903b3173b43dc45299ec4b9ba8acf60fca1f86d4_Ansicht.jpeg'}];2026-08-27T04:02:19+02:00
b749d684-dd3c-4a37-a973-8a46e2159dfe;Liege Rennen;Holzliege am Flussufer als stiller Ruheort.;<p>Aus heimischem Holz gefertigt, liegt diese Ruheoase am Wasser entlang des Thur- und Neckerwegs. Schlicht gehalten l&auml;sst sie dem Wasser den Raum.<br><br>Der Blick folgt dem Fluss und seiner Bewegung. Rauschen, Str&ouml;mung, Spiegelungen und das Spiel des Lichts zeichnen das Bild. Hier pr&auml;gt nicht die Weite den Moment, sondern das Fliessen &ndash; ruhig und ohne Eile.</p>;9.124917;47.360472;Rennen;9621;Oberhelfenschwil;+41 71 999 99 11;info@toggenburg.swiss;https://thurundneckerweg.ch;[{'@type': 'ImageObject', 'contentUrl': 'https://ttpimtsoch.sos-ch-dk-2.exoscale-cdn.com/catalog/d/e/4/c/de4cd48cc8355e487aaed9daa16fbf1dd8dc6757_Liege_Rennen__Oberhelfenschwiel.jpg'}];2026-07-03T11:19:45+02:00
b7e3cdba-d614-48dc-9f29-ec1c7e805efd;Themenparcours Alder + Eisenhut;13 verschiedene Posten, welche die Turngerätefabrikation, die Geschichte der Firma, die Natur rundherum und die Menschen hinter Alder + Eisenhut vorstellen.;Rund um das knapp 30'000 m2 grosse Areal der Firma Alder + Eisenhut befinden sich 13 verschiedene Posten, welche die Turngerätefabrikation, die Geschichte der Firma, die Natur rundherum und die Menschen dahinter vorstellen. Mit den Posten zum Felsenstein und der Rotfarbfabrik beleuchtet der Themenparcours auch einen Teil der Textilgeschichte Ebnat-Kappels.

Die Informationen dieser Posten können via QR-Code bzw. mit der Fixfinder-APP gelesen werden. Das Postennetz ist eine Ergänzung zur Ausstellung im Turngeräte-Museum und kann auch ausserhalb der Öffnungszeiten besucht werden.;9.115742400845049;47.265513299999995;Industriestrasse 10;9642;Ebnat-Kappel;+41719926633;info@alder-eisenhut.swiss;https://www.alder-eisenhut.ch/;[{'@type': 'ImageObject', 'contentUrl': 'https://ttpimtsoch.sos-ch-dk-2.exoscale-cdn.com/catalog/0/0/5/f/005f072629c6efdbf03faec9d3d9fb7c971a32fa_alder_und_eisenhut.JPG'}];2025-05-17T04:46:23+02:00
b7e66fcb-e47b-4611-98cc-b70885b5d9c3;Reisebeizli;Reisebeizli Lichtensteig: Kulinarik und Musik mit Herz. Jeden Monat neue Drinks, am Wochenende Foodtrucks mit Weltküche – ein Treffpunkt im Toggenburg.;<div>Das Reisebeizli ist ein gem&uuml;tlicher Treffpunkt im Herzen von Lichtensteig im Toggenburg. Hier wird Gastfreundschaft gelebt &ndash; mit einem vielseitigen Programm aus Kulinarik, Musik und Herzlichkeit. Jeden Monat reisen wir mit unseren Drinks an einen anderen Ort, und an den Wochenenden darf man wechselnde Foodtruck‑K&ouml;stlichkeiten aus aller Welt geniessen.</div>;9.0877106;47.3221042;Hauptgasse 12;9620;Lichtensteig;+41 79 388 28 31;reisebeizli@gmail.com;https://www.reisebeizli.ch;[{'@type': 'ImageObject', 'contentUrl': 'https://ttpimtsoch.sos-ch-dk-2.exoscale-cdn.com/catalog/e/a/8/2/ea82909630eac994e49f3ec67c951bbf0506826a_WhatsApp_Image_2025_05_14_at_15.05.16__1___2.jpg'}];2026-08-03T16:26:09+02:00
b8cb451f-6ed9-446e-9515-1c682194c5c3;Wolzenalp;Die Wolzenalp bietet familienfreundliche Erlebnisse im Sommer und Winter – mit Skigebiet, Kinderland, Wanderwegen, Spielplatz und regionaler Küche auf der sonnigen Panoramaterrasse.;<p>Die Wolzenalp begeistert das ganze Jahr &uuml;ber als vielseitiges Ausflugsziel f&uuml;r Familien, Naturfreunde und Geniesser. Ob verschneite Winterlandschaft oder sonnige Bergtage &ndash; hier warten unvergessliche Erlebnisse in jeder Jahreszeit. Im Winter verwandelt sich die Wolzenalp in ein besonders familienfreundliches Schneesportgebiet. Das &uuml;berschaubare Skigebiet mit liebevoll gestaltetem Kinderland bietet ideale Bedingungen f&uuml;r die ersten Schw&uuml;nge im Schnee. In der Schneesportschule lernen Kinder und Erwachsene spielerisch Ski- und Snowboardfahren. Erg&auml;nzt wird das Winterangebot durch abwechslungsreiche Schlittelpisten, stimmungsvolle Schneeschuhtouren und sorgf&auml;ltig pr&auml;parierte Winterwanderwege, die die verschneite Bergwelt auf ruhige Weise erlebbar machen. Im Sommer zeigt sich die Wolzenalp von ihrer naturverbundenen Seite. Familien geniessen den grossz&uuml;gigen Kinderspielplatz, gem&uuml;tliche Grillstellen und spannende Themenwege wie den Klimaerlebnisweg und den Moorerlebnisweg, die Naturwissen mit Bewegung verbinden. F&uuml;r Aktive bieten sich vielseitige Bike-Strecken sowie zahlreiche Wanderwege mit herrlichem Panorama &uuml;ber das Toggenburg an. Ein besonderes Highlight ist das Bergrestaurant mit sonniger Terrasse, das nicht nur mit einer traumhaften Aussicht &uuml;berzeugt, sondern auch mit frischen, regionalen Spezialit&auml;ten aus der Umgebung. Die Verbindung aus authentischer Berggastronomie, herzlicher Atmosph&auml;re und naturnahem Freizeitangebot macht die Wolzenalp zu einem einzigartigen Ausflugsziel f&uuml;r jede Jahreszeit. Ihre Vorteile auf einen Blick: Ganzjahres-Erlebnis f&uuml;r die ganze Familie, besonders kinderfreundliches Freizeitangebot. Naturerlebnisse im Sommer und Winter, regionale K&uuml;che mit Panoramaterrasse. Erholung und Aktivit&auml;t an einem Ort vereint.<br><br>Auskunft zur Zug&auml;nglichkeit: <a href="https://www.ginto.guide/entries/BFB0F82C-C09A-4943-B79D-E0A5B5611EA7?lnk_src=business">ginto</a></p>;9.168841838836672;47.243952753251826;Rietbach;9643;Nesslau-Krummenau;+41 71 994 11 61;info@wolzenalp.ch;https://www.wolzenalp.ch;[{'@type': 'ImageObject', 'contentUrl': 'https://ttpimtsoch.sos-ch-dk-2.exoscale-cdn.com/catalog/c/c/4/f/cc4f04a099bf78f822a020f69ba50a3523d083f0_Archivbild_mit_Logo_Wolzenalp.jpg'}];2026-08-08T08:01:41+02:00
badfeb39-97ef-46e4-acb5-80e3344d0725;Liege Kammern;Holzliege am Flussufer als stiller Ruheort.;<p>Aus heimischem Holz gefertigt, liegt diese Ruheoase am Wasser entlang des Thur- und Neckerwegs. Schlicht gehalten l&auml;sst sie dem Wasser den Raum.<br><br>Der Blick folgt dem Fluss und seiner Bewegung. Rauschen, Str&ouml;mung, Spiegelungen und das Spiel des Lichts zeichnen das Bild. Hier pr&auml;gt nicht die Weite den Moment, sondern das Fliessen &ndash; ruhig und ohne Eile.</p>;9.177944;47.243167;Kammern;9643;Krummenau;+41 71 999 99 11;info@toggenburg.swiss;https://thurundneckerweg.ch;[{'@type': 'ImageObject', 'contentUrl': 'https://ttpimtsoch.sos-ch-dk-2.exoscale-cdn.com/catalog/3/e/1/a/3e1a44b4127807f1946ff8e9d595002a53cdfbfa_Liege_Kammern__Krummenau.jpg'}];2026-03-16T19:05:19+01:00
bbe801fe-5f7b-4517-b74b-99b0cf9aa51b;Bänkli-Fitness-Weg;Eine Kombination aus Kraft- und Gleichgewichtstraining ist besonders effektiv. Gezieltes Gleichgewichtstraining verbessert die Standstabilität und unterstützt eine kontrollierte Körperhaltung.;<div><p>Regelm&auml;ssiges Training beziehungsweise k&ouml;rperliche Aktivit&auml;t ist in jedem Alter wichtig. F&uuml;r &auml;ltere Menschen stellt es eine wesentliche Grundlage f&uuml;r ein selbstbestimmtes Leben dar. F&uuml;r Jugendliche und Breitensportler ist Bewegung ein fester Bestandteil sozialer Begegnungen, des Wohlbefindens und der Steigerung der Fitness. Die Lebensqualit&auml;t kann dadurch deutlich verbessert werden.</p><p>Eine Kombination aus Kraft- und Gleichgewichtstraining ist besonders effektiv. Gezieltes Gleichgewichtstraining verbessert die Standstabilit&auml;t und unterst&uuml;tzt eine kontrollierte K&ouml;rperhaltung. Auch die Maximalkraft der Haltemuskulatur wird durch Gleichgewichtstraining gest&auml;rkt. Im Alter kann dies zu einer Verringerung der Sturzgefahr f&uuml;hren.</p><p>Bewegung st&auml;rkt zudem das Immunsystem und f&ouml;rdert die Sauerstoffaufnahme. Das Herz-Kreislauf-System wird gest&auml;rkt, und sowohl die Regeneration als auch die psychische Verfassung profitieren davon. K&ouml;rperliche Aktivit&auml;t unterst&uuml;tzt das K&ouml;rper- und Selbstbewusstsein, verbessert den Schlafrhythmus und tr&auml;gt zum Stressabbau bei.</p><p>Nebst einem gezielten Training ist die Freude an der Bewegung wichtig &ndash; Training soll Spass machen. Und gemeinsames Training macht doppelt Freude.</p></div>;9.348828792572023;47.20351976581697;Mittelweg;9658;Wildhaus;+41795009161;christianasutter@me.com;[{'@type': 'ImageObject', 'contentUrl': 'https://ttpimtsoch.sos-ch-dk-2.exoscale-cdn.com/catalog/5/0/9/d/509d39fd9c9ca1f3613d7419bc7d1b49c5ba7b03_IMG_2249.jpg'}];2026-02-17T08:04:34+01:00
bc0e812e-79fe-4182-a941-326e2d1c0b1a;Sitzbank Thurau;Schlichtes Holzbänkli als ruhiger Aufenthaltsort.;<p>Dieses B&auml;nkli ist Teil der Ruheoasen entlang des Thur- und Neckerwegs, gefertigt aus heimischem Holz und bewusst reduziert gestaltet.<br><br>Es bietet einen einfachen, klar gestalteten Ort zum Sitzen, Verweilen und Innehalten. Der Blick richtet sich in die Landschaft &ndash; auf Wasser, Wiesen oder Berge, je nach Standort neu, stets mit Bedacht gew&auml;hlt.</p>;9.123028;47.258667;Thurau;9642;Ebnat-Kappel;+41 71 999 99 11;info@toggenburg.swiss;https://thurundneckerweg.ch;[{'@type': 'ImageObject', 'contentUrl': 'https://ttpimtsoch.sos-ch-dk-2.exoscale-cdn.com/catalog/3/5/1/3/3513ac48919dbfce28754c4f59b8a01d6495d21f_Sitzbank_Thurau__Ebnat_Kappel.jpg'}];2026-03-16T19:05:29+01:00
bd8530f1-b1a8-44a5-8e69-ee5bbda9ccba;Adonia-Gruppenhaus Schweizerhof;Im Dorfkern von Alt St. Johann steht das ehemalige Hotel Schweizerhof. Ab 2019 ist es ein Adonia-Gruppenhaus. Es ist ein idealer Ausgangspunkt für viele Aktivitäten im Toggenburg.;<div>Das Haus eignet sich f&uuml;r Jung und Alt, f&uuml;r Schulverlegungen, Wintersportwochen, f&uuml;r Kirchgemeinden sowie f&uuml;r Seminare, Retraiten, Freizeiten oder Wochenenden. Das Haus wird ab 2019 nach individuellen W&uuml;nschen vermietet, sei es f&uuml;r Selbstkochergruppen &ndash; HP/VP auf Anfrage &ndash; mit eigener Schlussreinigung oder mit Reinigung durch uns. Je nach Budget kann selbst entschieden werden, welche Dienstleistungen in Anspruch genommen werden m&ouml;chten.</div>;9.28346;47.19351;Dorf;9656;Alt St. Johann;+41 71 999 11 21;schweizerhof@adonia.ch;https://www.adonia.ch;[{'@type': 'ImageObject', 'contentUrl': 'https://ttpimtsoch.sos-ch-dk-2.exoscale-cdn.com/catalog/9/6/1/4/961470d3deda68c2bef613acf17996a9e30f2f43_Schweizerhof_imFr__hling.jpg'}];2026-07-24T21:17:29+02:00
bf2236a2-a398-4c87-bfc3-1f363a48b2e4;Grillplatz Summerigchopf;Gemütlicher Grillplatz, abseits vom Trubel mit wunderbarer Aussicht zu den sieben Churfirsten.;Die Grillstelle Summerigkopf befindet sich abseits von Wildhaus und ist nur zu Fuss über den Wanderweg erreichbar. Der Platz verfügt über einen rechteckigen Rost, der in der Höhe nicht verstellbar ist und drei Holzbänke, die Platz für ca. 12-15 Personen bieten.
Kinderwagentauglich: nein, Holz: nein, Trinkwasser: nein, WC: nein, Kapazität: ca. 12-15;9.4013705;47.210958;9658;Wildhaus;[{'@type': 'ImageObject', 'contentUrl': 'https://ttpimtsoch.sos-ch-dk-2.exoscale-cdn.com/catalog/3/1/0/3/3103e18f382a7177629d52ea9cb04f1b57ad5e3d_MZ_2023_Feuerstelle_Summrigweid_2.jpg'}];2026-08-01T17:24:13+02:00
bf51fa23-704e-4014-a991-eb6981ec2e57;Berghütte Ski Club Neuhausen;Die traditionelle und doch gemütlich ausgestattete Berghütte des Ski Club Neuhausen liegt mit dem Auto gut erreichbar mitten in der Wander- und Skiregion des Toggenburg. Mit Plätzen für 27 Personen ist sie ideal für Freundesgruppen, Vereine und Grossfamilien.;Trotz des von aussen rustikalen Aussehens, erwartet Sie drinnen eine moderne Küche mit elektrischem Herd und Backofen sowie zwei Kühlschränken und Kaffeemaschinen (Kapseln &amp; Filter). Dabei büssen Sie jedoch nichts des Berghütten-Flairs ein, denn die Holzstruktur und der mit Holz befeuerte Kachelofen werden Sie warm und entspannt halten. Für kalte Nächte sind alle Schlafräume mit elektrischen Heizungen ausgestattet.

Für die Bewegungsfreudigen gibt es im Winter Ski- und Schlittelpisten in unmittelbarer Nähe. Für den Sommer haben Sie den Schwendisee sowie diverse Wanderungen in kurzer Distanz (350m) zu dieser Berghütte. 
Da Verpflegung nicht von den Jahreszeiten abhängig ist, finden Sie in der Nähe das Oberguet-Stübli, in welchem Sie frische Produkte des angrenzenden Hofs zubereiten dürfen. Richtige Restaurants gibt's natürlich auch, das Restaurant GADE und Stump's Alpenrose befinden sich in Spaziergangdistanz.&nbsp;;9.322403853263046;47.18863851251206;Oberguet 1024;9657;Alt St. Johann;+41 79 317 37 19;Scneuhausen@gmail.com;https://www.scneuhausen.ch;[{'@type': 'ImageObject', 'contentUrl': 'https://ttpimtsoch.sos-ch-dk-2.exoscale-cdn.com/catalog/5/9/8/8/5988e742f4b80c7973dbb72aa298d855cd1dd12d_WhatsApp_Bild_2025_02_02_um_18.11.31_3b1e8a5c.jpg'}];2025-12-19T15:39:40+01:00
c1605d07-bc69-43de-821a-59156c1603ab;Landwirtschaftsbetrieb RothMilch in Kengelbach;Eigene Hofmolkerei mit pasteurisierter Milch und Joghurt.;Wir stellen auf unserem Milchwirtschaftsbetrieb eigene pasteurisierte Vollmilch her. Die Milch kommt zu 100%  von unseren Kühen und wird möglichst nah am Naturprodukt gelassen.
Zusätzlich stellen wir aus unsere feinen Milch auch verschieden Fruchtjoghurts und das Naturjoghurt her. Die Milch und die Joghurts werden in Glasflaschen und Joghurtgläser abgefüllt und danach wiederverwendet.;9.067711830139162;47.33518668820797;Kengelbach 859;9615;Dietfurt;0794057113;info@roth-milch.ch;https://roth-milch.ch;[{'@type': 'ImageObject', 'contentUrl': 'https://ttpimtsoch.sos-ch-dk-2.exoscale-cdn.com/catalog/b/8/3/0/b8303dcac0b4f3127dc2081d2c362be05cb1ffbf_RothHof_200415_0348_ok.jpg'}];2025-12-19T15:40:55+01:00
c19710f0-2c4e-4b9c-bf70-dea603b78093;Schlittelbeizli in der Schneit;Für eine gemütliche Wander- oder Schlittelpause;Das Wander- und Schlittelbeizli in der Rüti im Ijental Nesslau ist jeweils offen am Samstag &amp; Sonntag bei jedem Wetter. Sie werden von Albert und Rös Wittenwiler herzlich willkommen geheissen. Wochentags haben wir auf Anfrage ab sieben Personen mit Essen geöffnet.

Mit der üblichen Getränke- und einer kleinen Imbisskarte möchten Albert und Rös Wittenwiler Ihnen im Wander- und Schlittelbeizli Rüti etwas Gemütlichkeit bieten. Auf Bestellung werden Käsefondue und sonntags Rüti Zmorge sowie kleinere Wünsche zubereitet. 

Ob das Beizli geöffnet ist, erfahren Sie anhand der Infotafel bei der Einfahrt zur Schneitstrasse in Nesslau und die Google-Öffnungszeiten sind stets aktuell.;9.17615;47.21291;Rüti;9650;Nesslau;079 681 57 76;a.wittenwiler@bluewin.ch;https://www.toggenburg.swiss;[{'@type': 'ImageObject', 'contentUrl': 'https://ttpimtsoch.sos-ch-dk-2.exoscale-cdn.com/catalog/4/5/5/5/4555af4da6c356f50cf28620f151c28b44b1cd17_Schlittenweg_Schneit_013.JPG'}];2025-12-18T13:47:25+01:00
c33a2377-8af6-40ad-8c37-872edb168ac0;Chesa Clavazzin;Heimelige Gästezimmer mit Bergsicht in naturnaher und ruhiger Umgebung;Es erwarten Sie drei stilvoll eingerichtete Zimmer mit Säntisblick. Jedes Zimmer kann einzeln oder doppelt belegt werden. Ein gemeinsames Bad mit Dusche mit allem Komfort steht auf der gleichen Etage zur Verfügung, sowie ein Aufenthaltsraum. Frühstück ist inbegriffen.;9.1309857;47.3320539;Steigstrasse 16;9125;Brunnadern SG;+41796396807;info@giallegra.ch;https://giallegra.ch;[{'@type': 'ImageObject', 'contentUrl': 'https://ttpimtsoch.sos-ch-dk-2.exoscale-cdn.com/catalog/6/9/1/0/69101d614830d6dbe74a893142c0b32cd36814dd_20250710_110812__3.jpg'}];2025-11-07T19:37:38+01:00
c41cae1d-8361-475f-88b8-1370d810f1cc;Baumwipfelpfad Neckertal;Baumkronen von oben sehen - Staunen, lernen, geniessen und spielen!;<p>Der einzigartige Baumwipfelpfad Neckertal verbindet Nachhaltigkeit und Naturerlebnis und ist eine Bereicherung f&uuml;r das Neckertal und die Umgebung. Die sch&ouml;ne Natur- und Kulturlandschaft wurde erhalten und macht es m&ouml;glich, den Wald mit anderen Augen zu sehen. Erleben Sie das besondere Ausflugsziel in der Schweizer Natur und geniessen Sie bei uns Einblicke in die Baumkronen der auff&auml;lligen Art. Mit aussergew&ouml;hnlichen Perspektiven und spielerischem Lehrwert bietet der etwas andere Freizeitpark mit seinem dazugeh&ouml;rigen Walderlebnisweg ein Naturaufenthalt mit Tiefgang. Geniessen Sie die Stunden im Wald, offline und entschleunigt. Ganz gem&uuml;tlich zu zweit, mit Kindern auf dem Spielplatz, beim selber br&ouml;tl&auml; an der Grillstelle oder beim Glas Wein an der Sonne. Bei uns ist willkommen, wer gerne im Wald die Seele baumeln l&auml;sst. Unsere kleine Oase im Wald l&auml;dt dazu ein, etwas zu verweilen, dem Rauschen der Bl&auml;tter und dem Zwitschern der V&ouml;gel zu lauschen und Zeit mit Familie und Freunden zu verbringen.</p><p><br><span data-teams="true">Auskunft zur Zug&auml;nglichkeit</span>:&nbsp;<a href="https://www.ginto.guide/entries/3099ce5e-667a-41f9-9f44-0904a3a4cbc5?lnk_src=business">ginto</a></p>;9.1437367;47.3582246;Lettenstrasse 19;9122;Mogelsberg;+41 71 552 33 03;info@baumwipfelpfad.ch;http://www.baumwipfelpfad.ch;[{'@type': 'ImageObject', 'contentUrl': 'https://ttpimtsoch.sos-ch-dk-2.exoscale-cdn.com/catalog/6/1/2/3/61237838150ef8e91eb89e9233aaaeb709c28056_001_BWPf_20170930.jpg'}];2026-04-17T11:22:53+02:00
c4dcf8be-dcdd-4f6e-b593-f7d738fcfe0d;Mini.Stadt Stadtentwicklungs-Führung;Wieso hat Lichtensteig 2023 den Wakkerpreis erhalten? Diese und andere Fragen werden während des Rundgangs durch die Mini.Stadt beantwortet. ;<p>Die Mini.Stadt Lichtensteig ist stark vom Strukturwandel gepr&auml;gt. Konstant ist: Lichtensteiger:innen packen an. Gemeinsam haben sie eine Strategie entwickelt und verschiedene Projekte vorangetrieben und umgesetzt.</p><p><br>Auf diesem Rundgang nimmt Sie Ihr St&auml;dtliguide mit auf einen Rundgang und gibt Ihnen Einblick in die "Mini.Stadt Strategie" und zeigt die daraus entstandenen Projekte, welche die Jury des renommierten Wakkerpreises unter anderem dazu bewogen haben, den Preis im Jahr 2023 an Lichtensteig zu vergeben.</p><p><strong>Ap&eacute;ro<br></strong>Zur stimmigen Abrundung kommt ein feiner Ap&eacute;ro im Anschluss an die F&uuml;hrung immer gut an.&nbsp;<a href="https://toggenburg.swiss/files/_OpenFrontend/websites/toggenburg.swiss/objects/pdf_download/ap%C3%A9ro_angebote_lichtensteig.pdf" target="_blank" rel="noopener">Hier&nbsp;</a>finden Sie die Spezialangebote unserer Partnerbetriebe.<br>Wir w&uuml;rden uns sehr freuen, eines dieser Angebote f&uuml;r Sie zu organisieren.&nbsp;</p><p><strong>Wakkerpreis 2023<br></strong>Auszeichnung vom Schweizer Heimatschutz f&uuml;r die vorbildliche Ortsbild- und Siedlungsentwicklung.&nbsp;Weitere Informationen dazu unter&nbsp;<a href="https://wakkerpreis2023.ch/" target="_blank" rel="noopener">www.wakkerpreis2023.ch</a></p>;9.08724367618561;47.323479692979454;9620;Lichtensteig;[{'@type': 'ImageObject', 'contentUrl': 'https://ttpimtsoch.sos-ch-dk-2.exoscale-cdn.com/catalog/8/9/b/0/89b05ced65560e4bfb66d054b15c0a23a1c88ec0_03_Wakkerpreis_2023_Lichtensteig.jpg'}];2026-03-23T14:33:07+01:00
c4e33cbb-d10b-4787-81aa-54f62e0ecf82;Naturkino Gamplüt;Holzliegen, die den Körper tragen und den Raum öffnen.;<p>Hergestellt aus heimischem Holz ist dieses Naturkino Teil der Thur- und Neckerweg-Ruheoasen.<br><br>Statt auf eine Leinwand &ouml;ffnet sich der Blick in die Weite: die sieben Gipfel der Churfirsten beeindrucken auf der gegen&uuml;berliegenden Talseite. Licht und Wolken ver&auml;ndern das Bild mit jeder Minute. Ein Ort, um sich niederzulegen und die Natur wirken zu lassen.</p>;9.340444;47.212861;Gamplüt;9658;Wildhaus;+41 71 999 99 11;info@toggenburg.swiss;https://thurundneckerweg.ch;[{'@type': 'ImageObject', 'contentUrl': 'https://ttpimtsoch.sos-ch-dk-2.exoscale-cdn.com/catalog/5/e/9/a/5e9a22e4e1b40373704b010bd20475d68b69d066_IMG_1936.jpeg'}];2026-06-12T22:05:22+02:00
c4ef8a40-6c95-406a-b41d-48c4f025e91b;Szenische Jost Bürgi-Führung;Lernen Sie auf diesem szenischen Rundgang das in Lichtensteig geborene Universalgenie Jost Bürgi (1552 – 1632) persönlich kennen und lauschen Sie seinen Geschichten in den Gassen der Altstadt von Lichtensteig.;<p>Jost B&uuml;rgi - das Universalgenie - ist 1552 im St&auml;dtli Lichtensteig geboren und nach einem reicherf&uuml;llten Leben 1632 in Kassel gestorben. Er wirkte in Kassel am F&uuml;rstenhof Wilhelm IV. und in Prag am Kaiserhof Rudolf II. und kam durch seine grosse Schaffenskraft zu h&ouml;chsten Ehren. Obwohl B&uuml;rgi nie eine Universit&auml;t besuchte, hat er das Universum neu geordnet. Der geniale Mathematiker baute nebst Uhren und Messinstrumente auch einzigartige Himmelsgloben. Nachdem Papst Gregor XIII. 1582 den Kalender samt Schalttag reformiert hatte, dauerte es nur vier Jahre bis B&uuml;rgi das erste mechanische System entwickelte, das die neue Zeitrechnung ber&uuml;cksichtigte. So baute er f&uuml;r Rudolf II. - Kaiser des Heiligen R&ouml;mischen Reiches in Prag - einen Himmelsglobus, der die Schaltjahre anzeigte.</p><p>Auf dieser F&uuml;hrung werden Sie von einem St&auml;dtliguide durch die Gassen von Lichtensteig gef&uuml;hrt. Dabei treffen Sie immer wieder auf Jost B&uuml;rgi &ndash; dargestellt von einem Schauspieler &ndash; und k&ouml;nnen so wahrhaftig in die fr&uuml;heren Zeiten eintauchen.</p><p><strong>Ap&eacute;ro<br></strong>Zur stimmigen Abrundung kommt ein feiner Ap&eacute;ro vor oder nach der F&uuml;hrung sehr gut an - unser Spezialangebot f&uuml;r St&auml;dtlif&uuml;hrungsgruppen finden Sie&nbsp; <a href="https://toggenburg.swiss/files/_OpenFrontend/websites/toggenburg.swiss/objects/pdf_download/ap%C3%A9ro_angebote_lichtensteig.pdf" target="_blank" rel="noopener">hier.</a>&nbsp;</p>;9.08723831176758;47.32348696654265;9620;Lichtensteig;[{'@type': 'ImageObject', 'contentUrl': 'https://ttpimtsoch.sos-ch-dk-2.exoscale-cdn.com/catalog/c/a/2/b/ca2bc4c6b912acb180a7bc5604c6ff3665616436_IMG_20251103_111712.jpg'}];2026-03-20T16:24:18+01:00
c5307d68-02a6-403d-94f5-c846d79b3df4;Café-Konditorei Kunz;Wir sind ein kleiner Familienbetrieb in 3. Generation. Wir setzen auf Handarbeit und schonenden Umgang mit möglichst regionalen, natürlichen und frischen Rohstoffen zu einem guten Preis-Leistungsverhältnis.;<p>Im Café Kunz steht der Gast im Mittelpunkt. Wir möchten, dass Sie sich bei uns wie zu Hause fühlen. Unser freundliches und aufmerksames Team sorgt dafür, dass Ihr Besuch zu einem besonderen Erlebnis wird. Egal, ob Sie eine Geburtstagsfeier planen, eine Veranstaltung ausrichten oder einfach nur einen gemütlichen Nachmittag verbringen möchten – wir sind immer für Sie da und bieten Ihnen den bestmöglichen Service. Im Sommer haben Sie auch die Möglichkeit draussen das schöne Wetter zu geniessen in unserem ruhigen Gartencafé. Wir bieten ein grosses Konditorei-Confiserie und Bäckerei Sortiment an. Verschiedene Menues, Imbisse, kalte und warme Getränke sowie verschiedene Coupes stehen immer auf unserer Karte. Jeden Sonntag können Sie zudem einen feinen Brunch an unserem reichhaltigen Buffet geniessen. Damit es Ihren Kindern nicht langweilig wird, wenn Sie gemütlich Kaffee trinken, haben wir für unsere Kleinen eine Kinderecke eingerichtet. Sind Sie «gluschtig» geworden? Schauen Sie doch einmal bei uns in Ebnat-Kappel vorbei.</p>;9.1252864;47.2610231;Ebnaterstrasse 35;9642;Ebnat-Kappel;+41 71 993 18 65;konditor@cafekunz.ch;http://www.cafekunz.ch;[{'@type': 'ImageObject', 'contentUrl': 'https://ttpimtsoch.sos-ch-dk-2.exoscale-cdn.com/catalog/b/5/4/a/b54a7d0790e786fa089a91aa2849ff0837d9db0b_Haus_2021.jpg'}];2026-08-06T04:01:27+02:00
c56f45ca-5781-4edf-816c-485fcfce845e;Gasthaus zur Mauer;Das Gasthaus zur Mauer verbindet historischen Charme mit moderner Küche. In authentischem Ambiente geniessen Sie frisch zubereitete, saisonale Gerichte mit regionalen Zutaten – ein Ort, an dem Tradition und zeitgenössischer Genuss harmonisch aufeinandertreffen.;<p>Das Gasthaus zur Mauer ist ein Geb&auml;ude aus dem 16. Jahrhundert, in dem Sie mit lokalen Spezialit&auml;ten verw&ouml;hnt werden. Der Fokus der K&uuml;che liegt auf zeitgen&ouml;ssischen Gerichten &ndash; saisonal abgestimmt und mit viel Liebe zubereitet.<br>Die Produkte werden zu einem grossen Teil direkt von Produzenten und Lieferanten aus der Region bezogen.</p>;9.196623392338866;47.229042199636694;Toggenburgstrasse 3;9652 ;Neu St. Johann;076 509 45 84;service@zurmauer.ch;https://zurmauer.ch/;[{'@type': 'ImageObject', 'contentUrl': 'https://ttpimtsoch.sos-ch-dk-2.exoscale-cdn.com/catalog/7/3/6/5/73650c720c3555872f42dd878efaf0b0880a5eac_Zur_Mauer_111.jpg'}];2026-06-30T17:00:21+02:00
c5853b89-4674-4cd4-ac31-8f9d86b574e8;Unterwasser, Chäserrugg;9.312157606283439;47.15498056683987;[{'@type': 'ImageObject', 'contentUrl': 'https://ttpimtsoch.sos-ch-dk-2.exoscale-cdn.com/catalog/0/e/f/2/0ef2180cedd3f484955e3534bb0c661cf9185ac8_Ch__serrugg.png'}];2025-12-19T15:39:40+01:00
c70786ec-d0b0-4a33-b7b3-fab2e082337e;Sitzbank Thurwis;Schlichtes Holzbänkli als ruhiger Aufenthaltsort.;<p>Dieses B&auml;nkli ist Teil der Ruheoasen entlang des Thur- und Neckerwegs, gefertigt aus heimischem Holz und bewusst reduziert gestaltet.<br><br>Es bietet einen einfachen, klar gestalteten Ort zum Sitzen, Verweilen und Innehalten. Der Blick richtet sich in die Landschaft &ndash; auf Wasser, Wiesen oder Berge, je nach Standort neu, stets mit Bedacht gew&auml;hlt.</p>;9.334172;47.226607;Thurwis;9658;Wildhaus;+41 71 999 99 11;info@toggenburg.swiss;https://thurundneckerweg.ch;[{'@type': 'ImageObject', 'contentUrl': 'https://ttpimtsoch.sos-ch-dk-2.exoscale-cdn.com/catalog/2/3/8/5/2385a13ac88d9078b9b6d8cc43d134e134e0dde7_645ac23769edfa5b_threema_20250925_103606113.jpg'}];2026-03-16T19:06:37+01:00
c8d85cd8-7732-4473-84ed-649c7444af14;Mikado Johanneum;Das Mikado ist ein öffentliches Gastronomiegebäude, wo Menschen mit und ohne Beeinträchtigung willkommen sind. Darin befindet sich ein Restaurant, ein Speisesaal und einen Shop mit hauseigenen Produkten, wo man zum "Kafi-Chränzli", Mittagessen oder an einem Anlass verwöhnt wird.;Im MIKADO sind Menschen mit und ohne Beeinträchtigung gleichermassen willkommen und der Speisesaal, das Restaurant und der Shop sind für die breite Öffentlichkeit geöffnet. Hausgemachte Spezialitäten, feine Snacks, Verpflegung und erfrischende Getränke laden zum Geniessen und Verweilen ein.
Dank barrierefreier Gestaltung und öffentlicher Zugänglichkeit entsteht hier ein lebendiger Treffpunkt, der Menschen unterschiedlichster Hintergründe verbindet. 
Das neue Gastronomiegebäude steht auch für Vereine, Firmen und private Gruppen zur Verfügung. Ob Vereinsversammlung, Firmenapéro oder Familienfeier – das MIKADO bietet die passende Infrastruktur, ein stimmungsvolles Ambiente und gastronomische Begleitung aus einer inklusiven Küche, die für Qualität, Regionalität und Wertschätzung steht.
Ein integrierter Shop bietet Produkte aus den hauseigenen Werkstätten des Johanneums an. Handgemacht, nachhaltig und mit sozialem Mehrwert.;9.192439913749697;47.22957213109569;Johanneumstrasse 3;9652;Neu St. Johann;+41 71 995 51 51;info@johanneum.ch;https://www.johanneum.ch/;[{'@type': 'ImageObject', 'contentUrl': 'https://ttpimtsoch.sos-ch-dk-2.exoscale-cdn.com/catalog/2/6/9/9/2699cc36a4722a89ef22766936f56e83089d9d7c_IMG_1135.jpg'}];2025-10-29T21:15:29+01:00
c9380b25-0191-418b-a1ca-51db20bc61ac;Klettergarten Stoss;Klettergarten für die ganze Familie an sonniger Lage mit Aussicht auf die Churfirsten.;Der Klettergarten «Stoss» ist ab den gebührenpflichtigen Parkplatz «Laui» in ca. 1.5h Zustieg zu erreichen und bietet  bis zum Grad 6b aussichtsreiche Kletterrouten für die ganze Familie. 
Folgende Routen sind am Klettergarten «Stoss» anzutreffen: 
(Die Nummern in Klammern sind am Einstieg angeschrieben. Angaben ohne Gewähr)

Routen: 
- 0 / «Olaf» / 4c / 15m
- 1 / «Micki» / 4b / 15m
- 2 / «Gofi» / 3b / 15m
- 3 / «Fred» / 4b / 15m
- 4 / «Obelix» / 4c / 20m
- 5 / «Amore mio» / 4b / 40m
- 6 / «Dä Ahorn» / 5a / 40m 
- 7 (6a) / «lauf zue» / 4b / 40m
- 8 / «Siloetta» / 5a / 40m
- 9 (7) / «Blüemli» / 5a / 40m
- 10 (8) / «Schlitzohr» / 4a / 40m
- 11 (9) / «Let`s Go» / 5a / 40m
- 12 / «Margeritha» / 5b / 40m
- 13 (10) / «äs bitzeli grüen» / 5c / 40m
- 14 (11) / «R-Wäg» / 5c / 40m
- 15 (12) / «Di Ruch» / 4c / 40m
- 16 / «Mamma mia» / 5c+ / 40m
- 17 (13) / «Cät» / 6a+ / 45m
- 18 / (14) / «Tropf» / 5c+ / 45m 
- 19 / «Billy» / 5c+ / 45m
-20 (15) / «Irrwäg» / 5c+
- 21 (16) / «Bijou» / 5c / 45m
- 22 / «namelos» / 5c+ / 20m
- 23 (18) / «Träumli» / 6a+ / 20m
- 23a (19) / «Salü Koni» / 5c / 47m
- 24 (20) / «Via Andi» / 5c+ / 47m
- 25 (21) / «Heinz» / 5b+ / 47m
- 26 (22) / «Sieba Dezi» / 6a+ / 47m
- 27 (23) / «Nicoletta» / 5c+ / 47m
- 28 (25) / «Capretta/Top» / 5c / 47m
- 29 (26) / «Wespi Riss» / 5b / 45m
- 30 (27) / «De Sunnewäg» / 5c / 45m
- 31 (28) / «Gang go luege» / 5b / 35m
- 32 / «Probiere muesch» / 5c+ / 35m
- 33 / «jetz oder nie» / 5a / 35m
- 34 / «Ameisewäg» / 6a / 35m
- 35 / «Extra liecht» / 4c / 35m
- 36 / «No nöd schare» / 5b / 35m
- 36a / «Power isch gfragt» / 6b / 20m
- 37 / «Erbetta» / 4b / 35m
- 38 / «Moretta» / 4a / 35m
- 39 / «Bambi» / 3a / 15m
- 40 / «Angela» / 3a / 20m
- 41 / «Negretta» / 3b / 20m  

Weitere Informationen zu den Routen finden Sie im «SAC Kletterführer Alpstein» und in der Tourist Information Wildhaus.;9.314378499984743;47.22880286400825;Laui 2306;9657 ;Unterwasser;+41719999911;info@toggenburg.swiss;https://toggenburg.swiss/de/berge-erleben.html;[{'@type': 'ImageObject', 'contentUrl': 'https://ttpimtsoch.sos-ch-dk-2.exoscale-cdn.com/catalog/0/f/e/9/0fe93c10b1c619a70295b1b14d8b2ef1e5c2e86e_TOOGI_KLETTERN_sept14_RUPA_477.jpg'}];2025-12-19T15:39:40+01:00
c95dfc43-e714-477e-9257-06209aff649e;Tandem Paragliding – Ostschweiz (Toggenburg & Alpstein);Sanft abheben und dem Alltag entgleiten, lautlos über das Toggenburg oder den Alpstein schweben und die atemberaubende Bergwelt aus einer neuen Perspektive entdecken – ein Erlebnis für alle, die Ruhe, Weite und einen Moment echter Freiheit suchen.;Ich bin in der Region verwurzelt und kenne die Bedingungen hier wie kaum ein anderer. Als erfahrener Tandempilot plane ich jeden Flug individuell – angepasst an Wetter, Thermik und deine Wünsche. Gemeinsam starten wir von einigen der eindrucksvollsten Flugberge der Ostschweiz: Ebenalp, Hoher Kasten, Kronberg, Chäserrugg oder Stockberg – je nach Tageslage und Jahreszeit.

Wer das Abenteuer sucht, kann mit mir auch ein Hike&Fly erleben: Gemeinsam steigen wir zum Startplatz auf, geniessen unterwegs die Natur und heben anschliessend lautlos ab. Eine Kombination aus Bergsport, Naturerlebnis und Gleitschirmflug – pur, direkt und intensiv. Ob sanfter Gleitflug oder Thermik nutzen und Höhe gewinnen – alles ist möglich.

Die Sicht reicht bei klaren Bedingungen von den Churfirsten über den Säntis bis hin zum Bodensee und die Glarner Alpen. Jeder Flug ist anders, jeder Moment einzigartig.

LUFTHELD steht für persönliche Begleitung, höchste Sicherheit und authentische Erlebnisse. Kein Massentourismus, kein Standardprogramm – sondern echtes Gleitschirmfliegen mit einem Local, der seine Heimat liebt und sie dir aus der Luft zeigen möchte.

Du willst noch höher hinaus? Neben klassischen Passagierflügen biete ich auch Thermik- und Streckenflüge an – ideal für alle, die länger in der Luft bleiben oder das Gefühl grenzenloser Freiheit noch intensiver erleben möchten.;9.3134262;47.1558974;Chäserrugg;9657;Unterwasser;+41 79 370 94 43;stefan.schwarz@bluewin.ch;https://www.shv-fsvl.ch/einfach-finden/detail/stefan-schwarz/;[{'@type': 'ImageObject', 'contentUrl': 'https://ttpimtsoch.sos-ch-dk-2.exoscale-cdn.com/catalog/b/3/b/1/b3b11fc89dae4961fec7d11bf2f1b1d1a0764123_Luftheld1.JPG'}];2026-04-28T19:33:15+02:00
c97bfd53-1f1b-41ba-bc47-06e693af1fdc;Kreativ Eggä Unterwasser;Kreativ Eggä Unterwasser: Entdecke die neue Self-Service-Bastel-Lounge für Familien. Kreativboxen, Hörbuchecke mit Toggenburger Sagen, Spielecke sowie Kaffee für Eltern.;<div><p>Die <strong>Kreativ Egg&auml; Unterwasser</strong> ist die erste Self-Service-Bastel-Lounge f&uuml;r Familien im Toggenburg. Ohne Anmeldung und wetterunabh&auml;ngig gestalten Kinder hier ihr eigenes Werk und nehmen es direkt mit nach Hause.</p><p>Dank der zentralen Lage in Unterwasser eignet sich die Kreativ Egg&auml; ideal als Zwischenstopp vor oder nach Ausfl&uuml;gen auf den S&auml;ntis, zur Alp Sellamatt, auf den Klangweg oder zu den zahlreichen Wanderungen in der Region.</p><p>W&auml;hrend die Kinder kreativ sind, k&ouml;nnen sich Eltern bei einem Kaffee und mit Blick auf die Churfirsten entspannen. Erg&auml;nzt wird das Angebot durch eine H&ouml;rbuchecke mit Toggenburger Sagen, eine Spielecke sowie regionale Souvenirs und Geschenkideen.</p><p>Die Kreativ Egg&auml; schliesst eine L&uuml;cke im familienfreundlichen Schlechtwetterangebot der Region und bietet eine unkomplizierte Indoor-Aktivit&auml;t f&uuml;r Einheimische und G&auml;ste.</p></div>;9.309955537319185;47.197050214327966;Dorfstrasse 18;9657;Unterwasser;+41788263019;info@kreativ-egge.ch;https://kreativ-egge.ch/;[{'@type': 'ImageObject', 'contentUrl': 'https://ttpimtsoch.sos-ch-dk-2.exoscale-cdn.com/catalog/9/0/5/0/905044fed344983d50f9f1717710dbaf6d13d50c_IMG_5019_2_Kopie.jpg'}];2026-06-05T13:20:19+02:00
c99282d4-f147-469a-bbf0-c9237a8adf81;"Shopping Mall" Städtli Lichtensteig;Hören Sie auf dieser Themenführung wie der bekannte Marktort im späten Mittelalter zum überregionalen, aktiven Marktzentrum wurde und welche Einkaufsangebote es heute noch im Städtli gibt.;<p>Im sp&auml;ten Mittelalter und der Neuzeit war Lichtensteig &uuml;berregional ein bedeutender Handelsplatz und entwickelte sich aufgrund seiner strategischen Lage, zu einem zentralen Markt- und Handelszentrum, das weit &uuml;ber die Region hinaus bekannt war. Die Beg&uuml;nstigung durch das Marktrecht und die Lage am wichtigen Drehkreuz zogen H&auml;ndler und Kaufleute aus unterschiedlichen Regionen an. Noch heute bietet Lichtensteig ein vielseitiges Einkaufsangebot mit 24-Stunden Shops und kleinen Manufakturen.</p><p><strong>Ap&eacute;ro<br></strong>Zur stimmigen Abrundung kommt ein feiner Ap&eacute;ro vor oder nach der F&uuml;hrung sehr gut an - unser Spezialangebot f&uuml;r St&auml;dtlif&uuml;hrungsgruppen finden Sie&nbsp; <a href="https://toggenburg.swiss/files/_OpenFrontend/websites/toggenburg.swiss/objects/pdf_download/ap%C3%A9ro_angebote_lichtensteig.pdf" target="_blank" rel="noopener">hier.</a>&nbsp;</p>;9.08723831176758;47.323436051579264;9620;Lichtensteig;[{'@type': 'ImageObject', 'contentUrl': 'https://ttpimtsoch.sos-ch-dk-2.exoscale-cdn.com/catalog/e/2/a/6/e2a6b71b97a74702b7feaee12ea32c1e1d16bb8d_0R0A2686.jpg'}];2026-03-20T16:24:18+01:00
ca7a990c-7442-448d-bbdb-f4c42c9d16eb;Bergbahnen Wildhaus;[{'@type': 'ImageObject', 'contentUrl': 'https://ttpimtsoch.sos-ch-dk-2.exoscale-cdn.com/catalog/a/a/1/a/aa1a38d9258c2132872ad03a11e47d3fadbb035a_TT_2025_Familienskifahren_Wildhaus_040.jpg'}];2026-07-22T15:17:52+02:00
cb54d330-b2f5-46e4-82e6-415208193922;Führung in der Käserei;Charakter hat in der Städtlichäsi nicht nur der Käse. Und das Rezept ist auch kein Geheimnis: Mit viel Leidenschaft, handwerklichem Geschick und besten Zutaten aus dem Toggenburg produziert Willi Schmid weltweit renommierte Käse.;<p>Willi Schmid und seine Familie gew&auml;hren im Rahmen der K&auml;serei-F&uuml;hrung und der Besichtigung der verschiedenen K&auml;sekeller einen Einblick in Ihre K&auml;sephilosophie. K&auml;se mit klingenden Namen wie Jersy Blue, Fromage Vivienne und Caprinello werden anschliessend f&uuml;r eine Degustation aufgetischt.</p><p>Dauer: ca. 2 Stunden <br>Durchf&uuml;hrung: Montag bis Freitag zwischen 13.00 bis 19.00 Uhr, letzter <br>Start: 17.00 Uhr Samstag zwischen 9.00 bis 11.00 Uhr Mindestens 10 bis maximal 40 Personen. <br>Die genaue Zeit f&uuml;r die Durchf&uuml;hrung wird zwischen den Teilnehmern und dem Anbieter vereinbart. <br>Wichtig: Ihre Buchung ist erst definitiv, wenn diese von der St&auml;dlich&auml;si best&auml;tigt ist. Preis: CHF 35 pro Person (CHF 10 f&uuml;r die F&uuml;hrung, CHF 25 f&uuml;r die Degustation)<br>Treffpunkt: St&auml;dtlich&auml;si Lichtensteig, Uttenwilserstrasse 2, 9620 Lichtensteig SG</p>;9.08518;47.32951;Uttenwilerstrasse 2;9620;Lichtensteig;071 994 32 86;mail@willischmid.ch;https://shop.chaeswelt.ch/produktkategorie/erlebnisse/;[{'@type': 'ImageObject', 'contentUrl': 'https://ttpimtsoch.sos-ch-dk-2.exoscale-cdn.com/catalog/2/7/3/c/273c6f92bb78a7022be10435f2bae5ad0226c4d7_Titelbild_Schmid.JPG'}];2026-07-17T09:41:54+02:00
cc083554-77ad-4efb-b96b-68b41507cea8;Hofgenuss;So haben Sie bestimmt noch nie geschlafen!;Unsere Podhouses sind heimelige Holziglus und bieten Platz für 2 bis 4 Personen. Sie haben Ihr Schlafzimmer mit bequemen Betten in der freien Natur, wo Sie morgens höchstens von Vogelgezwitscher geweckt werden. Auf Komfort müssen Sie nicht verzichten, wir bieten Ihnen auch einen gemütlichen Aufenthaltsraum mit Kiosk und Kochgelegenheit. Zudem verwöhnen wir Sie am Morgen mit einem reichhaltigen Frühstück mit vielen hofeigenen Bioprodukten.;9.08175;47.36332;Oetschwil 161;9608;Ganterschwil;+41 71 983 12 74;info@hofgenuss.ch;https://hofgenuss.ch/;[{'@type': 'ImageObject', 'contentUrl': 'https://ttpimtsoch.sos-ch-dk-2.exoscale-cdn.com/catalog/c/7/a/b/c7ab12536c03b7d5f6dbfa66e25d4a7284d2478b_Podhouse__2.jpg'}];2026-08-08T22:30:06+02:00
cc118e99-a8ee-4a8b-87a6-82fa0751a322;Ferienhaus Salomonstempel Hemberg;Das Brugger Ferienhaus Salomonstempel liegt oberhalb von Hemberg auf rund 1138 m ü. M. und begeistert mit einem weiten Blick auf das Alpsteinmassiv sowie die sanfte Hügellandschaft des Neckertals. Hier erlebst du Natur, Ruhe und Gemeinschaft – ideal für Gruppen.;<div><p>Das Brugger Ferienhaus Salomonstempel liegt oberhalb von Hemberg im Toggenburg (Kanton St. Gallen, Schweiz) auf rund 1138 m &uuml;. M. und begeistert mit einem weiten Blick auf das Alpsteinmassiv und die sanfte H&uuml;gellandschaft des Neckertals. Hier erlebst du Natur, Ruhe und Gemeinschaft &ndash; ideal f&uuml;r Gruppen, Schulklassen, Vereine oder Familienlager.</p><p>Das Haus bietet Platz f&uuml;r bis zu 55 Personen in Zweier-, Dreier- und Viererzimmern sowie einem praktischen Leiterbereich mit eigener Dusche und WC. Die gastfreundliche Infrastruktur umfasst eine moderne und gut ausgestattete K&uuml;che, einen grossz&uuml;gigen Aufenthalts- und Essraum, einen separaten Spiel- und Freizeitraum sowie eine helle, gem&uuml;tliche Atmosph&auml;re f&uuml;r gemeinsame Stunden.</p><p>Rund ums Haus warten Tischtennis, T&ouml;ggelikasten, Grillstelle, Spielwiese und viel Platz zum Austoben &ndash; perfekt f&uuml;r Aktivit&auml;ten und Spass im Freien. Das Areal ist verkehrsfrei und sicher, umgeben von Wald und gr&uuml;nen Weiden.</p><p>Die Region Hemberg bietet dir zu jeder Jahreszeit abwechslungsreiche M&ouml;glichkeiten: Im Sommer laden zahlreiche Wanderwege und Bike-Routen zu Naturabenteuern ein &ndash; ob gem&uuml;tlich &uuml;ber die H&uuml;gel oder sportlich in Richtung Alpstein. Im Winter erreichst du Skilifte und Langlaufloipen schnell und kannst Schneevergn&uuml;gen in einer idyllischen Landschaft geniessen.</p><p>Ob Lager, Outdoor-Wochenende, Vereinsreise oder entspannte Familienzeit &ndash; hier findest du einen Ort, an dem Gemeinschaft und Natur an erster Stelle stehen und jeder Tag unvergesslich wird. Die Unterkunft wird immer nur an eine Gruppe gleichzeitig vermietet.</p><p><strong>Zuk&uuml;nftig neu:</strong> In K&uuml;rze werden die Betten ersetzt und anschliessend wird &laquo;nordisch schlafen&raquo; angeboten.</p></div>;9.1547654;47.2830088;Salomonstempelstrasse 14;9633;Hemberg;+41564617621;info@salomonstempel-hemberg.ch;https://www.salomonstempel-hemberg.ch;[{'@type': 'ImageObject', 'contentUrl': 'https://ttpimtsoch.sos-ch-dk-2.exoscale-cdn.com/catalog/3/a/5/3/3a538890abb0dd6af0b898a37e3cd0545ece4ddc_IMG_7081.jpeg'}];2026-03-16T19:07:22+01:00
cca3ac1b-a5c3-4d66-ae0b-30aac7f490aa;Sport Shop Iltios;Im Sportshop auf dem Iltios gibt es die perfekte Ausrüstung und die passenden Accessoires für einen Tag im Chäserrugg-Gebiet.;Auf dem Iltios finden Sie eine Auswahl an Skiausrüstungen für jedes Level: Ski, Stöcke, Helme, Schuhe. Für Einzelpersonen und Gruppen die ihren Skitag geniessen. Mitten im Gebiet unkompliziert probieren, fahren und wieder zurückbringen. Weitere Accessoires können im Sport Shop Iltios gekauft werden: Helme, Brillen, Handschuhe…;9.3127;47.1851;Frühweidstrasse 8;9657;Unterwasser;+41 71 998 68 10;info@chaeserrugg.ch;https://www.chaeserrugg.ch/de/Ausruestung_mieten.html;[{'@type': 'ImageObject', 'contentUrl': 'https://ttpimtsoch.sos-ch-dk-2.exoscale-cdn.com/catalog/2/9/3/9/2939caad6d992cef00e45aa6656e33e469ca9ad9_Iltios_4.jpg'}];2026-01-13T11:09:03+01:00
cccbb031-58d1-4e59-97ad-083edb7d647d;Toggenburger Adel und Landleute im Mittelalter;Tauchen Sie auf dieser Themenführung durch Lichtensteig ins Mittelalter der Ostschweiz und dem Toggenburg ein.;<p>Bis fast zum Ende des Mittelalters herrschten die Grafen von Toggenburg im heutigen Toggenburg und dar&uuml;ber hinaus im Rheintal, im Linthgebiet, in Graub&uuml;nden und bis ins Z&uuml;rcher Oberland. Die Landleute bildeten gegen Ende des 14. Jahrhunderts ein b&uuml;rgerliches Bewusstsein, das Best&auml;tigung der erlangten Rechte wie Freiheitsrecht, Erbrecht, Strafrecht und Marktrecht durch den Landesherrn verlangte, was in Lichtensteig erstmals 1400 gelang.</p><p><strong>Ap&eacute;ro<br></strong>Zur stimmigen Abrundung kommt ein feiner Ap&eacute;ro vor oder nach der F&uuml;hrung sehr gut an - unser Spezialangebot f&uuml;r St&auml;dtlif&uuml;hrungsgruppen finden Sie&nbsp; <a href="https://toggenburg.swiss/files/_OpenFrontend/websites/toggenburg.swiss/objects/pdf_download/ap%C3%A9ro_angebote_lichtensteig.pdf" target="_blank" rel="noopener">hier.</a>&nbsp;</p>;9.08722758293152;47.32354515501218;9620;Lichtensteig;[{'@type': 'ImageObject', 'contentUrl': 'https://ttpimtsoch.sos-ch-dk-2.exoscale-cdn.com/catalog/a/7/9/2/a792ac92252afc2c20461b092d8976c4807c8a26_Lichtensteig_im_Herbst___Ch____sWelt_Toggenburg.jpg'}];2026-03-20T16:24:18+01:00
ce0ec21c-a4bd-4d10-8393-4d9251dae1f6;24-Stunden-Shop Metzgerei Metzger in Stein SG;Der 24-Stunden-Delikatessen-Shop der Metzgerei Metzger AG hat immer leckere Spezialitäten aus der Region für sie bereit.;Direkt an der Hauptstrasse Nesslau–Wildhaus in der alten Metzg im Dorf Stein SG. Da gibt’s Leckerbissen der Metzgerei Metzger und Toggenburger Spezialitäten von der Bauernfrau bis zum Käser. Frisch- und Trockenfleisch, Käse, Milch, Jogurt aus der Region, Geschenksartikel, gedörrtes Obst direkt vom Bauer, Brot und süsse vom Beck und allerlei gutes aus der Region für Proviant auf die Schneeschuhtour, auf den Grill und Herd in der Ferienwohnung oder einfach für zuhause.
Bezahlung erfolgt ganz unkompliziert bar im Couvert wie früher, oder per TWINT. Eine Innovation der Metzgerei Metzger AG.;9.2265659;47.2003328;Dorf 302;9655;Stein;071 994 18 16;info@metzger-metzger.ch;https://www.metzger-metzger.ch/;[{'@type': 'ImageObject', 'contentUrl': 'https://ttpimtsoch.sos-ch-dk-2.exoscale-cdn.com/catalog/d/e/7/3/de733762fdb9b08afb8dc49228d88859dde291dc_24_Stunden_Shop_01.jpg'}];2026-07-02T07:58:08+02:00
d0d5a764-a3f8-48e5-8fd5-92aaab7be114;Kegelbahn Hotel Restaurant Sternen Nesslau;Kegelbahn mit 2 Bahnen und Aufenthaltsraum im Kegelkeller.;Kegeln ist ein Spass für Kolleginnen und Kollegen, Freundinnen und Freunde oder für die ganze Familie. Bitte beachten Sie, dass eine Kegelpartie unbedingt vorreserviert werden soll, da der Keller gut besucht ist.;9.19909179210663;47.22382022634832;Hauptstrasse 28;9650;Nesslau;+41 71 994 19 13;sternen-nesslau@bluewin.ch;https://sternen-nesslau.ch;[{'@type': 'ImageObject', 'contentUrl': 'https://ttpimtsoch.sos-ch-dk-2.exoscale-cdn.com/catalog/7/1/7/5/71755595b53d77bdcfd9ffd26b481e0d062fbe12_VCE6pEiyUJmuuKTyjYsB.jpg'}];2025-10-10T14:33:15+02:00
d0ecc36c-b0aa-4705-8cd1-078880e469e5;Luftseilbahn Iltios – Chäserrugg;Rote Luftseilbahn vom Iltios auf den Gipfel, mit Kabinen entworfen von Herzog & de Meuron und Studio Noun;<p>Die Luftseilbahn Iltios – Chäserrugg bringt ganzjährig die Gäste bequem auf den östlichen Gipfel der sieben Churfirsten und zurück auf den Iltios. Während der Fahrt mit der Luftseilbahn schweift der Blick über die Landschaft des Toggenburgs, den Alpstein und bietet eine spannende Perspektive auf die Nordseite des Gipfelgebäudes. Des Weiteren können während der Fahrt oftmals Gämse in den vorbeiziehenden Felsbändern beobachtet werden, und die verschiedenen Gesteinsschichten treten eindrucksvoll zutage. Auf dem Chäserrugg befindet sich das Gipfelrestaurant Chäserrugg, wo Kulinarik und Architektur von Herzog & de Meuron eine harmonische Verbindung eingehen. Direkt am Gipfel schliesst die Hochebene Rosenboden mit dem Panoramarundweg an, der im Sommer wie auch im Winter begangen werden kann. Dabei bietet sich eine Aussicht auf über 500 Berggipfel in sechs Ländern, den Walensee und die umliegende Bergwelt. Im Winter bietet der Chäserrugg die längste Abfahrt im Obertoggenburg. Im Juni 2023 erhielt die Bahn zwei neue Kabinen, die in Zusammenarbeit mit den Architekten Herzog & de Meuron sowie Studio Noun entworfen wurden, um das Gästeerlebnis zu unterstreichen.</p><p> </p><p>Auskunft zur Zugänglichkeit: <a href="https://www.ginto.guide/entries/109623b1-b6e4-44db-87b2-865cf60efc9d?lnk_src=business" target="_blank" rel="noopener">ginto</a></p>;9.311814;47.185046;Früeweidstrasse 8;9657;Unterwasser;+41 71 998 68 10;info@chaeserrugg.ch;https://www.chaeserrugg.ch/de;[{'@type': 'ImageObject', 'contentUrl': 'https://ttpimtsoch.sos-ch-dk-2.exoscale-cdn.com/catalog/a/7/a/6/a7a69920155a2ac3d4ad7dd913dad634fa2813d4_0000702_chaeserrugg_shooting_am_S_24.jpg'}];2026-05-11T08:41:17+02:00
d1518820-02b9-4bae-816b-4bffc1a7a899;Alpsteinmühle;Die Alpsteinmühle in Nesslau verarbeitet regionales Berggetreide direkt im Toggenburg. Im Mühlenlädeli findest du Mehle aus der Region. Gruppenführungen zeigen, wie aus Korn Schritt für Schritt Mehl entsteht.;<p>Regionales Getreide dort verarbeiten, wo es w&auml;chst Mitten in Nesslau kn&uuml;pft die Alpsteinm&uuml;hle an eine lange Tradition des Getreideanbaus im Obertoggenburg an. In der ehemaligen B&uuml;rgerscheune ist mit viel freiwilligem Engagement eine moderne M&uuml;hle entstanden, in der regional angebautes Berggetreide sorgf&auml;ltig verarbeitet wird. Wer die Alpsteinm&uuml;hle besucht, kann ein St&uuml;ck dieser regionalen Wertsch&ouml;pfung direkt erleben. Im M&uuml;hlenl&auml;deli findest du verschiedene Mehle und Getreideprodukte aus der Region. Das Angebot richtet sich nach Ernte und Verf&uuml;gbarkeit, sodass es immer wieder etwas Neues zu entdecken gibt. Ein sch&ouml;ner Zwischenstopp f&uuml;r alle, die regionale Produkte aus dem Toggenburg sch&auml;tzen und gerne wissen m&ouml;chten, woher ihre Lebensmittel kommen. Noch tiefer in die Welt des Getreides geht es bei einer M&uuml;hlenf&uuml;hrung f&uuml;r Gruppen. Dabei erh&auml;ltst du Einblick in die M&uuml;hlenanlage und erf&auml;hrst, wie aus dem Korn fertiges Mehl wird, welche Bedeutung der Getreideanbau f&uuml;r die Region hat und wie traditionelle Verarbeitung und moderne Technik zusammenspielen. Die F&uuml;hrungen eignen sich f&uuml;r Vereine, Firmen und private Gruppen und k&ouml;nnen auf Wunsch mit einem Ap&eacute;ro erg&auml;nzt werden.</p><p><strong>M&uuml;hlenl&auml;deli:</strong> Dienstag und Freitag, 9.00 bis 11.30 Uhr</p><p><strong>Gruppenf&uuml;hrungen: </strong>Montag bis Samstag nach Vereinbarung Ein Besuch in der Alpsteinm&uuml;hle verbindet regionalen Genuss, traditionelles Handwerk und ein St&uuml;ck Toggenburger Geschichte.</p>;9.2240492;47.2282045;Untersteig 693;9650;Nesslau;+4179 774 81 87;info@alpsteinmuehle.ch;https://alpsteinmuehle.ch;[{'@type': 'ImageObject', 'contentUrl': 'https://ttpimtsoch.sos-ch-dk-2.exoscale-cdn.com/catalog/b/3/f/f/b3ff554f31d8c0a013478fc28441a99cf21f3904_A7401752_LQ.jpg'}];2026-08-28T14:06:06+02:00
d29a3491-9163-4dc2-8d56-dd3b8559dbf1;Massagetherapie Undermüli in Alt St. Johann;Verspannungen, Kopfschmerzen, Rückenprobleme oder sonstige Bewegungseinschränkungen können mit einer Massage, zum Teil mit anderen therapeutischen Anwendungen kombiniert, gezielt behandelt werden.;Schmerzen werden gelindert oder die Behandlung kann einfach eine Wohltat sein. 
Ich habe eine über 20-jährige Berufspraxis und bin über die Zusatzversicherungen bei den meisten Krankenkassen anerkannt, spreche Deutsch, Französisch und Englisch. Parkplätze vor dem Haus, auch mit ÖV gut erreichbar.
Inkludierte Leistungen: Med. Klassische Massage, Fussreflexzonenmassage
 
Termin nach Vereinbarung
Details / Infos: www.wellmed.ch
Buchbar unter: www.wellmed.ch oder 079 678 65 67;9.280362725257875;47.19370442653;Sonnenhalbstrasse 14;9656;Alt St. Johann;079 678 65 67;info@wellmed.ch;http://www.wellmed.ch;[{'@type': 'ImageObject', 'contentUrl': 'https://ttpimtsoch.sos-ch-dk-2.exoscale-cdn.com/catalog/5/3/d/b/53db3361a7a165e5306418b83ea7fd011322e036_Praxis.jpg'}];2026-06-01T14:31:17+02:00
d3184543-d322-4865-8753-76e89a28773a;Klettergarten Zwinglipass;Klettern rund um den Zwinglipass.;In der näheren und weiteren Region um die Hütte gibt es viele schöne Klettergebiete im besten Kalk: Gätterifirst, Kreuzberge, Dreifaltigkeit, Fälentürm und ganz besonders am Hausberg der Zwinglipasshütte, dem Altmann, dem zweithöchsten Berg des Alpsteins. 

Der Klettergarten «Zwinglipass» ist ab der Talstation der Bergbahn Gamplüt in einer ca. 3-stündigen Wanderung zu erreichen. 

Er bietet Routen in verschiedensten Schwierigkeitsgraden von 2a (Schaffhauser Kamin) bis 6c+ (Via Hacky Sack) an, welche über die verschiedenen Grate oder durch die Südwand auf den Gipfel des Altmanns führen. 

Der Kletterführer liegt in der Hütte auf.

Weitere Informationen zu den Routen finden Sie im «SAC Kletterführer Alpstein» und in der Tourist Information Wildhaus.;9.37485694885254;47.23658824304505;Zwinglipass;9658;Wildhaus;+41719999911;info@toggenburg.swiss;https://toggenburg.swiss;[{'@type': 'ImageObject', 'contentUrl': 'https://ttpimtsoch.sos-ch-dk-2.exoscale-cdn.com/catalog/6/a/6/6/6a66bdff6b09c6c34abfe2c7233d56ea91d37b8b_TOOGI_KLETTERN_sept14_RUPA_392.jpg'}];2025-12-19T15:39:40+01:00
d343c3ff-6f72-491a-afcc-0af58c3a53ba;Fondue beim Käser;Der Milchstrasse entlang in die Käsegalaxie Liechti-Hochmoor Chäs: Erhalten Sie Einblicke in die lokale Milchverarbeitung und geniessen Sie anschliessend ein herzhaftes Fondue.;<p>Gian Liechti und sein Team nehmen Sie mit auf eine Entdeckungsreise quer durch die familiengef&uuml;hrte Bergk&auml;serei auf dem Ricken und zeigen Ihnen den Weg von der Milch zum K&auml;se. <br>Im Keller der Hochmoor K&auml;se AG reifen neben Emmentaler AOP, verschiedenen Hart- und Halbhartk&auml;se auch der herbe Hochmoor Ch&auml;s. Letzterer verdankt seinen Charakter der reichhaltigen Pflanzen- und Kr&auml;uterwelt des Hochmoors auf dem Rickenpass. <br>Bei einem rassigen Hochmoor-Fondue, &uuml;brigens ebenfalls mit Hochmoor Ch&auml;s, oder einem herzhaften Raclette &agrave; discr&eacute;tion in den R&auml;umlichkeiten der K&auml;serei endet die Exkursion schliesslich genussvoll. <br>Dauer: 3 Stunden Durchf&uuml;hrung: Dienstag, Mittwoch, Freitag von 17.30 - 20.30 Uhr oder nach Vereinbarung. Die genaue Zeit f&uuml;r die Durchf&uuml;hrung wird zwischen den Teilnehmern und dem Anbieter vereinbart. Ab mindestens 6 bis maximal 25 Personen. <br>Wichtig: Ihre Buchung ist erst definitiv, wenn diese von der Hochmoor K&auml;se AG best&auml;tigt ist. Preis: CHF 35.00 (exkl. Getr&auml;nke) f&uuml;r Erwachsene CHF 20.00 (exkl. Getr&auml;nke) f&uuml;r Kinder von 7 - 15 Jahren Treffpunkt: Hochmoor K&auml;se AG &ndash; Bergk&auml;serei Liechti, Waldestrasse 3, 8726 Ricken SG</p>;9.044;47.26455;Waldestrasse 3;8726;Ricken SG;055 284 51 11;email@liechti-kaese.ch;http://www.liechti-kaese.ch;[{'@type': 'ImageObject', 'contentUrl': 'https://ttpimtsoch.sos-ch-dk-2.exoscale-cdn.com/catalog/f/e/5/b/fe5b6306ca9632fdf145bb62aa57e24b694d80d6_ch____swelt_website_genussperlen_03_2025_1rz__2.jpg'}];2026-07-17T14:06:51+02:00
d34b2f2c-4698-40ce-a2fd-db320ee862e1;Deguschüür Ganterschwil;Eine heimelige Eventlokalität mit einmaliger Aussicht in die Churfirsten und über das untere Toggenburg.  ;Die ideale Umgebung für Ihren Familienanlass, Geburtstag, Konfirmation, Taufe, Hochzeit sowie für Ihren nächsten Firmenanlass oder Klassentreffen. 

Die «Degu-Schüür» ist mit technischen Einrichtungen (WLAN / Beamer) ausgestattet und kann bis 80 Personen aufnehmen.;9.092259407043459;47.36621103383134;Aewil 847;9608;Ganterschwil;+41 71 983 15 72;info@berghof-ag.ch;https://www.berghof-ag.ch/;[{'@type': 'ImageObject', 'contentUrl': 'https://ttpimtsoch.sos-ch-dk-2.exoscale-cdn.com/catalog/7/9/2/0/7920abf1572e3b4babab8a7137c5ea136968d0be_schuer_aussen_1000.jpg'}];2025-12-19T15:40:55+01:00
d46e2d2a-0851-4980-860b-86d332a07fd4;Stump's Alpenrose;Stump’s Alpenrose am Fusse des Chäserrugg erwartet Geniesser wie Kinder mit gelebter Toggenburger Gastfreundschaft. Wenige Gehminuten vom Klanghaus, am Schwendisee einem Ort, an dem das Sein für Geniesser und Familie zum Freizeitvergnügen und das Tagen zur Inspiration wird.;<p>Auf dem sonnenbeschienenen Hochplateau am Schwendisee heisst Sie die Gastgeberfamilie Stump in 5. Generation herzlich Willkommen. Der Klangweg f&uuml;hrt im Sommer zum Ch&auml;serrugg und weiter zu den Churfirsten, w&auml;hrend der Alpstein mit uneingeschr&auml;nkten Wanderungen an der Thur und bis zum S&auml;ntis lockt. Sonnenterrasse mit Kinderspielplatz und Trampolin laden zum Verweilen. Einzel-, Doppel- und Familienzimmer mit allem Komfort sind nach S&uuml;den ausgerichtet, Wellness mit Sauna, Dampfbad, Whirlpool und Fitnessraum sorgen f&uuml;r Entspannung wie Erholung. Stump&rsquo;s Frischk&uuml;che mit regionalen Culinarium-Produkten und Wild aus einheimischer Jagd sowie das Fr&uuml;hst&uuml;ck mit lokalen Broten und K&auml;se von den Alpen bietet viel Hausgemachtes. Im Winter f&uuml;hren die Skipisten direkt vom Hotel zu den Bergbahnen und zur Skischule. Ein Hotelbus macht die Anbindung ans Tal, zur Eisbahn, Curling-Center, Schwimmbad, Einkaufsm&ouml;glichkeiten sowie Kulturveranstaltungen. Herzlich Willkommen am Fuss des Ch&auml;serrugg bei Stump&rsquo;s in der Alpenrose.</p><p>&nbsp;</p><p><span data-teams="true">Auskunft zur Zug&auml;nglichkeit</span>:&nbsp;<a href="https://www.ginto.guide/entries/541e1873-6d3c-437d-8284-c160c980487e?lnk_src=business" target="_blank" rel="noopener">ginto</a></p>;9.3285822;47.190065;Vordere Schwendistrasse 62;9658;Wildhaus;+41 71 998 52 52;info@stumps-alpenrose.ch;http://www.stumps-alpenrose.ch;[{'@type': 'ImageObject', 'contentUrl': 'https://ttpimtsoch.sos-ch-dk-2.exoscale-cdn.com/catalog/3/4/a/a/34aabb3bf4aa2338704bbd9c55613f2ac773186d_SwissPano_Alpenrose_20170626_115756_00635_Panorama.jpg'}];2026-04-28T05:16:00+02:00
d48660fc-7f65-4ae9-88c8-0d17691d0a4d;Alpwirtschaft Unterbächen;Eine Alpwirtschaft mit herrlicher Aussicht ins untere und obere Toggenburg.;Ob Sie nun den Weg zu uns zu Fuss, mit dem Bike oder mit dem Auto in Angriff nehmen, bei uns können Sie ankommen und geniessen. ;9.1027653;47.2452274;Unterbächen;9642;Ebnat-Kappel;071 993 36 36;[{'@type': 'ImageObject', 'contentUrl': 'https://ttpimtsoch.sos-ch-dk-2.exoscale-cdn.com/catalog/c/f/0/3/cf0346a6d29e40a44126f16bfbd7268b76d74f58_IMG_4323.jpeg'}];2026-08-03T00:21:28+02:00
d4a6c8d6-cc0e-4b79-9930-06a08a91b076;Wein-Führung;Das Geheimnis der Lichtensteiger Reben und Trauben ;<p>Im St&auml;dtli Lichtensteig wachsen verschiedene Traubensorten, aus denen unterschiedliche Weine gekeltert werden. Auf diesem weinseligen Rundgang besuchen Sie die drei einmalig gelegenen Lichtensteiger Rebberge. Da die H&auml;nge vom ersten bis zum letzten Sonnenstrahl besonnt sind und auch sonst gute Bedingungen herrschen, entsteht unterschiedlicher Wein von hoher Qualit&auml;t.<br>Nebst den Rebbergen gibt es weitere interessante und historische Schnittstellen zum Thema &lsquo;Reben und Wein in Lichtensteig&rsquo;, welche auf dieser F&uuml;hrung besuchen werden.</p><p><strong>Ap&eacute;ro<br></strong>Zur stimmigen Abrundung kommt ein feiner Ap&eacute;ro vor oder nach der F&uuml;hrung sehr gut an - unser Spezialangebot f&uuml;r St&auml;dtlif&uuml;hrungsgruppen finden Sie&nbsp; <a href="https://toggenburg.swiss/files/_OpenFrontend/websites/toggenburg.swiss/objects/pdf_download/ap%C3%A9ro_angebote_lichtensteig.pdf" target="_blank" rel="noopener">hier.</a>&nbsp;</p>;9.08722221851349;47.32353424467902;9620;Lichtensteig;[{'@type': 'ImageObject', 'contentUrl': 'https://ttpimtsoch.sos-ch-dk-2.exoscale-cdn.com/catalog/9/9/a/6/99a6afe18745696ca2770b4f52fc25acb11cf17a_Bild_Rebberg.jpg'}];2026-03-20T16:24:18+01:00
d4b7cad2-1109-46ca-8a62-d05536ebc18e;Restaurant Esszeit;Frisch zubereitete asiatische Gerichte – schnell, lecker und unkompliziert.;<p>Frisch gekochte asiatische Speisen. Buffet, all you can eat. Preis Mittag inkl. 5 dl Getr&auml;nk 21.50, Preis Abend inkl. 5 dl Getr&auml;nk 23.50 CHF. Fast casual restaurant, Selbstbedienung. Gratis Parkpl&auml;tze.</p>;9.072132110595705;47.383169505477916;lerchenfeld 416;9601;Lütisburg Station;info@esszeit.ch;https://www.esszeit.ch;[{'@type': 'ImageObject', 'contentUrl': 'https://ttpimtsoch.sos-ch-dk-2.exoscale-cdn.com/catalog/d/0/a/6/d0a655b0ed6918e138d62241106fba414ec75ffe_Logo_Esszeit_Lerchenfeld.jpg'}];2026-06-25T14:47:44+02:00
d5704aad-395a-4122-aa39-e42f77fd5b2a;Café Abderhalden Bäckerei Konditorei;Café Abderhalden in Wattwil: Täglich frisch gebacken! 

Starten Sie Ihren Tag mit unserem reichhaltigen Bäcker-Zmorge oder gönnen Sie sich nachmittags eines unserer köstlichen Desserts. Auf unserer Sonnenterrasse lässt es sich wunderbar entspannen.;Café Abderhalden – Ihr Stück Toggenburg

Geniessen Sie die warmen Sonnenstrahlen auf unserer gemütlichen Terrasse und lassen Sie sich von unseren Köstlichkeiten verwöhnen. Starten Sie Ihren Sonntagmorgen mit unserem traditionellen Bäcker-Zmorge. Frische Brote, feine Zöpfe und hausgemachte Konfitüren lassen keine Wünsche offen.

Nachmittags verführen unsere Konditoren Sie mit einer Vielfalt an Kuchen und Torten. Ob eine cremige Kugel hausgemachter Glacé, ein feinest Stück Torte oder unseren Klassiker, der Schlorzifladen – bei uns finden Sie garantiert Ihr Lieblingsstück.

Besuchen Sie uns und erleben Sie die Schweizer Gastfreundschaft in vollen Zügen!;9.0867482;47.3029247;Poststrasse 22;9630;Wattwil;+41 71 988 11 55;info@cafe-abderhalden.ch;http://www.cafe-abderhalden.ch;[{'@type': 'ImageObject', 'contentUrl': 'https://ttpimtsoch.sos-ch-dk-2.exoscale-cdn.com/catalog/a/8/3/b/a83bec6c892f89bd63ec7e79eab9011acd822b63_DSC01168.jpg'}];2026-08-04T16:22:39+02:00
d5cd9d46-c8ed-4045-b950-47359a477784;Steinmannli - Bergführer mit eidg. FA;Geführte Bergtouren im Sommer und Winter
Der Jahreszeit entsprechend organisiere und führe ich auf deine Wünsche zugeschnittene Ski-, und Snowboardtouren sowie Berg-, und Klettertouren.;Du möchtest unsere schönen Alpen intensiv erleben? Endlich einen grossen Klassiker erklimmen? Eine Hochtour oder Skihochtour meistern? Bei einem Kurs die Basis erlernen oder dein Wissen vertiefen? Oder mit Freunden in einer Seilschaft über einen Gletscher gehen? Ich führe dich kompetent, zuverlässig und mit jahrelanger Erfahrung, im Sommer wie im Winter. 
In den Bergen – inmitten der Tier- und Pflanzenwelt – lässt sich der Alltag mühelos vergessen. Gerne begleite ich dich dabei.;9.252440929412844;47.18514780078605;Hof 74;9656;Alt St. Johann;+41 79 276 73 14;bruno.boesch@steinmannli.ch;https://steinmannli.ch/;[{'@type': 'ImageObject', 'contentUrl': 'https://ttpimtsoch.sos-ch-dk-2.exoscale-cdn.com/catalog/c/f/0/4/cf04f1fb187d9fb38a67bbb976ad507d8bb53406_Bruno_Boesch.jpg'}];2026-05-04T12:02:40+02:00
d5ffd9f5-0110-4265-98eb-49eb929dd191;Hofladen Keller;Ein Hofladen fast auf der Gemeindegrenze. ;Der Hofladen von der Familie Keller liegt direkt auf dem Chogelhuet. Dies ist ein kleiner Pass zwischen den Gemeinden Kirchberg und Mosnang. 

Im Laden gibt es je nach Saison Apfelsaft, verschiedene frische Beeren sowie verschiedenes Gemüse oder Eingemachtes und Konfitüre. 

;9.039376974105837;47.38167484310615;9602;Müselbach;079 731 75 55;[{'@type': 'ImageObject', 'contentUrl': 'https://ttpimtsoch.sos-ch-dk-2.exoscale-cdn.com/catalog/2/f/8/b/2f8b796e71c2e9b606b4b5da2264580d9f2d4515_Hofladen.jpg'}];2026-07-26T13:51:57+02:00
d8a51b25-d80f-488e-8222-afdf8332dda6;Ayursana Yoga Shala;Ayursana Yoga & Events im Toggenburg: Yoga, Achtsamkeit und Wohlbefinden in entspannter Atmosphäre. Kurse, Workshops sowie Yoga & Zmorge für neue Energie.;<p><strong>Ayursana Yoga &amp; Events &ndash; dein Ort f&uuml;r Bewegung, Entspannung und Begegnung </strong></p><p>Bei Ayursana Yoga &amp; Events findest du einen wohltuenden Raum f&uuml;r Yoga, Achtsamkeit und ganzheitliches Wohlbefinden. In ruhiger Atmosph&auml;re im Toggenburg erwarten dich vielseitige Workshops, Gruppenkurse oder Privatstunden, Vortr&auml;ge und besondere Veranstaltungen rund um Gesundheit, Bewegung und innere Balance. Ob Yoga, Atemarbeit, Entspannung oder inspirierende Impulse: Hier darfst du ankommen, auftanken und dir bewusst Zeit f&uuml;r dich nehmen. Ein besonderes Erlebnis ist Yoga &amp; Zmorge &ndash; sanfter Yoga Flow trifft auf reichhaltiges Zmorge Buffet &ndash; ayurvedisch &amp; vegan.&nbsp;</p><p><strong>Ayursana Yoga &amp; Events &ndash; Raum f&uuml;r dich, deine Gesundheit und dein Wohlbefinden.</strong>&nbsp;<br><br><strong>Aktueller Stundenplan: </strong></p><p>Dienstag 18:30 &ndash; 19:30 Hatha / Hatha Flow ausgleichend</p><p>Mittwoch 08:30 &ndash; 09:30 Stuhl Yoga ab 1.10.2026</p><p>Mittwoch 17:00 &ndash; 18:00 Stuhl Yoga</p><p>Mittwoch 19:00 &ndash; 20:00 Hatha / Hatha Flow ausgleichend</p><p>Mittwoch 20:15 &ndash; 21:15 Pfuus Guet Yoga entspannend (hybrid)</p><p>Samstag 09:00 &ndash; 10:00 Yoga am Fluss bis ca. 30.09.2026 Funcional Yoga ab 01.10.2026</p><p>Sonntag 18:00 &ndash; 19:00 Sunday Funday Flow Nur online</p>;9.0871589;47.323174;Hauptgasse 18;9620;Lichtensteig;+41 78 726 51 54;info@ayursana.ch;https://www.ayursana.ch;[{'@type': 'ImageObject', 'contentUrl': 'https://ttpimtsoch.sos-ch-dk-2.exoscale-cdn.com/catalog/b/b/0/e/bb0e946c577da360652b29acf1226db424e7a1d0_1_WII_2369_comp30.jpg'}];2026-08-20T08:44:23+02:00
d944e7a2-672c-4f18-8055-4c9c32b7dfef;B&B Laui Ennetbühl;Ferien im Herzen des Toggenburgs mit Blick auf Säntis, Stockberg und Speer!
Geniessen Sie eine Auszeit in unserem gemütlichen Bed & Breakfast. Tauchen Sie ein in die Natur und die Abgeschiedenheit, wo sich Fuchs und Hase gute Nacht sagen.;<div>Das Haus aus der Mitte des 19. Jahrhunderts wurde mit viel Sachverstand und handwerklichem Geschick restauriert und renoviert. Die drei G&auml;stezimmer (1 Einzelzimmer und 2 Doppelzimmer) sind liebevoll eingerichtet, mit einem charmanten Mix aus Design- und Antikm&ouml;beln. Wir verw&ouml;hnen Sie in der urspr&uuml;nglichen G&auml;stestube mit einem reichhaltigen Fr&uuml;hst&uuml;ck aus selbstgemachten und regionalen Produkten. Parkplatz und WLAN vorhanden. Mit dem &Ouml;V in 15 Minuten erreichbar. Kein TV, Raumh&ouml;he 196 cm. Wanderwege direkt vor dem Haus, Langlaufloipe in n&auml;chster N&auml;he. Preise inkl. Fr&uuml;hst&uuml;ck und Kurtaxe pro Person und Nacht: Fr. 80.&ndash; (ab der 2. Nacht Fr. 70.&ndash;).</div>;9.22271079999996;47.2445859;Lauistrasse 782;9651;Ennetbühl;+41763690009;silvia.schaub@gmail.com;http://www.laui-ennetbuehl.ch/;[{'@type': 'ImageObject', 'contentUrl': 'https://ttpimtsoch.sos-ch-dk-2.exoscale-cdn.com/catalog/2/e/f/0/2ef05d432323b4a99a3265b5c1dab050758636c5_Laui_190_Bild_Chris_Iseli___Sandra_Ardizzone__2.jpg'}];2026-01-22T16:31:59+01:00
d947383e-104c-49e2-9e2b-3c48fa7a430b;Turngeräte Museum;Seit 1912 Jahren kommen in der Schweiz die Turngeräte für das Schul- und Vereinsturnen aus Ebnat-Kappel!;Besucher und Besucherinnen finden in der Ausstellung Turngeräte, welche sofort Erinnerungen und Emotionen wecken. Neben diesen Geräten können auch Unikate bestaunt werden, wie das vermutlich älteste noch existierende Pauschenpferd mit Kopf und Schwanz. Bücher, Fotos und Filme zeigen als Zeitzeugen das Turnen von damals.

Wir beleuchten die über 300-jährige Geschichte des Turnwesens: von den Übungen in den Ritterakademien, dem Turnen als vaterländische Pflicht, bis zu Sport, Spiel und Spass! 
Neu auch mit Audioguide, Themenparcours und verschiedenen Rätseln.


Eintritt: 
CHF 5.-/Person
Kinder und Jugendliche bis 16 Jahre gratis
Führungen für Gruppen: CHF 10.-/Person, mindestens CHF 80.-/Gruppe 

;9.115742400845049;47.265513299999995;Industriestrasse 10;9642;Ebnat-Kappel;+41719926633;museum@alder-eisenhut.swiss;https://turngeraetemuseum.ch/;[{'@type': 'ImageObject', 'contentUrl': 'https://ttpimtsoch.sos-ch-dk-2.exoscale-cdn.com/catalog/0/b/3/1/0b31ae9b51188c8fa4187552f82fd03d5635e4ab_2022___TT___Turnger__te_Museum_4.jpg'}];2026-06-12T23:35:04+02:00
dad79cf1-1a45-4786-999e-494781682f35;Toggenburg Bergbahnen;[{'@type': 'ImageObject', 'contentUrl': 'https://ttpimtsoch.sos-ch-dk-2.exoscale-cdn.com/catalog/2/f/9/4/2f94be7335f429fa1477d902dda4a0e4fba75426_MZ_2023_Sonnenaufgang_Ch__serrugg_30.jpg'}];2026-07-22T15:23:46+02:00
db1be4d2-b9f6-4618-ae57-ac248701720a;Wirtschaft Rumpf Waldegg;Klein aber fein!
Herzlich Willkommen im Restaurant Waldegg Rumpf (Wattwil)
Es begrüssen Sie Denise Brütsch und Christian Schlegel
Seit 2019 bewirten wir mit unserem Team das Restaurant Waldegg Rumpf und freue mich über Ihr Kommen!;Ein Auszug aus unserer kleinen, feinen Küche
Täglich wechselnde saisonale Mittagsmenü
Hausgemachte Cordon Bleu und frische Salate. Fitnessteller mit Schnitzeli Wurstsalat oder Wurst-Käs- Salat und Feine Vesperplättli

Naherholungsgebiet und Wanderland Rumpf
Wanderwege rund um den Rumpf:
Als Zwischenhalt in die Chrüzegg (Rumpf - Chrüzegg: 75Min zu Fuss)
oder ins Schwämmli via Bachstrasse (Rumpf - Schwämmli: 80min zu Fuss)
oder als Abstecher vom Jakobsweg (Iburg Wattwil - Rumpf - Stoss);9.048222;47.2943496;Rumpf 794;9630;Wattwil;141793505376;rumpf.waldegg@gmail.com;https://restaurant-rumpf-waldegg.jimdosite.com/;[{'@type': 'ImageObject', 'contentUrl': 'https://ttpimtsoch.sos-ch-dk-2.exoscale-cdn.com/catalog/f/d/4/7/fd47678be2a9f8cb72bb1cea4988677bc9704cbf_hauptbild.jpg'}];2025-12-19T15:40:55+01:00
dc870fd2-eb85-41f0-a6c9-c69ae78a8a94;Puppentheater-Wildhaus;Puppentheater Wildhaus
Willkommen im Puppentheater Wildhaus – wo Fantasie lebendig wird!
Seit 1978 begeistern liebevoll geführte Marionetten Kinder und Erwachsene gleichermassen. Ob märchenhafte Nachmittagsvorstellung oder stimmungsvolles Abendstück.;Puppentheater Wildhaus – ein kleines Wunder im Toggenburg

Im Herzen von Wildhaus verbirgt sich ein besonderer Ort der Fantasie: das Puppentheater Wildhaus.
Hier erzählen kunstvoll geführte Marionetten Geschichten voller Herz, Humor und Magie – für Kinder und Erwachsene gleichermassen.

Seit 1978 begeistert das engagierte Team mit liebevoll inszenierten Aufführungen, handgefertigten Figuren und einer unverwechselbaren Atmosphäre.
Am Mittwoch-Nachmittag gehört die Bühne den kleinen Gästen, am Mittwoch-Abend entführt das Ensemble Erwachsene in poetische und humorvolle Theaterwelten.

Ein Besuch im Puppentheater Wildhaus ist mehr als Unterhaltung – es ist ein Stück gelebte Kultur im Toggenburg, das Gross und Klein verzaubert.

👉 Tipp: Ideal für Familien, Gruppen und Kulturfreunde – ein unvergessliches Erlebnis für Ihren Aufenthalt in Wildhaus.;9.34543;47.20138;Rietli 182;9658;Wildhaus;+41 794686105;praesident@puppentheater-wildhaus.ch;https://www.puppentheater-wildhaus.ch/;[{'@type': 'ImageObject', 'contentUrl': 'https://ttpimtsoch.sos-ch-dk-2.exoscale-cdn.com/catalog/2/6/0/3/2603bfa261eab73b90260d73f0415afa17b8fe97_Zuschauer.jpg'}];2026-03-16T19:00:19+01:00
ddf5e3fa-59cb-4775-8873-7823dea323d2;Wildhaus, Gamplüt;9.343510865946884;47.213138794267074;[{'@type': 'ImageObject', 'contentUrl': 'https://ttpimtsoch.sos-ch-dk-2.exoscale-cdn.com/catalog/b/2/e/6/b2e617efe081e9805a0280e6c85831fead93396e_gampl__t.png'}];2025-12-19T15:39:40+01:00
df470d09-9321-41a2-89ec-fe8b2aa4e071;Gasthaus Löwen Hemberg;In unserem volkstümlichen Gasthaus bieten wir eine ausgezeichnete Küche, stilvolle Übernachtungsmöglichkeiten und vielfältige musikalische Erlebnisse im Herzen von Hemberg.;<p>Der L&ouml;wen in Hemberg hat eine traditionsbehaftete Geschichte: In den 50er Jahren war das Gasthaus eine weitherum bekannte Metzgerei, Gastst&auml;tte und Milit&auml;runterkunft. Dann wurde es Ende des letzten Jahrhunderts etwas ruhiger um das stattliche Geb&auml;ude. Inzwischen ist der L&ouml;wen mit sehr viel Liebe und Sorgfalt renoviert worden, ohne dabei seinen urspr&uuml;nglichen Charme zu verlieren. Seit Winter 2018 f&uuml;hren wir als gastronomische Quereinsteiger das Gasthaus L&ouml;wen. Unsere Vorstellung einer heimeligen und urchigen Beiz, vereint mit einer regionalen und kulinarisch hochstehenden K&uuml;che, k&ouml;nnen wir hier jeden Tag verwirklichen! Dabei hilft die ganze Familie mit, vom Koch &uuml;ber die Grafikerin bis zur Kafiguezli-Lieferantin sind fast alle Angestellten aus dem famili&auml;ren Umkreis. Auch musikalische Anl&auml;sse sind ein fester Bestandteil der L&ouml;wen-Philosophie. Monatlich stattfindende L&auml;ndlerkonzerte sind f&uuml;r uns als Gastgeberfamilie H&ouml;hepunkte im Wirtealltag.</p><p>&nbsp;</p><p>Auskunft zur Zug&auml;nglichkeit:&nbsp;<a href="https://www.ginto.guide/entries/97cd4b31-5ed9-4e9e-aef0-567e7cb02988?lnk_src=business" target="_blank" rel="noopener">ginto</a></p>;9.1753376;47.3003699;Wattwilerstrasse 1;9633;Hemberg;+41 71 377 24 14;info@loewen-hemberg.ch;https://www.loewen-hemberg.ch/;[{'@type': 'ImageObject', 'contentUrl': 'https://ttpimtsoch.sos-ch-dk-2.exoscale-cdn.com/catalog/1/7/8/2/17828566200af3b968c05042dd5afde6da226207_DSC_2200__4_.JPG'}];2026-05-15T01:22:18+02:00
df530289-9b39-42fa-8961-96b191803f60;JENNYHAUS;Das Jennyhaus zählt zu den schönsten Gruppenhäusern in der Ostschweiz. Im Winter wie auch im Sommer ist das Gruppenhaus die ideale Unterkunft für Vereine, Schulklassen und alle, die eine Kombination mit der Klangwelt suchen.;<div>Das Jennyhaus verfügt über 16 Zimmer, die in Zwei- und Vierbettzimmer aufgeteilt sind, und bietet komfortable Schlafmöglichkeiten für bis zu 50 Gäste. Das historische Gebäude wurde komplett renoviert und öffnete im Juni 2025 seine Türen. Bei den Renovationsarbeiten wurde besonderer Wert auf einen hohen Ausbaustandard und die Bewahrung der historischen Elemente gelegt, die das Jennyhaus und die Toggenburger Bauweise auszeichnen. Für Musikliebhaber ist das nahegelegene Klanghaus, das im Mai 2025 eröffnet wurde, ein Highlight, ebenso wie der im Jahr 2024 neu eröffnete Klangweg, der grosse und kleine Besucher begeistert. Auch bei nassem Wetter gibt es viel zu erleben: Das Resonanzzentrum Peter Roth ist nur fünf Gehminuten entfernt und lädt zu einer faszinierenden Klangreise ein. Sportbegeisterte finden in Unterwasser eine Tennis-, Boulder- und Badmintonhalle. Weitere Ausflugsziele wie die Klangschmiede in Alt St. Johann, das Curlingzentrum in Wildhaus oder das Reka-Hallenbad bieten zusätzliche Abwechslung und Unterhaltung. Das Haus kann sowohl als Selbstkocherhaus als auch mit einem Cateringangebot gemietet werden.</div>;9.334794801457827;47.18926745;Hägis 746;9658;Wildhaus;+41 71 999 27 27;info@bergundbett.ch;https://bergundbett.ch/gruppenhaeuser/;[{'@type': 'ImageObject', 'contentUrl': 'https://ttpimtsoch.sos-ch-dk-2.exoscale-cdn.com/catalog/5/1/0/6/51065ba618a0bef80e6ba2fdb463622f4b2874be_20250402_JENNYHAUS_232_Bearbeitet__2.jpg'}];2026-05-06T13:27:47+02:00
e3713931-6018-4068-b8f5-a478a856b246;Gasthaus zum Schäfli;Unserem Gasthaus ist es ein grosses Anliegen, individuell und persönlich auf Ihre Wünsche einzugehen.  Beim  Gasthaus zum Schäfli steht der Gast mit seinen Wünschen im Vordergrund. Unsere Tätigkeit ist nicht nur unser Beruf, sondern auch unsere Leidenschaft. Wir würden uns freuen, Sie zu unseren zufriedenen Kunden zu zählen.;9.283800345257692;47.1943987;Dörflistrasse 3;9656;Alt St. Johann;071 999 24 42;info@schaeflisepp.ch;https://www.schaeflisepp.ch/;[{'@type': 'ImageObject', 'contentUrl': 'https://ttpimtsoch.sos-ch-dk-2.exoscale-cdn.com/catalog/e/d/6/3/ed63c0616a72578552fd5ccc7879bc0ec0ee8aad_20250116_114059.jpg'}];2026-07-17T04:17:59+02:00
e3a0bafc-657d-4335-968a-a7b43857768d;Klangwelt Toggenburg;Das Toggenburg, in den Voralpen der Ostschweiz gelegen, ist geprägt von einer ursprünglichen Gesangs- und Musikkultur, welche in der einheimischen Bevölkerung stark verwurzelt ist.;Wir bieten einzigartige Erlebnisse in Klangkursen, auf dem Klangweg, bei Festivals und Konzerten, in der Klangschmiede und im Klanghaus am Schwendisee. Die qualitativ hochstehenden Angebote richten sich an Laien, Hobby-Musikanten, Berufsmusiker, Geniesser, Familien oder an Personen, die sich eine neue Klangwelt eröffnen möchten.

Der Klangweg
Klangwandern Sie auf dem einzigartigen Erlebnisweg!
Über 25 Klanginstallationen freuen sich entdeckt und bespielt zu werden.  Lassen Sie beim «Röhrophon» mit Flipflops eine Melodie ertönen, erleben Sie verschiedene Schellen- und Glockentöne bei der «Glockenbühne» oder bringen Sie Wasser durch Reibung zum Springen beim «Hüpfwasser». Die vielen Klanginstallationen bieten Spass für Gross und Klein. Der Klangweg erstreckt sich über mehrere Etappen von der Alp Sellamatt über Iltios bis ins Oberdorf und ist bequem mit den Bergbahnen erreichbar. Das perfekte Familienerlebnis wird von vielzähligen Grillstellen, Bergrestaurants, Spielplätzen und der unvergleichlich authentischen Bergidylle des Toggenburgs garantiert.

Die Klangschmiede
In der 2011 eröffneten Werkstatt und Geschäftsstelle der Klangwelt Toggenburg wird das Kunsthandwerk des Schmiedens von Schellen und anderen Klangkörpern gezeigt und vermittelt. Die Klangschmiede ist ein interaktives Erlebnishaus mit verschiedenen Themenräumen.

Tauchen Sie ein in die Themen Weltall, Fauna und Flora, Naturtonmusik und Brauchtum. Und erfahren Sie mehr über Klangphänomene oder Heilung durch Klang. Ausprobieren und Experimentieren ist ausdrücklich erwünscht.

Klangkurse
Tauchen Sie ein in die Klänge der Tradition, ins Heim- und Fernweh, in eine atemberaubende Lautsphäre zwischen den Churfirsten und dem Alpstein. Bekannte Musikpersönlichkeiten und hochkarätige Kursleitende bieten ein breites Angebot an Wissensvermittlung und Kulturerlebnis für neugierige Laien und anspruchsvolle Musiker.

Das Klangfestival
Seit 2004 treffen sich alle zwei Jahre Stimmen aus aller Welt am Klangfestival Toggenburg. Dann jeweils wird die Propstei in Alt St. Johann zum Epizentrum des Naturklangs. Hier, im Tal gelebter Tradition, treffen Musikerinnen und Musiker, Sängerinnen und Sänger aus nah und fern aufeinander.

An weiteren Konzerten über das Jahr verteilt haben verschiedenste Künstlerinnen und Künstler die Möglichkeit, im Toggenburg aufzutreten.

Das Klanghaus
Das Klanghaus wird ab Mai 2025 der wichtigste Ort der Klangwelt Toggenburg werden: ein einmaliger Anziehungspunkt inmitten der Natur für Proben, Aufnahmen, Kurse, für Forschung und Experiment, mit einer exzellenten Akustik und professionellen Aufnahmemöglichkeiten.;9.27900552749634;47.19344167004296;Sonnenhalbstrasse 22;9656;Alt St. Johann;+41 71 998 50 00;info@klangwelt.ch;http://www.klangwelt.ch;[{'@type': 'ImageObject', 'contentUrl': 'https://ttpimtsoch.sos-ch-dk-2.exoscale-cdn.com/catalog/7/e/0/0/7e007517f164f273de9b657d6b4f0d1b611e6a98_Klanghaus_Cover_1024_online.jpg'}];2026-01-09T13:37:50+01:00
e41bb8b9-a378-4806-8098-1c335f67a7cb;Kutschenfahrten Müller;Gerne führen wir für Sie während des ganzen Jahres Pferdefahrten durch.

Ausflugsfahrten für:
- Geburtstag
- Hochzeit
- Jubiläum
- als Geschenksidee;Willkommen bei Müllers Kutschenfahrten.

Erleben Sie die Schönheit von Wattwil, Ebnat-Kappel und Krummenau in exklusiver Atmosphäre. Wir bieten Kutschenfahrten für Gruppen jeder Grösse an. Rufen Sie uns an, wir beraten Sie gerne.;9.112739800000003;47.271621499999995;Stegrütistrasse 3;9642;Ebnat-Kappel;079 696 79 92;mueller.ebnat-k@thurweb.ch;[{'@type': 'ImageObject', 'contentUrl': 'https://ttpimtsoch.sos-ch-dk-2.exoscale-cdn.com/catalog/c/d/b/6/cdb65904949f63754258279b018b7c6dbaa1076f_IMG_0188.JPG'}];2026-02-17T10:35:50+01:00
e42a2f95-f558-42f7-b822-76e65c266161;Die 4 U - Unterricht, Ueli, Untertor, Untergang;Auf diesem Rundgang durch Lichtensteig hören Sie spannende Anekdoten und Geschichten vom Unterricht in der ersten Schule, zum Deserteur und dem Verkehrschaos bis hin zur Club-Schliessung.;<p>An der Schlacht bei Lobositz am 1. Oktober 1756 nahm auch der Schweizer S&ouml;ldner Ulrich (<strong>Ueli</strong>) Br&auml;ker teil. In seiner Biografie beschrieb er das Erlebte eindr&uuml;cklich. Gottlieb Duttweiler kombinierte <strong>Unterricht </strong>mit Unterhaltung, ein Erfolgsmodell, welches in vielen &ouml;ffentlichen Schulen &uuml;bernommen wurde. Der Strukturwandel traf Lichtensteig hart. Der beinahe <strong>Untergang </strong>brachte jedoch auch viele Chancen. 1828 wurde das <strong>Untertor </strong>abgebrochen. Wegen der Kosten gab es Protest, viele Bewohner f&uuml;hlten sich &uuml;bergangen.</p><p><strong>Ap&eacute;ro<br></strong>Zur stimmigen Abrundung kommt ein feiner Ap&eacute;ro vor oder nach der F&uuml;hrung sehr gut an - unser Spezialangebot f&uuml;r St&auml;dtlif&uuml;hrungsgruppen finden Sie&nbsp; <a href="https://toggenburg.swiss/files/_OpenFrontend/websites/toggenburg.swiss/objects/pdf_download/ap%C3%A9ro_angebote_lichtensteig.pdf" target="_blank" rel="noopener">hier.</a>&nbsp;</p>;9.08724367618561;47.32347241941527;9620;Lichtensteig;[{'@type': 'ImageObject', 'contentUrl': 'https://ttpimtsoch.sos-ch-dk-2.exoscale-cdn.com/catalog/4/4/8/6/4486a21b5c06bf48a56262189560289453f20a3d_1KLASS_1.JPG'}];2026-03-20T16:24:18+01:00
e5729b0a-95bc-4e8d-a65e-ec22c361edc2;Gondelbahn Gamplüt;[{'@type': 'ImageObject', 'contentUrl': 'https://ttpimtsoch.sos-ch-dk-2.exoscale-cdn.com/catalog/a/e/0/6/ae06e8827b60dc7510c4be501269cb543edb0448_TT_2022_Familie_Gampl__t_Wildhaus_002.jpg'}];2026-07-22T15:23:18+02:00
e5a3aeb8-270d-4498-b003-6141186aa172;Abderhalden Drogerie AG;Der Leitsatz war immer derselbe: Die Kraft der Pflanzen nutzen, um Gesundheit und Wohlbefinden zu schaffen. ;Heute stellt die Abderhalden Drogerie rund 500 Produkte selbst her. Sie werden mit Rückblick auf bewährte, traditionelle Rezepturen erstellt, wobei auf neue, wissenschaftliche Erkenntnisse schnell reagiert werden kann. ;9.0866448;47.3004792;Bahnhofstrasse 9;9630 ;Wattwil;071 988 13 12;info@abderhaldendrogerie.ch;https://abderhaldendrogerie.ch/;[{'@type': 'ImageObject', 'contentUrl': 'https://ttpimtsoch.sos-ch-dk-2.exoscale-cdn.com/catalog/f/4/0/9/f40968479106245a9da4dbd9f2fbeba4f37235e5_Drogerie_Abderhalden_Wattwil.jpg'}];2025-12-19T15:40:55+01:00
e5d8a14b-b2cf-4658-8144-cfab75a4fde8;Jost Bürgi-Führung;Wer war das Universalgenie Jost Bürgi und was hat er mit dem Toggenburg zu tun? Die Antworten darauf gibt es auf dieser Führung durchs Städtli Lichtensteig.;<p>Jost B&uuml;rgi (1552 - 1632) war ein genialer Astronom, Mathematiker, Instrumentenbauer und Uhrmacher. Er geh&ouml;rt zu den bedeutensten Pers&ouml;nlichkeiten in seinen Fachgebieten. B&uuml;rgi schenkte der Welt die Sekunde und ist auch Entdecker eines Sternes am Firmament, der seinen Namen bekam. Symbolisch finden wir den B&uuml;rgistern als goldenen Stern in der Altstadt, dieser soll uns an das Universalgenie erinnern.</p><p>Das Universalgenie Jost B&uuml;rgi wurde im St&auml;dtli Lichtensteig geboren und ist nach einem reicherf&uuml;llten Leben in Kassel gestorben. Er wirkte in Kassel am F&uuml;rstenhof Wilhelm IV. und in Prag am Kaiserhof Rudolf II. und kam durch seine grosse Schaffenskraft zu h&ouml;chsten Ehren. Obwohl B&uuml;rgi nie eine Universit&auml;t besuchte, hat er das Universum neu geordnet. Der geniale Mathematiker baute nebst Uhren und Messinstrumente auch einzigartige Himmelsgloben. Nachdem Papst Gregor XIII. 1582 den Kalender samt Schalttag reformiert hatte, dauerte es nur vier Jahre bis B&uuml;rgi das erste mechanische System entwickelte, das die neue Zeitrechnung ber&uuml;cksichtigte. So baute er f&uuml;r Rudolf II. - Kaiser des Heiligen R&ouml;mischen Reiches in Prag - einen Himmelsglobus, der die Schaltjahre anzeigte.</p><p><strong>Ap&eacute;ro<br></strong>Zur stimmigen Abrundung kommt ein feiner Ap&eacute;ro vor oder nach der F&uuml;hrung sehr gut an - unser Spezialangebot f&uuml;r St&auml;dtlif&uuml;hrungsgruppen finden Sie&nbsp; <a href="https://toggenburg.swiss/files/_OpenFrontend/websites/toggenburg.swiss/objects/pdf_download/ap%C3%A9ro_angebote_lichtensteig.pdf" target="_blank" rel="noopener">hier.</a>&nbsp;</p><p>&nbsp;</p>;9620;Lichtensteig;[{'@type': 'ImageObject', 'contentUrl': 'https://ttpimtsoch.sos-ch-dk-2.exoscale-cdn.com/catalog/6/f/b/8/6fb863003f0511d6389a263cd777f044f2099b6a_IMG_20251103_111703.jpg'}];2026-03-20T16:24:18+01:00
e6532349-7431-4f52-8a2d-9c2ab47e3eba;Ski- und Clubhaus Pfungen;Das Ski- und Clubhaus Pfungen ist ein gemütliches Haus für Familien, Vereine, Schulen und Gruppen bis 30 Personen.;<p>Das Haus befindet sich im Toggenburg auf 1050 m ü. M., in einem schönen Ski- und Wandergebiet, direkt an der Skipiste des Skilifts Tanzboden, mit Blick auf das Säntis-Massiv. Seit 1948 dient es dem Ski-Club Pfungen als Vereinshaus.  <br>Der gemütliche Aufenthalts- und Speiseraum bietet Platz für etwa 20 Personen.  <br>Die Küche ist praktisch eingerichtet und gross.  <br>Im Keller sind genügend Abstell- und Lagermöglichkeiten vorhanden.  <br>Schöne, gemütliche Schlafräume in verschiedenen Grössen:  <br>1 × 6er-Zimmer (Kajütbetten)  <br>1 × 8er-Zimmer (Kajütbetten und Massenlager)  <br>1 × 12er-Massenlager  <br>1 × Leiterstübli (4er-Zimmer) mit Tisch und Stühlen, 2 Kajütbetten und 2 Einzelbetten  <br>Waschräume: je einer für Damen und Herren.  <br>WC: je 2 für Damen und Herren.  <br>Dusche: je eine für Damen und Herren.</p>;9.11277;47.24676;Stangen 1050;9642;Ebnat-Kappel;052 222 22 02;info@sc-pfungen.ch;https://www.sc-pfungen.ch/;[{'@type': 'ImageObject', 'contentUrl': 'https://ttpimtsoch.sos-ch-dk-2.exoscale-cdn.com/catalog/b/c/f/9/bcf97281c43b06635aef2fdc566662f70b71e83d_Pfungen_3.jpg'}];2026-03-16T19:01:41+01:00
e6b4a1d1-0d50-490c-a0e4-b00a672ee956;Kafi-Egge Pluspunkt;Gemütlich Kaffee trinken und einander begegnen. Der Dorfladen Pluspunkt mitten in Mühlrüti verfügt über eine kleine Kaffee-Ecke. Geöffnet während der Ladenöffnungszeiten.;8.98704;47.37096;Kirchweg 1;9613;Mühlrüti;+41 71 983 35 17;muehlrueti@prima.ch;[{'@type': 'ImageObject', 'contentUrl': 'https://ttpimtsoch.sos-ch-dk-2.exoscale-cdn.com/catalog/a/4/7/6/a4766a3c21d9bbaba61a4ea4f14875d0c76c7448_TT_Pluspunkt_M__hlr__ti_01.jpg'}];2026-07-11T08:35:16+02:00
e723ecde-97d6-4de9-a59c-f0df25547bc1;APODRO Drogerie Wildhaus;Ob in den Ferien, im Seminar- oder Kuraufenthalt – geeignete Einkaufsmöglichkeiten sind unersetzlich. Und wieso in die Ferne schweifen, wenn das Gute so nah liegt?;Bei der APODRO Drogerie Wildhaus stehen Natur und gute Beratung im Fokus. Angeboten wird neben klassischen Medikamenten eine grosse Palette an Naturheilmitteln wie Spagyrik, Schüssler Salze, Bachblüten, Aromatherapie, Homöopathie und reine Phytotherapie wie Tee und Urtinkturen. Dabei stehen individuell auf die Kundschaft abgestimmte Mischungen stets im Vordergrund. Das Drogeriesortiment wird mit einem auserlesenen Angebot an Nahrungsergänzungsmitteln, Kosmetik und Boutique Artikeln abgerundet. In Kombination mit biologischen Reformprodukten ergibt dies eine wunderbare Synergie.;9.3399366;47.201513;Hauptstrasse 93;9658;Wildhaus;+41 55 555 33 60;drogerie-wildhaus@apodro.ch;https://www.apodro.ch/;[{'@type': 'ImageObject', 'contentUrl': 'https://ttpimtsoch.sos-ch-dk-2.exoscale-cdn.com/catalog/a/3/7/2/a37240c2687b34c11ac38e827b4e5761e89f5e9c_APODRO_Drogerie_Wildhaus.jpg'}];2026-01-13T01:34:15+01:00
e7e1cbf6-cfea-4409-8b44-caa572fc53ae;Klangspur powered by Foxtrail;Gehen Sie rund um Alt St. Johann auf die Spur des Fuchses.;<p>L&ouml;sen Sie knifflige und abwechslungsreiche R&auml;tsel auf der Klangspur durch Alt St. Johann. Beim rund einst&uuml;ndigen Abenteuer r&auml;tseln, knobeln und kombinieren Sie im Team und erleben &Uuml;berraschendes und Unerwartetes. Eine Schnitzeljagd, die Sie in bester Erinnerung behalten werden. Bitte buchen Sie einige Tage im Voraus online den Termin. Kurzfristige Buchungen k&ouml;nnen nicht garantiert werden und m&uuml;ssen telefonisch angefragt werden. Der Start ist in der Klangschmiede Alt St. Johann, Parkpl&auml;tze hinter der Raiffeisenbank (ca. 10 Minuten Fussweg).</p><p>&nbsp;</p><p>Auskunft zur Zug&auml;nglichkeit: <a href="https://www.ginto.guide/entries/b9e22bf0-8888-4917-9da4-ef803b686604?lnk_src=business" target="_blank" rel="noopener">ginto</a></p>;9.27897870540619;47.193419883716835;Sonnenhalbstrasse 22;9656;Alt St. Johann;+41 71 998 50 00;info@klangwelt.swiss;https://klangwelt.ch/angebote/gruppenangebote/klangspur-powered-by-foxtrail;[{'@type': 'ImageObject', 'contentUrl': 'https://ttpimtsoch.sos-ch-dk-2.exoscale-cdn.com/catalog/a/0/c/c/a0cc4df6c7a9291468013774cf534f023e03b6ed_Klangspur_Foxtrail_2_Gruppenangebot_Klangwelt_Toggenburg.jpg'}];2026-07-27T12:10:44+02:00
e80cbd4d-5e42-49d7-ad9f-ac2041630448;Grillplatz Ijental, Nesslau;Im Ijental, oberhalb Nesslau, befindet sich diese gut eingerichtete Feuerstelle. Sie liegt am Klimaerlebnisweg Toggenburg.;Die Feuerstelle nach Schweizer-Familie-Standard ist eine von schweizweit über 500, die sich bestens für die Wanderverpflegung aus dem Rucksack oder für einen Tagesausflug eignet. Sie ist mit zwei Grillrosten, verfügbarem Brennholz und Sitzgelegenheiten gut eingerichtet. Sie lässt sich in gut einer Stunde ab Bergstation Rietbach auf der Wolzenalp erreichen und befindet sich am Klimaerlebnisweg Toggenburg. Idyllisch bettet sie sich in die Moorlandschaft ein, lauschig an einem kleinen See gelegen.

Kinderwagentauglich: ja (von Nesslau via Schneit), Holz: ja, Trinkwasser: nein, WC: ja, Kapazität: ca. 20
;9.16873;47.20912;[{'@type': 'ImageObject', 'contentUrl': 'https://ttpimtsoch.sos-ch-dk-2.exoscale-cdn.com/catalog/a/a/e/5/aae5e3cb1af8d0b32a63c676bb61822c55e35bb4_DJI_0007.JPG'}];2025-10-09T13:21:44+02:00
e81a458b-2303-4034-a48a-7fe5d6546a81;Restaurant National;Dorfbeiz mit Charakter, mit gemischtem Publikum, feinen Mittagsmenüs, gemütliche Gartenterrasse unter dem Kastanienbaum.;Möglichkeit für Sitzungen, Anlässe bis max. 35 Personen. Frische, regionale Produkte. Gemütliche Zimmer, mit Dusche und WC auf Etage, kein Fernseher, dafür Erholung pur.;9.0870704;47.3007668;Näppisuelistrasse 10;9630;Wattwil;+41 71 988 11 21;info@national-wattwil.ch;http://www.national-wattwil.ch/;[{'@type': 'ImageObject', 'contentUrl': 'https://ttpimtsoch.sos-ch-dk-2.exoscale-cdn.com/catalog/b/3/6/a/b36a2fd4227a634409dadab4e52315bc6c673379_2020_Wattwil_25.jpg'}];2026-05-11T17:08:38+02:00
e8e07bcd-fd33-4808-b13d-5b1112670214;Mehrzweckgebäude Chuchitobel;Die Mehrzweckanlage Chuchitobel in Wildhaus mit integrierter Bühne und grosser Küche bietet den idealen Raum für Seminare, Familienfeste, Generalversammlungen, Turnerunterhaltungen oder kulturelle Veranstaltungen.;9.351854324340822;47.204718948207436;Steintrütistrasse 2;9658;Wildhaus;+41 58 228 71 21;silvia.allmann@wildhaus-altstjohann.ch;[{'@type': 'ImageObject', 'contentUrl': 'https://ttpimtsoch.sos-ch-dk-2.exoscale-cdn.com/catalog/4/4/6/f/446fe689e707b3b7fcdb80e3bfeafc34dbbcacee_DSC00032.JPG'}];2026-08-07T12:09:17+02:00
e9c8f50d-337a-4b53-be00-e81dcd061a99;Restaurant Rössli Hüsliberg;Ein gemütliches Restaurant mit 100 Plätzen und einer wunderschönen Aussicht auf die sieben Churfirsten.;Ein köstliches Abendessen, ein herzhafter Coupe oder einfach nur ein bisschen verweilen. Und dies alles bei einer wunderschönen Aussicht. Geniessen Sie den  Blick vom Schindelberg, über die sieben Churfirsten und den Speer, bis zum Ricken. Unser Restaurant bietet eine neue Sonnenterasse, eine Veranda, sowie auch den Restaurantbereich. Für Vereine, Gesellschaften oder Hochzeiten bietet sich unser Saal mit Platz für bis zu 100 Personen optimal an. Ob fürs geniessen auf der Terrasse oder auch gemütlich hinterm Haus unter dem Kirschbaum. Egal ob entspannte Sonntagsausflüge, oder auch Wandertage, für jeden ist was dabei. 
Die Kinder können sich auf dem frisch renovierten Spielplatz nach Herzenslust austoben. Dabei haben die Eltern sie immer im Blick und können einen Kaffee unterm Kirschbaum geniessen.
Unser schönes Restaurant ist in wenigen Minuten von Ebnat-Kappel her mit dem Auto oder Töff zu erreichen, sowie auch über sämtliche Wander- und Bikerouten. 
Unser Team verwöhnt Sie gerne mit einheimischer und saisonaler Küche. Von Cordonbleues-Pommes über Fitnessteller, oder kleineren Speisen, bis hin zu Schlorzifladen. Jeder wird fündig. 
Wir freuen und auf Ihren Besuch.;9.132492542266847;47.27229195025512;Hüsliberg 546;9642;Ebnat-Kappel;+41 71 933 13 65;info@roessli-huesliberg.ch;https://www.roessli-huesliberg.ch;[{'@type': 'ImageObject', 'contentUrl': 'https://ttpimtsoch.sos-ch-dk-2.exoscale-cdn.com/catalog/9/6/f/7/96f75b1c248ea99da2131bef44a5d55be5533b92_WhatsApp_Bild_2025_09_19_um_15.22.38_e56383d2.jpg'}];2026-06-24T04:01:41+02:00
ea5e2c37-de76-446c-a852-e49a20a8ef09;BnB Alpenblick;Erholsame Tage in ländlicher Umgebung.;<p>Im 10 km von Wil entfernten L&uuml;tisburg bietet Ihnen das BnB Alpenblick eine sch&ouml;ne Sonnenterrasse sowie einen h&uuml;bschen Garten. Das WLAN im gesamten Geb&auml;ude und die Privatparkpl&auml;tze am Haus nutzen Sie kostenfrei. Die Zimmer verf&uuml;gen &uuml;ber einen Sitzbereich mit einem Flachbild-Kabel-TV. Geniessen Sie das reichhaltige, leckere Fr&uuml;hst&uuml;ck mit nat&uuml;rlichen Produkten. Das n&auml;chste Restaurant und ein Lebensmittelgesch&auml;ft befinden sich 600 m entfernt. St. Gallen erreichen Sie mit dem Auto nach 30 Minuten. Der Bahnhof L&uuml;tisburg befindet sich 2,5 km und die Bushaltestelle 200 m von der Unterkunft entfernt. Infrastruktur f&uuml;r Zweir&auml;der: - Steckdose f&uuml;r Ladeger&auml;t E-Bike - Veloraum.</p><p>&nbsp;</p><p><span data-teams="true">Auskunft zur Zug&auml;nglichkeit: <a id="menurdvq" class="fui-Link ___1q1shib f2hkw1w f3rmtva f1ewtqcl fyind8e f1k6fduh f1w7gpdv fk6fouc fjoy568 figsok6 f1s184ao f1mk8lai fnbmjn9 f1o700av f13mvf36 f1cmlufx f9n3di6 f1ids18y f1tx3yz7 f1deo86v f1eh06m1 f1iescvh fhgqx19 f1olyrje f1p93eir f1nev41a f1h8hb77 f1lqvz6u f10aw75t fsle3fq f17ae5zn" href="https://www.ginto.guide/entries/1f506cf9-0416-433e-b973-06be0699591c?lnk_src=business" target="_blank" rel="noopener" aria-label="Link OK:GO">ginto</a></span></p>;9.084014;47.397894;Speerstrasse 4;9604;Lütisburg;079 272 52 64;maya.guillebeau@bluewin.ch;https://bnb-alpenblick.business.site;[{'@type': 'ImageObject', 'contentUrl': 'https://ttpimtsoch.sos-ch-dk-2.exoscale-cdn.com/catalog/4/d/2/7/4d27de6cdc667988b4e17d8908da0f80eb57e07a_Dreier_Z_Hauptbild__2.jpg'}];2026-05-29T04:02:25+02:00
eacbec32-2d5e-4285-89d9-08d1dc93c69f;Toggenburger Brothandwerk Wildhaus;Unser bestes Produkt ist unser Handwerk. Punkt. Was bei uns aus dem Ofen kommt, ist mehr als nur Brot – es ist Toggenburger Handwerk mit Seele. Geknetet mit Wissen, geformt mit Gefühl, gebacken mit Ausdauer. Keine Tricks, kein Industrie Bla Bla – nur Zeit, Tradition;<p>Tradition, Genuss, Handwerk und manchmal etwas verr&uuml;ckte Zutaten. Entdecken Sie die Welt des echten Toggenburger Brothandwerks! In unserer Backstube verbinden wir traditionelle Rezepte mit regionalen Zutaten und moderner Handwerkskunst. Besucherinnen und Besucher k&ouml;nnen bei F&uuml;hrungen, Backkursen und Degustationen hautnah erleben, wie aus Mehl, Wasser und Leidenschaft ein unvergleichlicher Brotgenuss entsteht. Ein authentisches Erlebnis f&uuml;r Feinschmecker, Familien und Kulturinteressierte &ndash; mitten im Herzen des Toggenburgs.</p>;9.3445284;47.2022145;Hauptstrasse 116;9658;Wildhaus;071 9970671;info@brothandwerk.ch;https://brothandwerk.ch;[{'@type': 'ImageObject', 'contentUrl': 'https://ttpimtsoch.sos-ch-dk-2.exoscale-cdn.com/catalog/a/1/3/c/a13c298c2d7e1cd462a8959d6ba0565fe801e253_IMG_8836.jpg'}];2026-03-16T19:02:17+01:00
ebd0c2a5-6fdc-4670-a857-fce28504d1a0;Schererei;Herzlich willkommen in der Welt der Scherenschnitte von Jolanda Brändle. Die Tür von Laden und Galerie im Haus Schererei lädt zum Staunen, Erfreuen und Verweilen ein. Ein Besuch lohnt sich!;Angebote Haus Schererei

Laden:
Sie finden auf rund 140m2 Verkaufsfläche nebst einmaligen Originalbildern ein grosses Sortiment von Scherenschnitt-, Geschenks- und Gebrauchsartikel. 

Führungen:
Planen Sie einen Vereinsausflug, Gruppenevent, Firmenanlass oder eine Familienfeier mit einem besonderen Erlebnis?
Eine Führung durch die "Schererei" mit Präsentation des Kunsthandwerks ist immer interessant und eine Reise nach Mosnang wert.

Kurse: 
In der Schererei finden immer wieder Kurse nach Vorlagen oder mit eigener Zeichnung statt. 

Silhouetten schneiden:
Die Kunst von Silhouetten schneiden eignet sich bestens zur Auflockerung Ihres Events. Jolanda Brändle schneiden an Ihrem Anlass in wenigen Minuten Profile Ihrer Gäste detailgetreu aus schwarzem Papier - dank langjähriger Erfahrung, ohne vorzuzeichnen.

Vermietung Saal und Parkanlage
Der Schererei-Saal im 1. Obergeschoss kann gemietet werden und eignet sich ausgezeichnet für Kurse, Partys und andere Anlässe. Es stehen 70m2 Saal und zusätzlich 32m2 Bühne zur Verfügung. 
Der einladende, hübsche Park vor der Schererei eignet sich hervorragend für Apéros oder kleinere Veranstaltungen.;9.039115072098214;47.3627171;Bärenwiese 1;9607;Mosnang;+41 79 739 95 46;jolanda@schererei.ch;https://www.schererei.ch/;[{'@type': 'ImageObject', 'contentUrl': 'https://ttpimtsoch.sos-ch-dk-2.exoscale-cdn.com/catalog/6/e/b/2/6eb293a7a5e64092a45ec24383454f3aea9cac73_Aussenansicht.jpg'}];2026-01-10T03:05:18+01:00
ec43829d-772d-42de-8e32-251d5fb0d468;Unterwasser, Iltios;9.312238097190859;47.185286613728024;[{'@type': 'ImageObject', 'contentUrl': 'https://ttpimtsoch.sos-ch-dk-2.exoscale-cdn.com/catalog/1/a/b/9/1ab9f65016f42ae112ea6c489988f913cff844f4_Screenshot_2025_11_14_165128.png'}];2025-12-19T15:39:41+01:00
ee5345f5-49eb-4638-96af-96b459ae6037;The Turbine Hums – Mirre Yayla Séur;Kunst am Fluss – Leuchtende Glasformen als sichtbare Energie im Raum.;<p>Beim Kraftwerk Krummenau macht Mirre Yayla S&eacute;ur das Zusammenspiel von Energie, Zeit und Ver&auml;nderung erlebbar: Uranglas-Skulpturen fangen Licht ein und reagieren auf UV-Strahlen, w&auml;hrend subtil erg&auml;nzte Lichtinterventionen die Struktur des Kraftwerks, die Felsen und das Wasser in ein neues Licht r&uuml;cken &ndash; ein stiller Dialog zwischen Natur und Technik.</p>;9.164778;47.249250;Trempel;9643;Krummenau;+41 71 999 99 11;info@toggenburg.swiss;https://thurundneckerweg.ch;[{'@type': 'ImageObject', 'contentUrl': 'https://ttpimtsoch.sos-ch-dk-2.exoscale-cdn.com/catalog/e/3/5/6/e356e1b677db9375652e775ae83ded9424c1270d_HST_3153.jpg'}];2026-05-12T20:32:52+02:00
ee77f805-7ade-4742-be1c-352716b3e10e;Krimi-Führung;Ein spannender Rundgang zu den Schauplätzen des Kriminalromans «Angst, Haas und Seitensprung» von Petra Ivanov. ;<p>W&auml;hrend der F&uuml;hrung besuchen Sie die verschiedenen Schaupl&auml;tze des in Lichtensteig handelnden Krimis und h&ouml;ren spannende Anekdoten und Geschichten dazu.&nbsp;</p><p><strong>Ap&eacute;ro<br></strong>Zur stimmigen Abrundung kommt ein feiner Ap&eacute;ro vor oder nach der F&uuml;hrung sehr gut an - unser Spezialangebot f&uuml;r St&auml;dtlif&uuml;hrungsgruppen finden Sie&nbsp; <a href="https://toggenburg.swiss/files/_OpenFrontend/websites/toggenburg.swiss/objects/pdf_download/ap%C3%A9ro_angebote_lichtensteig.pdf" target="_blank" rel="noopener">hier.</a>&nbsp;</p>;9.08725440502167;47.323461509067094;9620;Lichtensteig;[{'@type': 'ImageObject', 'contentUrl': 'https://ttpimtsoch.sos-ch-dk-2.exoscale-cdn.com/catalog/3/e/9/f/3e9f3dc86728032099bbfed4925a6f616cd883ca_Sascha_Erni___Lo__wen_2.jpeg'}];2026-03-20T16:24:18+01:00
f0dc78df-b70a-4a58-9049-bece1ed96897;Grillplatz Stropfgarten;Die herrliche Grillstelle auf dem Chnobelweg lädt zum Verweilen ein. ;Auf dem letzten Drittel vom Chnobelweg Bächli ist der Platz mitten im Wald und gut geschützt vor der Sonne zu finden.

Ein grosser Tisch mit zwei Bänken, eine grosse Grillstelle mit Rost und Holz stehen zur Verfügung. 

Eine perfekter Ort um sich zu stärken, damit die letzten Rätsel mit "Chnobeln" schnell gelöst sind. ;9.203084;47.313843;9633 Hemberg (Bächli);info@hemberg-tourismus.ch;https://hemberg-tourismus.ch/;[{'@type': 'ImageObject', 'contentUrl': 'https://ttpimtsoch.sos-ch-dk-2.exoscale-cdn.com/catalog/0/0/d/2/00d26e1634f5ef21456520325225c7db2f3745d6_Grill_Stropfgarten_Knobelweg2.jpg', 'caption': {'de': 'Grillstelle Stropfgarten'}}];2025-10-09T13:15:06+02:00
f3a3ac7a-efaf-414d-8d42-7ec7f871bdff;Loipenkafi Säntisloipe;Mach es dir im beheizten Loipenkafi oder auf der sonnigen Terrasse bequem.;<p>Freiwillige Helfer und Mitglieder unseres Vereins sind (fast) t&auml;glich f&uuml;r dich vor Ort. Sie servieren dir gerne ein warmes Getr&auml;nk, ein Glas Wein, ein k&uuml;hles Bier. Wolldecken sind vorhanden. Nat&uuml;rlich sind auch Nicht-Langl&auml;ufer herzlich willkommen. Wir f&uuml;hren eine grosse Auswahl an kalten und warmen Getr&auml;nken. Auch f&uuml;r eine kleine Verpflegung ist gesorgt &ndash; zum Beispiel hausgemachter&sbquo; Schlorzifladen vom nahegelegenen Bauernhof. Jeden Winter bieten wir an ausgew&auml;hlten Wochenenden bei sch&ouml;nem Wetter Suppe mit Wienerli an.</p>;9.23628866672516;47.24417361147864;9651;Rietbad (Ennetbühl);[{'@type': 'ImageObject', 'contentUrl': 'https://ttpimtsoch.sos-ch-dk-2.exoscale-cdn.com/catalog/7/1/3/e/713ea1e6f2715c17fe6db3d91bc78090a555528e_loipenkafi_aussen1800x100_50.jpg'}];2026-06-13T01:21:05+02:00
f4c24e03-e6f0-4b81-a8ec-de90811c6502;Campingplatz Schafbergblick;Idyllisch gelegener Campingplatz in einem grossartigen Wander-, Ski- und Mountainbikegebiet zwischen Alpstein und Churfirsten. Direkt an der "Grand Tour of Switzerland".;<p>Unser Campingplatz bietet 64 Ganzjahrespl&auml;tze, 10 Winterstandpl&auml;tze und eine grosse Zeltwiese. Ein gem&uuml;tliches Beizli und ein einladender Aufenthaltsraum sorgen f&uuml;r das Wohl unserer G&auml;ste.</p><p>&nbsp;</p><p>Auskunft zur Zug&auml;nglichkeit:&nbsp;<a href="https://www.ginto.guide/entries/58cb6fe4-0dc2-4672-a523-61f6c5d8dd32?lnk_src=business" target="_blank" rel="noopener">ginto</a></p>;9.360909499999934;47.2001869;Hauptstrasse 160;9658;Wildhaus;+41 79 461 68 25;info@schafbergblick.ch;http://www.schafbergblick.ch/;[{'@type': 'ImageObject', 'contentUrl': 'https://ttpimtsoch.sos-ch-dk-2.exoscale-cdn.com/catalog/d/6/4/f/d64f3d840209c3c2c5ce42f28047dcce61e5e15e_DJI_0033.JPG'}];2026-04-17T12:13:09+02:00
f4d4d8fb-3560-4159-a74e-534903a99467;Ferienhaus Undereggli;Das Haus steht an traumhafter, ruhiger Lage oberhalb Ennetbühl, auf einer Sonnenterasse ca. 1000 m.ü.M. mit wunderbarer Aussicht auf Säntis, Churfirsten und Speergebiet.;INNENBEREICH

Das gemütlich eingerichtete 4 Zimmerhaus Undereggli erstreckt sich über 2 Etagen. Im Erdgeschoss befindet sich neben dem grosszügigen Eingang der Wohnraum mit einem Speicherofen und angrenzend eine grosszügige Küche. Weiter hat es ein Badezimmer mit Dusche, Badewanne und Waschmaschine. Im Obergeschoss finden Sie ein separates WC, zwei Doppelzimmer und ein Wohnzimmer mit ausziehbarer Couch.

AUSSENBEREICH
Mitten in der Landwirtschaftszone stehen verschiedene möblierte Sitzplätze mit wunderbarer Weitsicht auf Säntis, Stockberg, Churfirsten und Speergebiet zur Verfügung.;9.198608720464183;47.240642884066;Gublenstrasse 940;9651;Ennetbühl;[{'@type': 'ImageObject', 'contentUrl': 'https://ttpimtsoch.sos-ch-dk-2.exoscale-cdn.com/catalog/c/4/9/f/c49f5e199a83a6fdd31f78de3ef95c7def73db4e_a7ca3cb5d3f0974af2b6ecb620a549415a1aa3de_image.jpg'}];2025-05-17T06:20:53+02:00
f56f2ac6-bf2e-4d02-83a3-810fc3d576e6;Klanghaus Toggenburg;Das Klanghaus Toggenburg ist ein Ort, an dem Architektur, Klang und Natur in einem einzigartigen Zusammenspiel erfahrbar werden.;<p>Die R&auml;ume des Klanghauses sind wie ein Instrument gebaut und bieten den Besuchenden die M&ouml;glichkeit, den Klang und seine Resonanzen auf besondere Weise zu erleben. Zwei Aussenb&uuml;hnen laden zu Konzerten und Musikexperimenten unter freiem Himmel am Schwendisee ein. Mit seiner einzigartigen Akustik wird das Klanghaus sowohl Besucherinnen und Besucher als auch Musizierende aus nah und fern begeistern und als Ort f&uuml;r Konzerte, Kurse, Proben, Workshops.</p><p><br><strong>&Ouml;ffnungszeiten&nbsp;</strong><br>Die &Ouml;ffnungszeiten des Klanghauses richten sich nach dem Programm und den verschiedenen Veranstaltungen.</p><p><strong>Das Klanghaus erleben</strong><br>Das Klanghaus ist im Rahmen von F&uuml;hrungen, Konzerten und Kursen zug&auml;nglich. Der Besuch im Innenbereich ist in der Regel an eine Teilnahme an diesen Angeboten gebunden. F&uuml;hrungen &ndash; das zentrale Erlebnis Das Klanghaus aus n&auml;chster N&auml;he entdecken</p><p>&bull; &Ouml;ffentliche F&uuml;hrungen finden jeweils am Sonntagnachmittag statt <br>&bull; Begrenzte Teilnehmendenzahl (25 Personen) f&uuml;r ein intensives Erlebnis <br>&bull; Voranmeldung empfohlen, da die Pl&auml;tze schnell ausgebucht sind</p><p><strong>Spontan vorbeischauen</strong> <br>Auch ohne F&uuml;hrung lohnt sich ein Besuch: Das Klanghaus ist wundersch&ouml;n in die Landschaft eingebettet und kann von aussen frei besichtigt werden &ndash; ideal f&uuml;r einen Spaziergang.</p>;9.3353568;47.1956423;Vordere Schwendistrasse 61;9657;Unterwasser;+41 71 998 50 00;info@klangwelt.ch;https://klangwelt.ch;[{'@type': 'ImageObject', 'contentUrl': 'https://ttpimtsoch.sos-ch-dk-2.exoscale-cdn.com/catalog/d/1/3/e/d13e6df42c4dea304b35f7c9d2730553aa7552e6_KWT_Klanghaus_Cover_1024_small.jpg'}];2026-07-27T12:00:03+02:00
f5d3af54-a294-4e2c-b353-62a3c55b55bd;Kino Passerelle;Seit unserer Eröffnung als erstes genossenschaftliches Kino der Schweiz am 17. November 1990 gehören unsere täglichen Vorstellungen zum selbstverständlichen kulturellen Angebot des Toggenburgs.;Die Gründung der Genossenschaft Kino Passerelle ist dabei auf eine mutige Initiative aus den Reihen des ehemaligen Ciné-Clubs zurückzuführen. Nach der Schliessung des bisherigen &quot;Kino Speer&quot; 1987 konnte so mit der breiten Unterstützung der Bevölkerung wieder ein Kino im Toggenburg seine Türen öffnen.

Im November 2002 konnten ein zweiter Saal und eine Kinobar eröffnet werden. Da sich die Kinobranche in den letzten Jahren in einer starken Umbruchsphase befindet, sind auch im Kino Passerelle diverse Schritte unternommen worden, um die Zukunft zu sichern. Die Beschaffung der herkömmlichen 35mm-Filme gestaltete sich zunehmend als schwierig, weshalb 2012 die bisherigen Projektoren durch moderne Digitalprojektoren ersetzt wurden. 

Am 3. September 2016 konnte das Kino Passerelle schlussendlich auch eine komplett neue Saalbestuhlung der Öffentlichkeit präsentieren. In Anwesenheit des Regisseurs Xavier Koller wurde „Die Reise der Hoffnung“ gezeigt – der gleiche Film, der am 17. November 1990 als erster Film im Kino Passerelle vorgeführt worden war.

Die Auswahl der Filme gestalten wir sehr bewusst und sehr vielfältig. Uns liegen kulturelle Studio- und Arthouse-Filme ebenso am Herzen wie anspruchsvolle Dokumentarfilme, regionales und schweizerisches Filmschaffen und Familienfilme. Durch verschiedene Spezialanlässe, auch in Zusammenarbeit mit anderen regionalen Institutionen, möchten wir unserem Publikum ausserdem bestimmte Themen bewusst und auf attraktive Weise näherbringen.

Durch eine lokale Verankerung, ein überlegtes Filmprogramm und eine persönliche Nähe zu unseren Gästen und Genossenschafter:innen möchten wir so unserem Publikum das Tor zur weiten Welt des Films offenhalten.

Hinweis: Grosser Saal ist rollstuhlgängig; rollstuhlgerechte Toilette ist vorhanden.;9.08898;47.29702;Austrasse 3;9630;Wattwil;+41 71 988 60 50;info@kinopasserelle.ch;http://kinopasserelle.ch;[{'@type': 'ImageObject', 'contentUrl': 'https://ttpimtsoch.sos-ch-dk-2.exoscale-cdn.com/catalog/2/f/0/0/2f006e19b41939c3b485689770f11e259fbcb74f_HUG_0510.png'}];2026-01-10T03:06:32+01:00
f9306689-f765-4542-a95e-6391956f1a0d;Cafe Thurbeck Nesslau;Mit Stolz und grosser Leidenschaft sorgen wir seit 2013 für Dein Genuss. Dich tagtäglich mit unseren frischen Köstlichkeiten glücklich zu machen, ist unser oberstes Ziel.;Mit Stolz und grosser Leidenschaft sorgt das Thurbeck Team, das von Roger und Rahel Wichser geführt wird seit 2013 für Dein Genuss. Dich tagtäglich mit unseren frischen Köstlichkeiten glücklich zu machen, ist unser oberstes Ziel. Wir beliefern Firmenkunden, stärken Schüler sowie Angestellte von regionalen Unternehmen mit unserem Znüni-Service, organisieren Deinen Apéro oder bedienen Dich mit grosser Freude in unserem Ladenlokal in Wattwil. NACHHALTIGKEIT und REGIONALITÄT wird bei uns grossgeschrieben. So verarbeiten wir ausschliesslich natürliche und gesunde Rohstoffe aus dem Toggenburg und verzichten auf chemische Zusatzstoffe. Als innovatives Team entwickeln wir uns stetig weiter und erachten Kundenwünsche als wertvollen Input.;9.199265506107833;47.2257206;Hauptstrasse 29;9650;Nesslau;071 988 11 61;info@thurbeck.ch;https://www.thurbeck.ch/;[{'@type': 'ImageObject', 'contentUrl': 'https://ttpimtsoch.sos-ch-dk-2.exoscale-cdn.com/catalog/a/7/6/c/a76c477ed06a1d5bec5ad872b9a20c672236c16a_FA9ED693_5C6C_4E2E_B6B4_61ADE92D2C61.jpeg'}];2026-06-12T14:31:20+02:00
fa1c2d69-bab3-479f-af44-fe5458a37f62;Ursula's B&B;Ursulas B&B ist ein charmantes 1‑Gästezimmer-B&B, ideal für jene, die eine entspannte, persönliche Übernachtungsmöglichkeit suchen. Wie bei guten Freunden daheim – einfach im Neckertal.;<div>Ursula&rsquo;s B&amp;B ist ein charmantes Bed &amp; Breakfast im Neckertal mit einem G&auml;stezimmer &ndash; ideal f&uuml;r alle, die eine pers&ouml;nliche, ruhige und naturnahe Unterkunft im Toggenburg suchen. G&auml;ste geniessen eine sch&ouml;ne Aussicht auf die sanften H&uuml;gel des Neckertals, w&auml;hrend Wanderwege und Velorouten direkt vor der Haust&uuml;re beginnen. Zentral gelegen zwischen Bodensee, Z&uuml;richsee und Walensee ist das B&amp;B der perfekte Ausgangspunkt f&uuml;r Wanderferien in der Schweiz, Ausfl&uuml;ge zu den Churfirsten, in den Alpstein mit dem S&auml;ntis sowie f&uuml;r Tagestrips ins nahe Deutschland, &Ouml;sterreich oder Liechtenstein.</div>;9.1933638;47.3046261;Harzenmoosstrasse 6;9633;Bächli (Hemberg);+41793784102;uk@ursulakaspar.ch;https://www.toggenburg-ferien.com;[{'@type': 'ImageObject', 'contentUrl': 'https://ttpimtsoch.sos-ch-dk-2.exoscale-cdn.com/catalog/1/d/5/4/1d54ed46107bfb72eeb8d5de025ce8374f41e467_BNB_B__chli__Schlafzimmer__6_.jpg'}];2026-03-16T18:57:05+01:00
faa680df-0fea-4c3d-a965-2282b75176bf;Kalberhalle Lichtensteig;Die Kalberhalle, mitten im Herzen der Mini.Stadt Lichtensteig, eignet sich mit ihrem besonderen Charme perfekt für Ausstellungen, Konzerte, Seminare, Apéros oder als Sitzungszimmer.;Bereits 1469 hatte Abt Ulrich Rösch an der Stelle des heutigen Rathauses ein Kornhaus errichtet. 200 Jahre später wurde dieses abgebrochen. Auf dem gleichen Areal - am Abschluss der oberen Hauptgasse - entstand 1682 bis 1692 die Landvogtei, wobei die Parterreräume auch weiterhin dem Kornmarkt dienten. 1810 wurde die Landvogtei katholisches Pfarr- und Schulhaus. Nach dem Bau der neuen paritätischen Kirche 1868 und dem darauf erfolgen Domizilwechsel des Pfarrers verlegte die Stadtverwaltung ihren Sitz vom "Alten Rathaus" an der Hintergasse hierher. Mit dem Verkauf an die politische Gemeinde 1868 und der Funktionsänderung fanden wiederum entscheidende Umgestaltungen statt. So hatte u.a. der Kornmarkt dem Kälbermarkt Platz zu machen, und im ersten Stock entstand eine Wirtschaft. 1952 kam es erneut zu einer Renovation. Dabei wurde der auf der westlichen Seite des Rathauses gelegene "Freihof", eines der ältesten Häuser Lichtensteigs, abgebrochen und eine neue Markthalle erstellt. Bei dieser Gelegenheit wurde auf der Nordseite die steinerne Freitreppe erbaut, die seither in das 1. Obergeschoss führt. 

2017 wurde die Kalberhalle einer umfassenden Sanierung unterzogen, so dass sie heute als attraktiver Veranstaltungsort mit besonderem Charme angeboten werden kann.;9.087125658988954;47.32346100957683;Hauptgasse 12;9620;Lichtensteig;+41 58 228 23 92;info@lichtensteig.sg.ch;https://www.kalberhalle.ch/;[{'@type': 'ImageObject', 'contentUrl': 'https://ttpimtsoch.sos-ch-dk-2.exoscale-cdn.com/catalog/8/7/b/e/87be84cc0a849e32f3b0ad189b4a8a58afd72f47_aussenansicht.jpg'}];2026-01-30T01:11:57+01:00
fb6ab962-790a-484f-be30-a3d32ce292be;Espel Pavillon;Geniessen Sie Flammkuchen, heisse Suppen und Schlorzifladen auf der Sonnenterrasse direkt am Pistenrand;Direkt bei der Talstation der Stöfeli Bahn wurde 2017 der Espel Pavillon errichtet. Genau wie bei den vorherigen Projekten, dem Gipfelrestaurant und der Stöfeli Bahn, wurde das Architekturbüro Herzog & de Meuron für die Gestaltung beauftragt.

Durch seinen rechteckigen Holzbau mit dem kurzen First ist der Pavillon im Landschaftsbild eingebettet und behauptet sich als eigener Bautypus, wo First und Fassade einen originellen Zusammenhang darstellen. Die Verwandtschaft zum Gipfelgebäude ist dank der Holzfassade gut erkennbar.

Mit seiner grosszügigen Sonnenterrasse lädt er zum Verweilen ein und bietet den Gästen Platz, Toggenburger Spezialitäten direkt am Pistenrand zu geniessen. In der gemütlichen Gaststube bestehen weitere Plätze für das Entspannen und Geniessen an kalten und stürmischen Wintertagen zur Verfügung.;9.320333003997805;47.1842732038149;Oberguetstrasse;9657;Unterwasser;+41 71 998 68 10;info@chaeserrugg.ch;https://www.chaeserrugg.ch/de;[{'@type': 'ImageObject', 'contentUrl': 'https://ttpimtsoch.sos-ch-dk-2.exoscale-cdn.com/catalog/3/5/2/3/3523f40683799ef293287bd77fdd7f43ec993703_Bild_6_1K4A4347_Espel.JPG'}];2026-08-03T01:36:34+02:00
fc6cd66a-1b85-453e-9df7-3e73ac3d12b6;Naturbühne Hohenrain;Offene Holzplattform als Aufenthalts- und Begegnungsort.;<p>Aus heimischem Holz gefertigt, liegt diese Plattform entlang des Thur- und Neckerwegs frei im Landschaftsraum. Sie schafft eine klare, einfache Fl&auml;che im Freien &ndash; offen f&uuml;r das, was entstehen will.<br><br>Die B&uuml;hne kann spontan genutzt oder reserviert werden. Ob allein, zu zweit oder in einer kleinen Gruppe &ndash; hier entsteht Raum f&uuml;r Austausch, f&uuml;r Proben oder Trainings, Kurse und Workshops, kleine Vorf&uuml;hrungen oder f&uuml;r Team-Meetings &laquo;mal anders&raquo;. Die Naturb&uuml;hne bietet einen besonderen Rahmen f&uuml;r gemeinsame Momente in neuer Umgebung. Alternativ dient sie als Platz f&uuml;rs Picknick oder den Lunch am Mittag.</p>;9.126694;47.352194;Hohenrain;9126;Necker;+41 71 999 99 11;info@toggenburg.swiss;https://thurundneckerweg.ch;[{'@type': 'ImageObject', 'contentUrl': 'https://ttpimtsoch.sos-ch-dk-2.exoscale-cdn.com/catalog/f/3/3/1/f331c639b424ea69c0f5b71aba9549f8dbaa7e37_Neckertagl_Hohenrain.jpg'}];2026-05-08T14:34:23+02:00
ff87469d-1d47-41ff-b2ee-6655f11cb24c;Wohnmobil-Stellplatz Parkplatz Wolzenalp;Auf dem Parkplatz der Sportbahn Wolzenalp befindet sich dieser einfache Wohnmobil-Stellplatz.;Der Stellplatz befindet sich mitten im ruhigen Dorf Krummenau mit idealer Ausgangslage für Ausflüge in die Natur der Ferienregion Toggenburg. Gäste übernachten am Ufer der Thur auf dem grosszügigen, ganztags besonnten Parkplatz, nur einen Steinwurf entfernt zur Talstation der Bergbahn, die bequem ins Naturerlebnis Wolzenalp befördert. Zum Dorfzentrum (Restaurants, öV und kleine Einkaufsmöglichkeit) sind es wenige Gehminuten.
Der Stellplatz kommt vorerst ohne weitere Infrastuktur aus und eignet sich ideal für spontane Gäste und Weiterreisende. Der Stellplatz steht ganzjährig zur Verfügung.

Ein Stellplatz wird ausschliesslich bequem online vor Ort gebucht.;9.16994;47.24632;Sonnenwiese;9643;Krummenau;+41 71 994 11 61;kasse@wolzenalp.ch;http://www.wolzenalp.ch;[{'@type': 'ImageObject', 'contentUrl': 'https://ttpimtsoch.sos-ch-dk-2.exoscale-cdn.com/catalog/7/7/1/4/7714f322d3ad8c8c13a6625bd167fac502a0d9bf_Stellplatz_Handyfoto.jpg'}];2025-10-10T07:22:28+02:00
